case_id,phase,claim_id,value,display_value,unit,column,derived,resolution,status,matched_fact
A-C01,core,c0,15370014.180000028,"SAR 15,370,014 million",SAR million,ead,FALSE,artifact_cell,SUPPORTED_CORRECT,R:total:ead:2026Q2
A-C02,core,c0,4198013.49,"SAR 4,198,013 million",SAR million,ead_s2,FALSE,artifact_cell,SUPPORTED_CORRECT,R:total:ead_s2:2026Q2
A-C03,core,c0,1252521.7199999997,"SAR 1,252,522 million",SAR million,ead_s3,FALSE,artifact_cell,SUPPORTED_CORRECT,R:total:ead_s3:2026Q2
A-C04,core,c0,9919478.970000017,"SAR 9,919,479 million",SAR million,ead_s1,FALSE,artifact_cell,SUPPORTED_CORRECT,R:total:ead_s1:2026Q2
A-C05,core,c0,779475.349899997,"SAR 779,475 million",SAR million,ecl,FALSE,artifact_cell,SUPPORTED_CORRECT,R:total:ecl:2026Q2
A-C06,core,c0,9919478.970000017,"SAR 9,919,479 million",SAR million,ead,FALSE,artifact_cell,SUPPORTED_CORRECT,R:stage=1:ead:2026Q2
A-C06,core,c1,4198013.49,"SAR 4,198,013 million",SAR million,ead,FALSE,artifact_cell,SUPPORTED_CORRECT,R:stage=2:ead:2026Q2
A-C06,core,c2,1252521.7199999997,"SAR 1,252,522 million",SAR million,ead,FALSE,artifact_cell,SUPPORTED_CORRECT,R:stage=3:ead:2026Q2
A-C07,core,c0,1016613.6399999993,"SAR 1,016,614 million",SAR million,ead_s2,FALSE,artifact_cell,SUPPORTED_CORRECT,R:sector=Construction:ead_s2:2026Q2
A-C07,core,c1,830809.330000001,"SAR 830,809 million",SAR million,ead_s2,FALSE,artifact_cell,SUPPORTED_CORRECT,R:sector=Real Estate:ead_s2:2026Q2
A-C07,core,c2,448103.25,"SAR 448,103 million",SAR million,ead_s2,FALSE,artifact_cell,SUPPORTED_CORRECT,R:sector=Hospitality:ead_s2:2026Q2
A-C07,core,c3,444209.83999999997,"SAR 444,210 million",SAR million,ead_s2,FALSE,artifact_cell,SUPPORTED_CORRECT,R:sector=Retail Trade:ead_s2:2026Q2
A-C07,core,c4,300040.6899999999,"SAR 300,041 million",SAR million,ead_s2,FALSE,artifact_cell,SUPPORTED_CORRECT,R:sector=Manufacturing:ead_s2:2026Q2
A-C07,core,c5,260060.50999999998,"SAR 260,061 million",SAR million,ead_s2,FALSE,artifact_cell,SUPPORTED_CORRECT,R:sector=Transport and Logistics:ead_s2:2026Q2
A-C07,core,c6,182535.55000000005,"SAR 182,536 million",SAR million,ead_s2,FALSE,artifact_cell,SUPPORTED_CORRECT,R:sector=Agriculture and Agri-processing:ead_s2:2026Q2
A-C07,core,c7,141124.11999999997,"SAR 141,124 million",SAR million,ead_s2,FALSE,artifact_cell,SUPPORTED_CORRECT,R:sector=Wholesale Trade:ead_s2:2026Q2
A-C07,core,c8,134516.96000000002,"SAR 134,517 million",SAR million,ead_s2,FALSE,artifact_cell,SUPPORTED_CORRECT,R:sector=Metals and Mining:ead_s2:2026Q2
A-C07,core,c9,100017.29,"SAR 100,017 million",SAR million,ead_s2,FALSE,artifact_cell,SUPPORTED_CORRECT,R:sector=Information Technology:ead_s2:2026Q2
A-C07,core,c10,97638.81999999996,"SAR 97,639 million",SAR million,ead_s2,FALSE,artifact_cell,SUPPORTED_CORRECT,R:sector=Chemicals:ead_s2:2026Q2
A-C07,core,c11,96312.14000000001,"SAR 96,312 million",SAR million,ead_s2,FALSE,artifact_cell,SUPPORTED_CORRECT,R:sector=Healthcare:ead_s2:2026Q2
A-C07,core,c12,92096.88000000002,"SAR 92,097 million",SAR million,ead_s2,FALSE,artifact_cell,SUPPORTED_CORRECT,R:sector=Telecommunications:ead_s2:2026Q2
A-C07,core,c13,53934.46999999998,"SAR 53,934 million",SAR million,ead_s2,FALSE,artifact_cell,SUPPORTED_CORRECT,R:sector=Power and Utilities:ead_s2:2026Q2
A-C08,core,c0,1869524.5800000012,"SAR 1,869,525 million",SAR million,ead,FALSE,artifact_cell,SUPPORTED_CORRECT,R:sector=Construction:ead:2026Q2
A-C08,core,c1,1614126.7599999988,"SAR 1,614,127 million",SAR million,ead,FALSE,artifact_cell,SUPPORTED_CORRECT,R:sector=Real Estate:ead:2026Q2
A-C08,core,c2,1345476.259999997,"SAR 1,345,476 million",SAR million,ead,FALSE,artifact_cell,SUPPORTED_CORRECT,R:sector=Manufacturing:ead:2026Q2
A-C08,core,c3,1139204.0499999986,"SAR 1,139,204 million",SAR million,ead,FALSE,artifact_cell,SUPPORTED_CORRECT,R:sector=Transport and Logistics:ead:2026Q2
A-C08,core,c4,1114146.0300000005,"SAR 1,114,146 million",SAR million,ead,FALSE,artifact_cell,SUPPORTED_CORRECT,R:sector=Hospitality:ead:2026Q2
A-C08,core,c5,1084802.6099999985,"SAR 1,084,803 million",SAR million,ead,FALSE,artifact_cell,SUPPORTED_CORRECT,R:sector=Retail Trade:ead:2026Q2
A-C08,core,c6,1044725.419999999,"SAR 1,044,725 million",SAR million,ead,FALSE,artifact_cell,SUPPORTED_CORRECT,R:sector=Chemicals:ead:2026Q2
A-C08,core,c7,967189.9700000006,"SAR 967,190 million",SAR million,ead,FALSE,artifact_cell,SUPPORTED_CORRECT,R:sector=Wholesale Trade:ead:2026Q2
A-C08,core,c8,960477.909999999,"SAR 960,478 million",SAR million,ead,FALSE,artifact_cell,SUPPORTED_CORRECT,R:sector=Information Technology:ead:2026Q2
A-C08,core,c9,948211.2299999989,"SAR 948,211 million",SAR million,ead,FALSE,artifact_cell,SUPPORTED_CORRECT,R:sector=Power and Utilities:ead:2026Q2
A-C08,core,c10,938348.6000000003,"SAR 938,349 million",SAR million,ead,FALSE,artifact_cell,SUPPORTED_CORRECT,R:sector=Healthcare:ead:2026Q2
A-C08,core,c11,895138.3000000005,"SAR 895,138 million",SAR million,ead,FALSE,artifact_cell,SUPPORTED_CORRECT,R:sector=Agriculture and Agri-processing:ead:2026Q2
A-C08,core,c12,763418.8799999993,"SAR 763,419 million",SAR million,ead,FALSE,artifact_cell,SUPPORTED_CORRECT,R:sector=Metals and Mining:ead:2026Q2
A-C08,core,c13,685223.5799999989,"SAR 685,224 million",SAR million,ead,FALSE,artifact_cell,SUPPORTED_CORRECT,R:sector=Telecommunications:ead:2026Q2
A-C09,core,c0,275511.74239999935,"SAR 275,512 million",SAR million,ecl,FALSE,artifact_cell,SUPPORTED_CORRECT,R:sector=Construction:ecl:2026Q2
A-C09,core,c1,185429.63859999974,"SAR 185,430 million",SAR million,ecl,FALSE,artifact_cell,SUPPORTED_CORRECT,R:sector=Real Estate:ecl:2026Q2
A-C09,core,c2,58920.025799999945,"SAR 58,920 million",SAR million,ecl,FALSE,artifact_cell,SUPPORTED_CORRECT,R:sector=Hospitality:ecl:2026Q2
A-C09,core,c3,50052.15790000002,"SAR 50,052 million",SAR million,ecl,FALSE,artifact_cell,SUPPORTED_CORRECT,R:sector=Retail Trade:ecl:2026Q2
A-C09,core,c4,39188.25420000007,"SAR 39,188 million",SAR million,ecl,FALSE,artifact_cell,SUPPORTED_CORRECT,R:sector=Transport and Logistics:ecl:2026Q2
A-C10,core,c0,12938.509999999997,"SAR 12,939 million",SAR million,ead_s3,FALSE,artifact_cell,SUPPORTED_CORRECT,R:sector=Power and Utilities:ead_s3:2026Q2
A-C10,core,c1,13259.330000000005,"SAR 13,259 million",SAR million,ead_s3,FALSE,artifact_cell,SUPPORTED_CORRECT,R:sector=Information Technology:ead_s3:2026Q2
A-C10,core,c2,14786.740000000003,"SAR 14,787 million",SAR million,ead_s3,FALSE,artifact_cell,SUPPORTED_CORRECT,R:sector=Telecommunications:ead_s3:2026Q2
A-C11,core,c0,3672296.8600000003,"SAR 3,672,297 million",SAR million,ead,FALSE,artifact_cell,SUPPORTED_CORRECT,R:region=Eastern Province:ead:2026Q2
A-C11,core,c1,3602758.5500000017,"SAR 3,602,759 million",SAR million,ead,FALSE,artifact_cell,SUPPORTED_CORRECT,R:region=Riyadh:ead:2026Q2
A-C11,core,c2,2718546.130000003,"SAR 2,718,546 million",SAR million,ead,FALSE,artifact_cell,SUPPORTED_CORRECT,R:region=Makkah:ead:2026Q2
A-C11,core,c3,1538066.730000001,"SAR 1,538,067 million",SAR million,ead,FALSE,artifact_cell,SUPPORTED_CORRECT,R:region=Madinah:ead:2026Q2
A-C11,core,c4,1036610.7099999988,"SAR 1,036,611 million",SAR million,ead,FALSE,artifact_cell,SUPPORTED_CORRECT,R:region=Qassim:ead:2026Q2
A-C11,core,c5,766866.74,"SAR 766,867 million",SAR million,ead,FALSE,artifact_cell,SUPPORTED_CORRECT,R:region=Hail:ead:2026Q2
A-C11,core,c6,760991.5100000006,"SAR 760,992 million",SAR million,ead,FALSE,artifact_cell,SUPPORTED_CORRECT,R:region=Asir:ead:2026Q2
A-C11,core,c7,521424.9699999998,"SAR 521,425 million",SAR million,ead,FALSE,artifact_cell,SUPPORTED_CORRECT,R:region=Tabuk:ead:2026Q2
A-C11,core,c8,492210.8699999997,"SAR 492,211 million",SAR million,ead,FALSE,artifact_cell,SUPPORTED_CORRECT,R:region=Northern Borders:ead:2026Q2
A-C11,core,c9,260241.10999999996,"SAR 260,241 million",SAR million,ead,FALSE,artifact_cell,SUPPORTED_CORRECT,R:region=Najran:ead:2026Q2
A-C12,core,c0,0.05071402932824071,0.05x,ratio,coverage,FALSE,artifact_cell,SUPPORTED_CORRECT,R:total:coverage:2026Q2
A-C13,core,c0,0.2731300986997523,0.27x,ratio,s2_share,FALSE,artifact_cell,SUPPORTED_CORRECT,R:total:s2_share:2026Q2
A-C14,core,c0,0.5437819063068957,0.54x,ratio,s2_share,FALSE,artifact_cell,SUPPORTED_CORRECT,R:sector=Construction:s2_share:2026Q2
A-C14,core,c1,0.5147113291151939,0.51x,ratio,s2_share,FALSE,artifact_cell,SUPPORTED_CORRECT,R:sector=Real Estate:s2_share:2026Q2
A-C14,core,c2,0.40948448676759786,0.41x,ratio,s2_share,FALSE,artifact_cell,SUPPORTED_CORRECT,R:sector=Retail Trade:s2_share:2026Q2
A-C14,core,c3,0.4021943604645791,0.40x,ratio,s2_share,FALSE,artifact_cell,SUPPORTED_CORRECT,R:sector=Hospitality:s2_share:2026Q2
A-C14,core,c4,0.22828264172691476,0.23x,ratio,s2_share,FALSE,artifact_cell,SUPPORTED_CORRECT,R:sector=Transport and Logistics:s2_share:2026Q2
A-C14,core,c5,0.22299961650754102,0.22x,ratio,s2_share,FALSE,artifact_cell,SUPPORTED_CORRECT,R:sector=Manufacturing:s2_share:2026Q2
A-C14,core,c6,0.20391882461067742,0.20x,ratio,s2_share,FALSE,artifact_cell,SUPPORTED_CORRECT,R:sector=Agriculture and Agri-processing:s2_share:2026Q2
A-C14,core,c7,0.1762033446173091,0.18x,ratio,s2_share,FALSE,artifact_cell,SUPPORTED_CORRECT,R:sector=Metals and Mining:s2_share:2026Q2
A-C14,core,c8,0.14591148003737042,0.15x,ratio,s2_share,FALSE,artifact_cell,SUPPORTED_CORRECT,R:sector=Wholesale Trade:s2_share:2026Q2
A-C14,core,c9,0.13440413127639328,0.13x,ratio,s2_share,FALSE,artifact_cell,SUPPORTED_CORRECT,R:sector=Telecommunications:s2_share:2026Q2
A-C14,core,c10,0.10413283737051288,0.10x,ratio,s2_share,FALSE,artifact_cell,SUPPORTED_CORRECT,R:sector=Information Technology:s2_share:2026Q2
A-C14,core,c11,0.10264004230410743,0.10x,ratio,s2_share,FALSE,artifact_cell,SUPPORTED_CORRECT,R:sector=Healthcare:s2_share:2026Q2
A-C14,core,c12,0.09345883437965935,0.09x,ratio,s2_share,FALSE,artifact_cell,SUPPORTED_CORRECT,R:sector=Chemicals:s2_share:2026Q2
A-C14,core,c13,0.056880226993304056,0.06x,ratio,s2_share,FALSE,artifact_cell,SUPPORTED_CORRECT,R:sector=Power and Utilities:s2_share:2026Q2
A-C15,core,c0,15041509.339999994,"SAR 15,041,509 million",SAR million,ead,FALSE,artifact_cell,SUPPORTED_CORRECT,R:total:ead:2026Q1
A-C16,core,c0,148751.1100000213,"SAR 148,751 million",SAR million,ead_s2_abs_change,FALSE,artifact_cell,SUPPORTED_CORRECT,R:total:ead_s2:abs_change:2026Q2 vs 2026Q1
A-C17,core,c0,18999.53000000096,"SAR 19,000 million",SAR million,ead_abs_change,FALSE,artifact_cell,SUPPORTED_CORRECT,R:sector=Agriculture and Agri-processing:ead:abs_change:2026Q2 vs 2026Q1
A-C17,core,c1,24740.36999999825,"SAR 24,740 million",SAR million,ead_abs_change,FALSE,artifact_cell,SUPPORTED_CORRECT,R:sector=Chemicals:ead:abs_change:2026Q2 vs 2026Q1
A-C17,core,c2,54197.03000000119,"SAR 54,197 million",SAR million,ead_abs_change,FALSE,artifact_cell,SUPPORTED_CORRECT,R:sector=Construction:ead:abs_change:2026Q2 vs 2026Q1
A-C17,core,c3,15835.639999999548,"SAR 15,836 million",SAR million,ead_abs_change,FALSE,artifact_cell,SUPPORTED_CORRECT,R:sector=Healthcare:ead:abs_change:2026Q2 vs 2026Q1
A-C17,core,c4,25317.730000000447,"SAR 25,318 million",SAR million,ead_abs_change,FALSE,artifact_cell,SUPPORTED_CORRECT,R:sector=Hospitality:ead:abs_change:2026Q2 vs 2026Q1
A-C17,core,c5,13880.390000000363,"SAR 13,880 million",SAR million,ead_abs_change,FALSE,artifact_cell,SUPPORTED_CORRECT,R:sector=Information Technology:ead:abs_change:2026Q2 vs 2026Q1
A-C17,core,c6,34534.48999999836,"SAR 34,534 million",SAR million,ead_abs_change,FALSE,artifact_cell,SUPPORTED_CORRECT,R:sector=Manufacturing:ead:abs_change:2026Q2 vs 2026Q1
A-C17,core,c7,12615.629999998491,"SAR 12,616 million",SAR million,ead_abs_change,FALSE,artifact_cell,SUPPORTED_CORRECT,R:sector=Metals and Mining:ead:abs_change:2026Q2 vs 2026Q1
A-C17,core,c8,13276.549999999232,"SAR 13,277 million",SAR million,ead_abs_change,FALSE,artifact_cell,SUPPORTED_CORRECT,R:sector=Power and Utilities:ead:abs_change:2026Q2 vs 2026Q1
A-C17,core,c9,37358.64999999874,"SAR 37,359 million",SAR million,ead_abs_change,FALSE,artifact_cell,SUPPORTED_CORRECT,R:sector=Real Estate:ead:abs_change:2026Q2 vs 2026Q1
A-C17,core,c10,22320.979999999516,"SAR 22,321 million",SAR million,ead_abs_change,FALSE,artifact_cell,SUPPORTED_CORRECT,R:sector=Retail Trade:ead:abs_change:2026Q2 vs 2026Q1
A-C17,core,c11,15350.069999998435,"SAR 15,350 million",SAR million,ead_abs_change,FALSE,artifact_cell,SUPPORTED_CORRECT,R:sector=Telecommunications:ead:abs_change:2026Q2 vs 2026Q1
A-C17,core,c12,19136.230000000214,"SAR 19,136 million",SAR million,ead_abs_change,FALSE,artifact_cell,SUPPORTED_CORRECT,R:sector=Transport and Logistics:ead:abs_change:2026Q2 vs 2026Q1
A-C17,core,c13,20941.550000001444,"SAR 20,942 million",SAR million,ead_abs_change,FALSE,artifact_cell,SUPPORTED_CORRECT,R:sector=Wholesale Trade:ead:abs_change:2026Q2 vs 2026Q1
A-C18,core,c0,0.09275806044284704,0.09x,ratio,pd_w,FALSE,artifact_cell,SUPPORTED_CORRECT,R:total:pd_w:2026Q2
A-C19,core,c0,48.056324356040285,48.06%,percent,lgd_w,FALSE,artifact_cell,SUPPORTED_CORRECT,R:sector=Construction:lgd_w:2026Q2
A-C19,core,c1,47.23662175004774,47.24%,percent,lgd_w,FALSE,artifact_cell,SUPPORTED_CORRECT,R:sector=Real Estate:lgd_w:2026Q2
A-C19,core,c2,45.25245389453116,45.25%,percent,lgd_w,FALSE,artifact_cell,SUPPORTED_CORRECT,R:sector=Hospitality:lgd_w:2026Q2
A-C19,core,c3,44.70980283699727,44.71%,percent,lgd_w,FALSE,artifact_cell,SUPPORTED_CORRECT,R:sector=Retail Trade:lgd_w:2026Q2
A-C19,core,c4,43.20240435855784,43.20%,percent,lgd_w,FALSE,artifact_cell,SUPPORTED_CORRECT,R:sector=Manufacturing:lgd_w:2026Q2
A-C19,core,c5,43.103465763653226,43.10%,percent,lgd_w,FALSE,artifact_cell,SUPPORTED_CORRECT,R:sector=Transport and Logistics:lgd_w:2026Q2
A-C19,core,c6,42.56714594835231,42.57%,percent,lgd_w,FALSE,artifact_cell,SUPPORTED_CORRECT,R:sector=Agriculture and Agri-processing:lgd_w:2026Q2
A-C19,core,c7,42.37301462245368,42.37%,percent,lgd_w,FALSE,artifact_cell,SUPPORTED_CORRECT,R:sector=Telecommunications:lgd_w:2026Q2
A-C19,core,c8,42.294432614360055,42.29%,percent,lgd_w,FALSE,artifact_cell,SUPPORTED_CORRECT,R:sector=Wholesale Trade:lgd_w:2026Q2
A-C19,core,c9,41.94866869350942,41.95%,percent,lgd_w,FALSE,artifact_cell,SUPPORTED_CORRECT,R:sector=Metals and Mining:lgd_w:2026Q2
A-C19,core,c10,41.40756265825937,41.41%,percent,lgd_w,FALSE,artifact_cell,SUPPORTED_CORRECT,R:sector=Healthcare:lgd_w:2026Q2
A-C19,core,c11,41.28845675576651,41.29%,percent,lgd_w,FALSE,artifact_cell,SUPPORTED_CORRECT,R:sector=Chemicals:lgd_w:2026Q2
A-C19,core,c12,40.577617145989294,40.58%,percent,lgd_w,FALSE,artifact_cell,SUPPORTED_CORRECT,R:sector=Information Technology:lgd_w:2026Q2
A-C19,core,c13,40.17055358644085,40.17%,percent,lgd_w,FALSE,artifact_cell,SUPPORTED_CORRECT,R:sector=Power and Utilities:lgd_w:2026Q2
A-C20,core,c0,705555.93,"SAR 705,556 million",SAR million,dpd90_ead,FALSE,artifact_cell,SUPPORTED_CORRECT,R:total:dpd90_ead:2026Q2
A-C21,core,c0,143665.59090000004,"SAR 143,666 million",SAR million,ecl,FALSE,artifact_cell,SUPPORTED_CORRECT,R:product_type=project_finance:ecl:2026Q2
A-C21,core,c1,137328.31350000005,"SAR 137,328 million",SAR million,ecl,FALSE,artifact_cell,SUPPORTED_CORRECT,R:product_type=term_loan:ecl:2026Q2
A-C21,core,c2,125611.87530000013,"SAR 125,612 million",SAR million,ecl,FALSE,artifact_cell,SUPPORTED_CORRECT,R:product_type=working_capital:ecl:2026Q2
A-C21,core,c3,89900.8456000001,"SAR 89,901 million",SAR million,ecl,FALSE,artifact_cell,SUPPORTED_CORRECT,R:product_type=supply_chain_finance:ecl:2026Q2
A-C21,core,c4,86805.51219999988,"SAR 86,806 million",SAR million,ecl,FALSE,artifact_cell,SUPPORTED_CORRECT,R:product_type=trade_finance:ecl:2026Q2
A-C21,core,c5,82819.66589999999,"SAR 82,820 million",SAR million,ecl,FALSE,artifact_cell,SUPPORTED_CORRECT,R:product_type=revolving_credit:ecl:2026Q2
A-C21,core,c6,58901.102299999955,"SAR 58,901 million",SAR million,ecl,FALSE,artifact_cell,SUPPORTED_CORRECT,R:product_type=asset_finance:ecl:2026Q2
A-C21,core,c7,54442.444200000005,"SAR 54,442 million",SAR million,ecl,FALSE,artifact_cell,SUPPORTED_CORRECT,R:product_type=overdraft:ecl:2026Q2
A-C22,core,c0,14432.08,"SAR 14,432 million",SAR million,ead,FALSE,artifact_cell,SUPPORTED_CORRECT,R:borrower_name=Rawabi Industrial Works:ead
A-C22,core,c1,11550.900000000001,"SAR 11,551 million",SAR million,ead,FALSE,artifact_cell,SUPPORTED_CORRECT,R:borrower_name=Najd Manufacturing:ead
A-C22,core,c2,10728.23,"SAR 10,728 million",SAR million,ead,FALSE,artifact_cell,SUPPORTED_CORRECT,R:borrower_name=Tuwaiq Construction:ead
A-C22,core,c3,8176.719999999999,"SAR 8,177 million",SAR million,ead,FALSE,artifact_cell,SUPPORTED_CORRECT,R:borrower_name=Gulf Horizon Trading:ead
A-C22,core,c4,7329.26,"SAR 7,329 million",SAR million,ead,FALSE,artifact_cell,SUPPORTED_CORRECT,R:borrower_name=Al Rawdah Real Estate:ead
A-C22,core,c5,6825.910000000001,"SAR 6,826 million",SAR million,ead,FALSE,artifact_cell,SUPPORTED_CORRECT,R:borrower_name=Taif Western Properties:ead
A-C22,core,c6,6623.97,"SAR 6,624 million",SAR million,ead,FALSE,artifact_cell,SUPPORTED_CORRECT,R:borrower_name=Arar National Medical:ead
A-C22,core,c7,6576.0,"SAR 6,576 million",SAR million,ead,FALSE,artifact_cell,SUPPORTED_CORRECT,R:borrower_name=Arar Eastern Hospitality:ead
A-C22,core,c8,6571.010000000001,"SAR 6,571 million",SAR million,ead,FALSE,artifact_cell,SUPPORTED_CORRECT,R:borrower_name=Al Kharj United Engineering:ead
A-C22,core,c9,6514.379999999999,"SAR 6,514 million",SAR million,ead,FALSE,artifact_cell,SUPPORTED_CORRECT,R:borrower_name=Khamis Mushait Prime Telecom:ead
A-C23,core,c0,1862.0,"1,862",count,n_s3,FALSE,artifact_cell,SUPPORTED_CORRECT,R:total:n_s3:2026Q2
A-C24,core,c0,5164537.989999988,"SAR 5,164,538 million",SAR million,ead,FALSE,artifact_cell,SUPPORTED_CORRECT,R:relationship_tier=Strategic:ead:2026Q2
A-C24,core,c1,5112087.88000001,"SAR 5,112,088 million",SAR million,ead,FALSE,artifact_cell,SUPPORTED_CORRECT,R:relationship_tier=Core:ead:2026Q2
A-C24,core,c2,5093388.310000008,"SAR 5,093,388 million",SAR million,ead,FALSE,artifact_cell,SUPPORTED_CORRECT,R:relationship_tier=Transactional:ead:2026Q2
A-C25,core,c0,9919478.970000017,"SAR 9,919,479 million",SAR million,ead_s1,FALSE,artifact_cell,SUPPORTED_CORRECT,R:total:ead_s1:2026Q2
A-C25,core,c1,4198013.49,"SAR 4,198,013 million",SAR million,ead_s2,FALSE,artifact_cell,SUPPORTED_CORRECT,R:total:ead_s2:2026Q2
A-C25,core,c2,1252521.7199999997,"SAR 1,252,522 million",SAR million,ead_s3,FALSE,artifact_cell,SUPPORTED_CORRECT,R:total:ead_s3:2026Q2
A-C25,core,c3,15370014.180000028,"SAR 15,370,014 million",SAR million,ead,FALSE,artifact_cell,SUPPORTED_CORRECT,R:total:ead:2026Q2
A-R01,core,c0,19738.832140000075,"SAR 19,739 million",SAR million,ead,FALSE,artifact_cell,SUPPORTED_CORRECT,R:total:ead:2026-08
A-R02,core,c0,947.207019999999,SAR 947 million,SAR million,ead_s2,FALSE,artifact_cell,SUPPORTED_CORRECT,R:total:ead_s2:2026-08
A-R03,core,c0,184.85221999999996,SAR 185 million,SAR million,ead_s3,FALSE,artifact_cell,SUPPORTED_CORRECT,R:total:ead_s3:2026-08
A-R04,core,c0,224.55657799999955,SAR 225 million,SAR million,ecl,FALSE,artifact_cell,SUPPORTED_CORRECT,R:total:ecl:2026-08
A-R05,core,c0,16648.92203999996,"SAR 16,649 million",SAR million,ead,FALSE,artifact_cell,SUPPORTED_CORRECT,R:product=Mortgage:ead:2026-08
A-R05,core,c1,1796.9443000000022,"SAR 1,797 million",SAR million,ead,FALSE,artifact_cell,SUPPORTED_CORRECT,R:product=Personal Finance:ead:2026-08
A-R05,core,c2,740.8253000000019,SAR 741 million,SAR million,ead,FALSE,artifact_cell,SUPPORTED_CORRECT,R:product=Auto Finance:ead:2026-08
A-R05,core,c3,513.1842799999981,SAR 513 million,SAR million,ead,FALSE,artifact_cell,SUPPORTED_CORRECT,R:product=Credit Card:ead:2026-08
A-R05,core,c4,38.95622000000003,SAR 39 million,SAR million,ead,FALSE,artifact_cell,SUPPORTED_CORRECT,R:product=Buy Now Pay Later:ead:2026-08
A-R06,core,c0,600.7501900000005,SAR 601 million,SAR million,ead_s2,FALSE,artifact_cell,SUPPORTED_CORRECT,R:product=Mortgage:ead_s2:2026-08
A-R06,core,c1,213.63617999999994,SAR 214 million,SAR million,ead_s2,FALSE,artifact_cell,SUPPORTED_CORRECT,R:product=Personal Finance:ead_s2:2026-08
A-R06,core,c2,109.60529,SAR 110 million,SAR million,ead_s2,FALSE,artifact_cell,SUPPORTED_CORRECT,R:product=Credit Card:ead_s2:2026-08
A-R06,core,c3,15.77941,SAR 16 million,SAR million,ead_s2,FALSE,artifact_cell,SUPPORTED_CORRECT,R:product=Auto Finance:ead_s2:2026-08
A-R06,core,c4,7.435949999999996,SAR 7 million,SAR million,ead_s2,FALSE,artifact_cell,SUPPORTED_CORRECT,R:product=Buy Now Pay Later:ead_s2:2026-08
A-R07,core,c0,108.16221700000004,SAR 108 million,SAR million,ecl,FALSE,artifact_cell,SUPPORTED_CORRECT,R:product=Personal Finance:ecl:2026-08
A-R07,core,c1,59.75023299999997,SAR 60 million,SAR million,ecl,FALSE,artifact_cell,SUPPORTED_CORRECT,R:product=Credit Card:ecl:2026-08
A-R07,core,c2,45.1441569999999,SAR 45 million,SAR million,ecl,FALSE,artifact_cell,SUPPORTED_CORRECT,R:product=Mortgage:ecl:2026-08
A-R07,core,c3,8.820380999999976,SAR 9 million,SAR million,ecl,FALSE,artifact_cell,SUPPORTED_CORRECT,R:product=Auto Finance:ecl:2026-08
A-R07,core,c4,2.6795900000000055,SAR 3 million,SAR million,ecl,FALSE,artifact_cell,SUPPORTED_CORRECT,R:product=Buy Now Pay Later:ecl:2026-08
A-R08,core,c0,18606.772899999996,"SAR 18,607 million",SAR million,ead,FALSE,artifact_cell,SUPPORTED_CORRECT,R:stage=1:ead:2026-08
A-R08,core,c1,947.207019999999,SAR 947 million,SAR million,ead,FALSE,artifact_cell,SUPPORTED_CORRECT,R:stage=2:ead:2026-08
A-R08,core,c2,184.85221999999996,SAR 185 million,SAR million,ead,FALSE,artifact_cell,SUPPORTED_CORRECT,R:stage=3:ead:2026-08
A-R09,core,c0,2523.000039999996,"SAR 2,523 million",SAR million,ead,FALSE,artifact_cell,SUPPORTED_CORRECT,R:region=Tabuk:ead:2026-08
A-R09,core,c1,2500.69363,"SAR 2,501 million",SAR million,ead,FALSE,artifact_cell,SUPPORTED_CORRECT,R:region=Eastern Province:ead:2026-08
A-R09,core,c2,2469.290389999998,"SAR 2,469 million",SAR million,ead,FALSE,artifact_cell,SUPPORTED_CORRECT,R:region=Madinah:ead:2026-08
A-R09,core,c3,2468.3505200000045,"SAR 2,468 million",SAR million,ead,FALSE,artifact_cell,SUPPORTED_CORRECT,R:region=Qassim:ead:2026-08
A-R09,core,c4,2459.470420000005,"SAR 2,459 million",SAR million,ead,FALSE,artifact_cell,SUPPORTED_CORRECT,R:region=Riyadh:ead:2026-08
A-R09,core,c5,2443.3531800000037,"SAR 2,443 million",SAR million,ead,FALSE,artifact_cell,SUPPORTED_CORRECT,R:region=Hail:ead:2026-08
A-R09,core,c6,2440.6848099999997,"SAR 2,441 million",SAR million,ead,FALSE,artifact_cell,SUPPORTED_CORRECT,R:region=Asir:ead:2026-08
A-R09,core,c7,2433.9891500000053,"SAR 2,434 million",SAR million,ead,FALSE,artifact_cell,SUPPORTED_CORRECT,R:region=Makkah:ead:2026-08
A-R10,core,c0,30.454109999999915,SAR 30 million,SAR million,ecl,FALSE,artifact_cell,SUPPORTED_CORRECT,R:region=Asir:ecl:2026-08
A-R10,core,c1,28.980584000000036,SAR 29 million,SAR million,ecl,FALSE,artifact_cell,SUPPORTED_CORRECT,R:region=Qassim:ecl:2026-08
A-R10,core,c2,28.468110000000035,SAR 28 million,SAR million,ecl,FALSE,artifact_cell,SUPPORTED_CORRECT,R:region=Madinah:ecl:2026-08
A-R11,core,c0,0.01137638622220933,0.01x,ratio,coverage,FALSE,artifact_cell,SUPPORTED_CORRECT,R:total:coverage:2026-08
A-R12,core,c0,0.11643036493635422,0.12x,ratio,coverage,FALSE,artifact_cell,SUPPORTED_CORRECT,R:product=Credit Card:coverage:2026-08
A-R12,core,c1,0.06878465107754303,0.07x,ratio,coverage,FALSE,artifact_cell,SUPPORTED_CORRECT,R:product=Buy Now Pay Later:coverage:2026-08
A-R12,core,c2,0.06019230367908449,0.06x,ratio,coverage,FALSE,artifact_cell,SUPPORTED_CORRECT,R:product=Personal Finance:coverage:2026-08
A-R12,core,c3,0.011906155202852755,0.01x,ratio,coverage,FALSE,artifact_cell,SUPPORTED_CORRECT,R:product=Auto Finance:coverage:2026-08
A-R12,core,c4,0.0027115363319942607,0.00x,ratio,coverage,FALSE,artifact_cell,SUPPORTED_CORRECT,R:product=Mortgage:coverage:2026-08
A-R13,core,c0,0.047986983894579865,0.05x,ratio,s2_share,FALSE,artifact_cell,SUPPORTED_CORRECT,R:total:s2_share:2026-08
A-R14,core,c0,0.21357881422244734,0.21x,ratio,s2_share,FALSE,artifact_cell,SUPPORTED_CORRECT,R:product=Credit Card:s2_share:2026-08
A-R14,core,c1,0.19087965926878916,0.19x,ratio,s2_share,FALSE,artifact_cell,SUPPORTED_CORRECT,R:product=Buy Now Pay Later:s2_share:2026-08
A-R14,core,c2,0.1188885932635751,0.12x,ratio,s2_share,FALSE,artifact_cell,SUPPORTED_CORRECT,R:product=Personal Finance:s2_share:2026-08
A-R14,core,c3,0.03608342861818109,0.04x,ratio,s2_share,FALSE,artifact_cell,SUPPORTED_CORRECT,R:product=Mortgage:s2_share:2026-08
A-R14,core,c4,0.021299772024524485,0.02x,ratio,s2_share,FALSE,artifact_cell,SUPPORTED_CORRECT,R:product=Auto Finance:s2_share:2026-08
A-R15,core,c0,18820.269729999876,"SAR 18,820 million",SAR million,ead,FALSE,artifact_cell,SUPPORTED_CORRECT,R:total:ead:2026-07
A-R16,core,c0,19.18946199999928,SAR 19 million,SAR million,ecl_abs_change,FALSE,artifact_cell,SUPPORTED_CORRECT,R:total:ecl:abs_change:2026-08 vs 2026-07
A-R16,core,c1,0.09343979880400743,0.09x,ratio,ecl_pct_change,FALSE,artifact_cell,SUPPORTED_CORRECT,R:total:ecl:pct_change:2026-08 vs 2026-07
A-R17,core,c0,3.104039999999996,SAR 3 million,SAR million,ead_s2_abs_change,FALSE,artifact_cell,SUPPORTED_CORRECT,R:product=Auto Finance:ead_s2:abs_change:2026-08 vs 2026-07
A-R17,core,c1,2.1909699999999965,SAR 2 million,SAR million,ead_s2_abs_change,FALSE,artifact_cell,SUPPORTED_CORRECT,R:product=Buy Now Pay Later:ead_s2:abs_change:2026-08 vs 2026-07
A-R17,core,c2,18.802739999999886,SAR 19 million,SAR million,ead_s2_abs_change,FALSE,artifact_cell,SUPPORTED_CORRECT,R:product=Credit Card:ead_s2:abs_change:2026-08 vs 2026-07
A-R17,core,c3,202.69634000000042,SAR 203 million,SAR million,ead_s2_abs_change,FALSE,artifact_cell,SUPPORTED_CORRECT,R:product=Mortgage:ead_s2:abs_change:2026-08 vs 2026-07
A-R17,core,c4,27.582569999999976,SAR 28 million,SAR million,ead_s2_abs_change,FALSE,artifact_cell,SUPPORTED_CORRECT,R:product=Personal Finance:ead_s2:abs_change:2026-08 vs 2026-07
A-R18,core,c0,347.7120799999998,SAR 348 million,SAR million,dpd30_ead,FALSE,artifact_cell,SUPPORTED_CORRECT,R:total:dpd30_ead:2026-08
A-R19,core,c0,19243.95666000003,"SAR 19,244 million",SAR million,ead,FALSE,artifact_cell,SUPPORTED_CORRECT,R:delinquency_bucket=Current:ead:2026-08
A-R19,core,c1,184.85221999999996,SAR 185 million,SAR million,ead,FALSE,artifact_cell,SUPPORTED_CORRECT,R:delinquency_bucket=90+:ead:2026-08
A-R19,core,c2,147.16340000000014,SAR 147 million,SAR million,ead,FALSE,artifact_cell,SUPPORTED_CORRECT,R:delinquency_bucket=1-29:ead:2026-08
A-R19,core,c3,92.20270000000009,SAR 92 million,SAR million,ead,FALSE,artifact_cell,SUPPORTED_CORRECT,R:delinquency_bucket=30-59:ead:2026-08
A-R19,core,c4,70.65715999999999,SAR 71 million,SAR million,ead,FALSE,artifact_cell,SUPPORTED_CORRECT,R:delinquency_bucket=60-89:ead:2026-08
A-R20,core,c0,1128.0,"1,128",count,n_s3,FALSE,artifact_cell,SUPPORTED_CORRECT,R:total:n_s3:2026-08
A-R21,core,c0,5023.693670000004,"SAR 5,024 million",SAR million,ead,FALSE,artifact_cell,SUPPORTED_CORRECT,R:customer_segment=Private:ead:2026-08
A-R21,core,c1,4927.820940000001,"SAR 4,928 million",SAR million,ead,FALSE,artifact_cell,SUPPORTED_CORRECT,R:customer_segment=Mass:ead:2026-08
A-R21,core,c2,4912.643570000013,"SAR 4,913 million",SAR million,ead,FALSE,artifact_cell,SUPPORTED_CORRECT,R:customer_segment=Affluent:ead:2026-08
A-R21,core,c3,4874.67396,"SAR 4,875 million",SAR million,ead,FALSE,artifact_cell,SUPPORTED_CORRECT,R:customer_segment=Payroll:ead:2026-08
A-R22,core,c0,0.11017471403970149,0.11x,ratio,pd_w,FALSE,artifact_cell,SUPPORTED_CORRECT,R:product=Credit Card:pd_w:2026-08
A-R22,core,c1,0.07811982783249326,0.08x,ratio,pd_w,FALSE,artifact_cell,SUPPORTED_CORRECT,R:product=Personal Finance:pd_w:2026-08
A-R22,core,c2,0.06807973278926957,0.07x,ratio,pd_w,FALSE,artifact_cell,SUPPORTED_CORRECT,R:product=Buy Now Pay Later:pd_w:2026-08
A-R22,core,c3,0.03880137553934764,0.04x,ratio,pd_w,FALSE,artifact_cell,SUPPORTED_CORRECT,R:product=Auto Finance:pd_w:2026-08
A-R22,core,c4,0.03478115394668577,0.03x,ratio,pd_w,FALSE,artifact_cell,SUPPORTED_CORRECT,R:product=Mortgage:pd_w:2026-08
A-R23,core,c0,30.131825999999993,SAR 30 million,SAR million,ecl,FALSE,artifact_cell,SUPPORTED_CORRECT,R:sub_product=Classic:ecl:2026-08
A-R23,core,c1,21.555296999999992,SAR 22 million,SAR million,ecl,FALSE,artifact_cell,SUPPORTED_CORRECT,R:sub_product=Gold:ecl:2026-08
A-R23,core,c2,8.063110000000004,SAR 8 million,SAR million,ecl,FALSE,artifact_cell,SUPPORTED_CORRECT,R:sub_product=Signature:ecl:2026-08
A-R24,core,c0,0.0027115363319942607,0.00x,ratio,coverage,FALSE,artifact_cell,SUPPORTED_CORRECT,R:product=Mortgage:coverage:2026-08
A-R24,core,c1,0.011906155202852755,0.01x,ratio,coverage,FALSE,artifact_cell,SUPPORTED_CORRECT,R:product=Auto Finance:coverage:2026-08
A-R25,core,c0,18606.772899999996,"SAR 18,607 million",SAR million,ead_s1,FALSE,artifact_cell,SUPPORTED_CORRECT,R:total:ead_s1:2026-08
A-R25,core,c1,947.207019999999,SAR 947 million,SAR million,ead_s2,FALSE,artifact_cell,SUPPORTED_CORRECT,R:total:ead_s2:2026-08
A-R25,core,c2,184.85221999999996,SAR 185 million,SAR million,ead_s3,FALSE,artifact_cell,SUPPORTED_CORRECT,R:total:ead_s3:2026-08
A-R25,core,c3,19738.832140000075,"SAR 19,739 million",SAR million,ead,FALSE,artifact_cell,SUPPORTED_CORRECT,R:total:ead:2026-08
B-C01-1,core,c0,15370014.180000028,"SAR 15,370,014 million",SAR million,ead,FALSE,artifact_cell,SUPPORTED_CORRECT,R:total:ead:2026Q2
B-C01-2,core,c0,15370014.180000028,"SAR 15,370,014 million",SAR million,ead,FALSE,artifact_cell,SUPPORTED_CORRECT,R:total:ead:2026Q2
B-C02-1,core,c0,4198013.49,"SAR 4,198,013 million",SAR million,ead_s2,FALSE,artifact_cell,SUPPORTED_CORRECT,R:total:ead_s2:2026Q2
B-C02-2,core,c0,4198013.49,"SAR 4,198,013 million",SAR million,ead_s2,FALSE,artifact_cell,SUPPORTED_CORRECT,R:total:ead_s2:2026Q2
B-C03-1,core,c0,1016613.6399999993,"SAR 1,016,614 million",SAR million,ead_s2,FALSE,artifact_cell,SUPPORTED_CORRECT,R:sector=Construction:ead_s2:2026Q2
B-C03-1,core,c1,830809.330000001,"SAR 830,809 million",SAR million,ead_s2,FALSE,artifact_cell,SUPPORTED_CORRECT,R:sector=Real Estate:ead_s2:2026Q2
B-C03-1,core,c2,448103.25,"SAR 448,103 million",SAR million,ead_s2,FALSE,artifact_cell,SUPPORTED_CORRECT,R:sector=Hospitality:ead_s2:2026Q2
B-C03-1,core,c3,444209.83999999997,"SAR 444,210 million",SAR million,ead_s2,FALSE,artifact_cell,SUPPORTED_CORRECT,R:sector=Retail Trade:ead_s2:2026Q2
B-C03-1,core,c4,300040.6899999999,"SAR 300,041 million",SAR million,ead_s2,FALSE,artifact_cell,SUPPORTED_CORRECT,R:sector=Manufacturing:ead_s2:2026Q2
B-C03-1,core,c5,260060.50999999998,"SAR 260,061 million",SAR million,ead_s2,FALSE,artifact_cell,SUPPORTED_CORRECT,R:sector=Transport and Logistics:ead_s2:2026Q2
B-C03-1,core,c6,182535.55000000005,"SAR 182,536 million",SAR million,ead_s2,FALSE,artifact_cell,SUPPORTED_CORRECT,R:sector=Agriculture and Agri-processing:ead_s2:2026Q2
B-C03-1,core,c7,141124.11999999997,"SAR 141,124 million",SAR million,ead_s2,FALSE,artifact_cell,SUPPORTED_CORRECT,R:sector=Wholesale Trade:ead_s2:2026Q2
B-C03-1,core,c8,134516.96000000002,"SAR 134,517 million",SAR million,ead_s2,FALSE,artifact_cell,SUPPORTED_CORRECT,R:sector=Metals and Mining:ead_s2:2026Q2
B-C03-1,core,c9,100017.29,"SAR 100,017 million",SAR million,ead_s2,FALSE,artifact_cell,SUPPORTED_CORRECT,R:sector=Information Technology:ead_s2:2026Q2
B-C03-1,core,c10,97638.81999999996,"SAR 97,639 million",SAR million,ead_s2,FALSE,artifact_cell,SUPPORTED_CORRECT,R:sector=Chemicals:ead_s2:2026Q2
B-C03-1,core,c11,96312.14000000001,"SAR 96,312 million",SAR million,ead_s2,FALSE,artifact_cell,SUPPORTED_CORRECT,R:sector=Healthcare:ead_s2:2026Q2
B-C03-1,core,c12,92096.88000000002,"SAR 92,097 million",SAR million,ead_s2,FALSE,artifact_cell,SUPPORTED_CORRECT,R:sector=Telecommunications:ead_s2:2026Q2
B-C03-1,core,c13,53934.46999999998,"SAR 53,934 million",SAR million,ead_s2,FALSE,artifact_cell,SUPPORTED_CORRECT,R:sector=Power and Utilities:ead_s2:2026Q2
B-C03-2,core,c0,1016613.6399999993,"SAR 1,016,614 million",SAR million,ead_s2,FALSE,artifact_cell,SUPPORTED_CORRECT,R:sector=Construction:ead_s2:2026Q2
B-C03-2,core,c1,830809.330000001,"SAR 830,809 million",SAR million,ead_s2,FALSE,artifact_cell,SUPPORTED_CORRECT,R:sector=Real Estate:ead_s2:2026Q2
B-C03-2,core,c2,448103.25,"SAR 448,103 million",SAR million,ead_s2,FALSE,artifact_cell,SUPPORTED_CORRECT,R:sector=Hospitality:ead_s2:2026Q2
B-C03-2,core,c3,444209.83999999997,"SAR 444,210 million",SAR million,ead_s2,FALSE,artifact_cell,SUPPORTED_CORRECT,R:sector=Retail Trade:ead_s2:2026Q2
B-C03-2,core,c4,300040.6899999999,"SAR 300,041 million",SAR million,ead_s2,FALSE,artifact_cell,SUPPORTED_CORRECT,R:sector=Manufacturing:ead_s2:2026Q2
B-C03-2,core,c5,260060.50999999998,"SAR 260,061 million",SAR million,ead_s2,FALSE,artifact_cell,SUPPORTED_CORRECT,R:sector=Transport and Logistics:ead_s2:2026Q2
B-C03-2,core,c6,182535.55000000005,"SAR 182,536 million",SAR million,ead_s2,FALSE,artifact_cell,SUPPORTED_CORRECT,R:sector=Agriculture and Agri-processing:ead_s2:2026Q2
B-C03-2,core,c7,141124.11999999997,"SAR 141,124 million",SAR million,ead_s2,FALSE,artifact_cell,SUPPORTED_CORRECT,R:sector=Wholesale Trade:ead_s2:2026Q2
B-C03-2,core,c8,134516.96000000002,"SAR 134,517 million",SAR million,ead_s2,FALSE,artifact_cell,SUPPORTED_CORRECT,R:sector=Metals and Mining:ead_s2:2026Q2
B-C03-2,core,c9,100017.29,"SAR 100,017 million",SAR million,ead_s2,FALSE,artifact_cell,SUPPORTED_CORRECT,R:sector=Information Technology:ead_s2:2026Q2
B-C03-2,core,c10,97638.81999999996,"SAR 97,639 million",SAR million,ead_s2,FALSE,artifact_cell,SUPPORTED_CORRECT,R:sector=Chemicals:ead_s2:2026Q2
B-C03-2,core,c11,96312.14000000001,"SAR 96,312 million",SAR million,ead_s2,FALSE,artifact_cell,SUPPORTED_CORRECT,R:sector=Healthcare:ead_s2:2026Q2
B-C03-2,core,c12,92096.88000000002,"SAR 92,097 million",SAR million,ead_s2,FALSE,artifact_cell,SUPPORTED_CORRECT,R:sector=Telecommunications:ead_s2:2026Q2
B-C03-2,core,c13,53934.46999999998,"SAR 53,934 million",SAR million,ead_s2,FALSE,artifact_cell,SUPPORTED_CORRECT,R:sector=Power and Utilities:ead_s2:2026Q2
B-C04-1,core,c0,275511.74239999935,"SAR 275,512 million",SAR million,ecl,FALSE,artifact_cell,SUPPORTED_CORRECT,R:sector=Construction:ecl:2026Q2
B-C04-1,core,c1,185429.63859999974,"SAR 185,430 million",SAR million,ecl,FALSE,artifact_cell,SUPPORTED_CORRECT,R:sector=Real Estate:ecl:2026Q2
B-C04-1,core,c2,58920.025799999945,"SAR 58,920 million",SAR million,ecl,FALSE,artifact_cell,SUPPORTED_CORRECT,R:sector=Hospitality:ecl:2026Q2
B-C04-1,core,c3,50052.15790000002,"SAR 50,052 million",SAR million,ecl,FALSE,artifact_cell,SUPPORTED_CORRECT,R:sector=Retail Trade:ecl:2026Q2
B-C04-1,core,c4,39188.25420000007,"SAR 39,188 million",SAR million,ecl,FALSE,artifact_cell,SUPPORTED_CORRECT,R:sector=Transport and Logistics:ecl:2026Q2
B-C04-2,core,c0,275511.74239999935,"SAR 275,512 million",SAR million,ecl,FALSE,artifact_cell,SUPPORTED_CORRECT,R:sector=Construction:ecl:2026Q2
B-C04-2,core,c1,185429.63859999974,"SAR 185,430 million",SAR million,ecl,FALSE,artifact_cell,SUPPORTED_CORRECT,R:sector=Real Estate:ecl:2026Q2
B-C04-2,core,c2,58920.025799999945,"SAR 58,920 million",SAR million,ecl,FALSE,artifact_cell,SUPPORTED_CORRECT,R:sector=Hospitality:ecl:2026Q2
B-C04-2,core,c3,50052.15790000002,"SAR 50,052 million",SAR million,ecl,FALSE,artifact_cell,SUPPORTED_CORRECT,R:sector=Retail Trade:ecl:2026Q2
B-C04-2,core,c4,39188.25420000007,"SAR 39,188 million",SAR million,ecl,FALSE,artifact_cell,SUPPORTED_CORRECT,R:sector=Transport and Logistics:ecl:2026Q2
B-C05-1,core,c0,0.05071402932824071,0.05x,ratio,coverage,FALSE,artifact_cell,SUPPORTED_CORRECT,R:total:coverage:2026Q2
B-C05-2,core,c0,0.05071402932824071,0.05x,ratio,coverage,FALSE,artifact_cell,SUPPORTED_CORRECT,R:total:coverage:2026Q2
B-C06-1,core,c0,0.2731300986997523,0.27x,ratio,s2_share,FALSE,artifact_cell,SUPPORTED_CORRECT,R:total:s2_share:2026Q2
B-C06-2,core,c0,0.2731300986997523,0.27x,ratio,s2_share,FALSE,artifact_cell,SUPPORTED_CORRECT,R:total:s2_share:2026Q2
B-C07-1,core,c0,148751.11000003433,"SAR 148,751 million",SAR million,ead_s2_abs_change,FALSE,artifact_cell,SUPPORTED_CORRECT,R:total:ead_s2:abs_change:2026Q2 vs 2026Q1
B-C07-2,core,c0,148751.1100000213,"SAR 148,751 million",SAR million,ead_s2_abs_change,FALSE,artifact_cell,SUPPORTED_CORRECT,R:total:ead_s2:abs_change:2026Q2 vs 2026Q1
B-C08-1,core,c0,18999.53000000096,"SAR 19,000 million",SAR million,ead_abs_change,FALSE,artifact_cell,SUPPORTED_CORRECT,R:sector=Agriculture and Agri-processing:ead:abs_change:2026Q2 vs 2026Q1
B-C08-1,core,c1,24740.36999999825,"SAR 24,740 million",SAR million,ead_abs_change,FALSE,artifact_cell,SUPPORTED_CORRECT,R:sector=Chemicals:ead:abs_change:2026Q2 vs 2026Q1
B-C08-1,core,c2,54197.03000000119,"SAR 54,197 million",SAR million,ead_abs_change,FALSE,artifact_cell,SUPPORTED_CORRECT,R:sector=Construction:ead:abs_change:2026Q2 vs 2026Q1
B-C08-1,core,c3,15835.639999999548,"SAR 15,836 million",SAR million,ead_abs_change,FALSE,artifact_cell,SUPPORTED_CORRECT,R:sector=Healthcare:ead:abs_change:2026Q2 vs 2026Q1
B-C08-1,core,c4,25317.730000000447,"SAR 25,318 million",SAR million,ead_abs_change,FALSE,artifact_cell,SUPPORTED_CORRECT,R:sector=Hospitality:ead:abs_change:2026Q2 vs 2026Q1
B-C08-1,core,c5,13880.390000000363,"SAR 13,880 million",SAR million,ead_abs_change,FALSE,artifact_cell,SUPPORTED_CORRECT,R:sector=Information Technology:ead:abs_change:2026Q2 vs 2026Q1
B-C08-1,core,c6,34534.48999999836,"SAR 34,534 million",SAR million,ead_abs_change,FALSE,artifact_cell,SUPPORTED_CORRECT,R:sector=Manufacturing:ead:abs_change:2026Q2 vs 2026Q1
B-C08-1,core,c7,12615.629999998491,"SAR 12,616 million",SAR million,ead_abs_change,FALSE,artifact_cell,SUPPORTED_CORRECT,R:sector=Metals and Mining:ead:abs_change:2026Q2 vs 2026Q1
B-C08-1,core,c8,13276.549999999232,"SAR 13,277 million",SAR million,ead_abs_change,FALSE,artifact_cell,SUPPORTED_CORRECT,R:sector=Power and Utilities:ead:abs_change:2026Q2 vs 2026Q1
B-C08-1,core,c9,37358.64999999874,"SAR 37,359 million",SAR million,ead_abs_change,FALSE,artifact_cell,SUPPORTED_CORRECT,R:sector=Real Estate:ead:abs_change:2026Q2 vs 2026Q1
B-C08-1,core,c10,22320.979999999516,"SAR 22,321 million",SAR million,ead_abs_change,FALSE,artifact_cell,SUPPORTED_CORRECT,R:sector=Retail Trade:ead:abs_change:2026Q2 vs 2026Q1
B-C08-1,core,c11,15350.069999998435,"SAR 15,350 million",SAR million,ead_abs_change,FALSE,artifact_cell,SUPPORTED_CORRECT,R:sector=Telecommunications:ead:abs_change:2026Q2 vs 2026Q1
B-C08-1,core,c12,19136.230000000214,"SAR 19,136 million",SAR million,ead_abs_change,FALSE,artifact_cell,SUPPORTED_CORRECT,R:sector=Transport and Logistics:ead:abs_change:2026Q2 vs 2026Q1
B-C08-1,core,c13,20941.550000001444,"SAR 20,942 million",SAR million,ead_abs_change,FALSE,artifact_cell,SUPPORTED_CORRECT,R:sector=Wholesale Trade:ead:abs_change:2026Q2 vs 2026Q1
B-C08-2,core,c0,18999.53000000096,"SAR 19,000 million",SAR million,ead_abs_change,FALSE,artifact_cell,SUPPORTED_CORRECT,R:sector=Agriculture and Agri-processing:ead:abs_change:2026Q2 vs 2026Q1
B-C08-2,core,c1,24740.36999999825,"SAR 24,740 million",SAR million,ead_abs_change,FALSE,artifact_cell,SUPPORTED_CORRECT,R:sector=Chemicals:ead:abs_change:2026Q2 vs 2026Q1
B-C08-2,core,c2,54197.03000000119,"SAR 54,197 million",SAR million,ead_abs_change,FALSE,artifact_cell,SUPPORTED_CORRECT,R:sector=Construction:ead:abs_change:2026Q2 vs 2026Q1
B-C08-2,core,c3,15835.639999999548,"SAR 15,836 million",SAR million,ead_abs_change,FALSE,artifact_cell,SUPPORTED_CORRECT,R:sector=Healthcare:ead:abs_change:2026Q2 vs 2026Q1
B-C08-2,core,c4,25317.730000000447,"SAR 25,318 million",SAR million,ead_abs_change,FALSE,artifact_cell,SUPPORTED_CORRECT,R:sector=Hospitality:ead:abs_change:2026Q2 vs 2026Q1
B-C08-2,core,c5,13880.390000000363,"SAR 13,880 million",SAR million,ead_abs_change,FALSE,artifact_cell,SUPPORTED_CORRECT,R:sector=Information Technology:ead:abs_change:2026Q2 vs 2026Q1
B-C08-2,core,c6,34534.48999999836,"SAR 34,534 million",SAR million,ead_abs_change,FALSE,artifact_cell,SUPPORTED_CORRECT,R:sector=Manufacturing:ead:abs_change:2026Q2 vs 2026Q1
B-C08-2,core,c7,12615.629999998491,"SAR 12,616 million",SAR million,ead_abs_change,FALSE,artifact_cell,SUPPORTED_CORRECT,R:sector=Metals and Mining:ead:abs_change:2026Q2 vs 2026Q1
B-C08-2,core,c8,13276.549999999232,"SAR 13,277 million",SAR million,ead_abs_change,FALSE,artifact_cell,SUPPORTED_CORRECT,R:sector=Power and Utilities:ead:abs_change:2026Q2 vs 2026Q1
B-C08-2,core,c9,37358.64999999874,"SAR 37,359 million",SAR million,ead_abs_change,FALSE,artifact_cell,SUPPORTED_CORRECT,R:sector=Real Estate:ead:abs_change:2026Q2 vs 2026Q1
B-C08-2,core,c10,22320.979999999516,"SAR 22,321 million",SAR million,ead_abs_change,FALSE,artifact_cell,SUPPORTED_CORRECT,R:sector=Retail Trade:ead:abs_change:2026Q2 vs 2026Q1
B-C08-2,core,c11,15350.069999998435,"SAR 15,350 million",SAR million,ead_abs_change,FALSE,artifact_cell,SUPPORTED_CORRECT,R:sector=Telecommunications:ead:abs_change:2026Q2 vs 2026Q1
B-C08-2,core,c12,19136.230000000214,"SAR 19,136 million",SAR million,ead_abs_change,FALSE,artifact_cell,SUPPORTED_CORRECT,R:sector=Transport and Logistics:ead:abs_change:2026Q2 vs 2026Q1
B-C08-2,core,c13,20941.550000001444,"SAR 20,942 million",SAR million,ead_abs_change,FALSE,artifact_cell,SUPPORTED_CORRECT,R:sector=Wholesale Trade:ead:abs_change:2026Q2 vs 2026Q1
B-C09-1,core,c0,14432.08,"SAR 14,432 million",SAR million,ead,FALSE,artifact_cell,SUPPORTED_CORRECT,R:borrower_name=Rawabi Industrial Works:ead
B-C09-1,core,c1,11550.900000000001,"SAR 11,551 million",SAR million,ead,FALSE,artifact_cell,SUPPORTED_CORRECT,R:borrower_name=Najd Manufacturing:ead
B-C09-1,core,c2,10728.23,"SAR 10,728 million",SAR million,ead,FALSE,artifact_cell,SUPPORTED_CORRECT,R:borrower_name=Tuwaiq Construction:ead
B-C09-1,core,c3,8176.719999999999,"SAR 8,177 million",SAR million,ead,FALSE,artifact_cell,SUPPORTED_CORRECT,R:borrower_name=Gulf Horizon Trading:ead
B-C09-1,core,c4,7329.26,"SAR 7,329 million",SAR million,ead,FALSE,artifact_cell,SUPPORTED_CORRECT,R:borrower_name=Al Rawdah Real Estate:ead
B-C09-1,core,c5,6825.910000000001,"SAR 6,826 million",SAR million,ead,FALSE,artifact_cell,SUPPORTED_CORRECT,R:borrower_name=Taif Western Properties:ead
B-C09-1,core,c6,6623.97,"SAR 6,624 million",SAR million,ead,FALSE,artifact_cell,SUPPORTED_CORRECT,R:borrower_name=Arar National Medical:ead
B-C09-1,core,c7,6576.0,"SAR 6,576 million",SAR million,ead,FALSE,artifact_cell,SUPPORTED_CORRECT,R:borrower_name=Arar Eastern Hospitality:ead
B-C09-1,core,c8,6571.010000000001,"SAR 6,571 million",SAR million,ead,FALSE,artifact_cell,SUPPORTED_CORRECT,R:borrower_name=Al Kharj United Engineering:ead
B-C09-1,core,c9,6514.379999999999,"SAR 6,514 million",SAR million,ead,FALSE,artifact_cell,SUPPORTED_CORRECT,R:borrower_name=Khamis Mushait Prime Telecom:ead
B-C09-2,core,c0,14432.08,"SAR 14,432 million",SAR million,ead,FALSE,artifact_cell,SUPPORTED_CORRECT,R:borrower_name=Rawabi Industrial Works:ead
B-C09-2,core,c1,11550.900000000001,"SAR 11,551 million",SAR million,ead,FALSE,artifact_cell,SUPPORTED_CORRECT,R:borrower_name=Najd Manufacturing:ead
B-C09-2,core,c2,10728.23,"SAR 10,728 million",SAR million,ead,FALSE,artifact_cell,SUPPORTED_CORRECT,R:borrower_name=Tuwaiq Construction:ead
B-C09-2,core,c3,8176.719999999999,"SAR 8,177 million",SAR million,ead,FALSE,artifact_cell,SUPPORTED_CORRECT,R:borrower_name=Gulf Horizon Trading:ead
B-C09-2,core,c4,7329.26,"SAR 7,329 million",SAR million,ead,FALSE,artifact_cell,SUPPORTED_CORRECT,R:borrower_name=Al Rawdah Real Estate:ead
B-C09-2,core,c5,6825.910000000001,"SAR 6,826 million",SAR million,ead,FALSE,artifact_cell,SUPPORTED_CORRECT,R:borrower_name=Taif Western Properties:ead
B-C09-2,core,c6,6623.97,"SAR 6,624 million",SAR million,ead,FALSE,artifact_cell,SUPPORTED_CORRECT,R:borrower_name=Arar National Medical:ead
B-C09-2,core,c7,6576.0,"SAR 6,576 million",SAR million,ead,FALSE,artifact_cell,SUPPORTED_CORRECT,R:borrower_name=Arar Eastern Hospitality:ead
B-C09-2,core,c8,6571.010000000001,"SAR 6,571 million",SAR million,ead,FALSE,artifact_cell,SUPPORTED_CORRECT,R:borrower_name=Al Kharj United Engineering:ead
B-C09-2,core,c9,6514.379999999999,"SAR 6,514 million",SAR million,ead,FALSE,artifact_cell,SUPPORTED_CORRECT,R:borrower_name=Khamis Mushait Prime Telecom:ead
B-C10-1,core,c0,0.5437819063068957,0.54x,ratio,s2_share,FALSE,artifact_cell,SUPPORTED_CORRECT,R:sector=Construction:s2_share:2026Q2
B-C10-1,core,c1,0.5147113291151939,0.51x,ratio,s2_share,FALSE,artifact_cell,SUPPORTED_CORRECT,R:sector=Real Estate:s2_share:2026Q2
B-C10-1,core,c2,0.40948448676759786,0.41x,ratio,s2_share,FALSE,artifact_cell,SUPPORTED_CORRECT,R:sector=Retail Trade:s2_share:2026Q2
B-C10-1,core,c3,0.4021943604645791,0.40x,ratio,s2_share,FALSE,artifact_cell,SUPPORTED_CORRECT,R:sector=Hospitality:s2_share:2026Q2
B-C10-1,core,c4,0.22828264172691476,0.23x,ratio,s2_share,FALSE,artifact_cell,SUPPORTED_CORRECT,R:sector=Transport and Logistics:s2_share:2026Q2
B-C10-1,core,c5,0.22299961650754102,0.22x,ratio,s2_share,FALSE,artifact_cell,SUPPORTED_CORRECT,R:sector=Manufacturing:s2_share:2026Q2
B-C10-1,core,c6,0.20391882461067742,0.20x,ratio,s2_share,FALSE,artifact_cell,SUPPORTED_CORRECT,R:sector=Agriculture and Agri-processing:s2_share:2026Q2
B-C10-1,core,c7,0.1762033446173091,0.18x,ratio,s2_share,FALSE,artifact_cell,SUPPORTED_CORRECT,R:sector=Metals and Mining:s2_share:2026Q2
B-C10-1,core,c8,0.14591148003737042,0.15x,ratio,s2_share,FALSE,artifact_cell,SUPPORTED_CORRECT,R:sector=Wholesale Trade:s2_share:2026Q2
B-C10-1,core,c9,0.13440413127639328,0.13x,ratio,s2_share,FALSE,artifact_cell,SUPPORTED_CORRECT,R:sector=Telecommunications:s2_share:2026Q2
B-C10-1,core,c10,0.10413283737051288,0.10x,ratio,s2_share,FALSE,artifact_cell,SUPPORTED_CORRECT,R:sector=Information Technology:s2_share:2026Q2
B-C10-1,core,c11,0.10264004230410743,0.10x,ratio,s2_share,FALSE,artifact_cell,SUPPORTED_CORRECT,R:sector=Healthcare:s2_share:2026Q2
B-C10-1,core,c12,0.09345883437965935,0.09x,ratio,s2_share,FALSE,artifact_cell,SUPPORTED_CORRECT,R:sector=Chemicals:s2_share:2026Q2
B-C10-1,core,c13,0.056880226993304056,0.06x,ratio,s2_share,FALSE,artifact_cell,SUPPORTED_CORRECT,R:sector=Power and Utilities:s2_share:2026Q2
B-C10-2,core,c0,0.5437819063068957,0.54x,ratio,s2_share,FALSE,artifact_cell,SUPPORTED_CORRECT,R:sector=Construction:s2_share:2026Q2
B-C10-2,core,c1,0.5147113291151939,0.51x,ratio,s2_share,FALSE,artifact_cell,SUPPORTED_CORRECT,R:sector=Real Estate:s2_share:2026Q2
B-C10-2,core,c2,0.40948448676759786,0.41x,ratio,s2_share,FALSE,artifact_cell,SUPPORTED_CORRECT,R:sector=Retail Trade:s2_share:2026Q2
B-C10-2,core,c3,0.4021943604645791,0.40x,ratio,s2_share,FALSE,artifact_cell,SUPPORTED_CORRECT,R:sector=Hospitality:s2_share:2026Q2
B-C10-2,core,c4,0.22828264172691476,0.23x,ratio,s2_share,FALSE,artifact_cell,SUPPORTED_CORRECT,R:sector=Transport and Logistics:s2_share:2026Q2
B-C10-2,core,c5,0.22299961650754102,0.22x,ratio,s2_share,FALSE,artifact_cell,SUPPORTED_CORRECT,R:sector=Manufacturing:s2_share:2026Q2
B-C10-2,core,c6,0.20391882461067742,0.20x,ratio,s2_share,FALSE,artifact_cell,SUPPORTED_CORRECT,R:sector=Agriculture and Agri-processing:s2_share:2026Q2
B-C10-2,core,c7,0.1762033446173091,0.18x,ratio,s2_share,FALSE,artifact_cell,SUPPORTED_CORRECT,R:sector=Metals and Mining:s2_share:2026Q2
B-C10-2,core,c8,0.14591148003737042,0.15x,ratio,s2_share,FALSE,artifact_cell,SUPPORTED_CORRECT,R:sector=Wholesale Trade:s2_share:2026Q2
B-C10-2,core,c9,0.13440413127639328,0.13x,ratio,s2_share,FALSE,artifact_cell,SUPPORTED_CORRECT,R:sector=Telecommunications:s2_share:2026Q2
B-C10-2,core,c10,0.10413283737051288,0.10x,ratio,s2_share,FALSE,artifact_cell,SUPPORTED_CORRECT,R:sector=Information Technology:s2_share:2026Q2
B-C10-2,core,c11,0.10264004230410743,0.10x,ratio,s2_share,FALSE,artifact_cell,SUPPORTED_CORRECT,R:sector=Healthcare:s2_share:2026Q2
B-C10-2,core,c12,0.09345883437965935,0.09x,ratio,s2_share,FALSE,artifact_cell,SUPPORTED_CORRECT,R:sector=Chemicals:s2_share:2026Q2
B-C10-2,core,c13,0.056880226993304056,0.06x,ratio,s2_share,FALSE,artifact_cell,SUPPORTED_CORRECT,R:sector=Power and Utilities:s2_share:2026Q2
B-C11-1,core,c0,1869524.5800000022,"SAR 1,869,525 million",SAR million,ead_latest,FALSE,artifact_cell,SUPPORTED_CORRECT,R:sector=Construction:ead:latest:2026Q2
B-C11-1,core,c1,1815327.55,"SAR 1,815,328 million",SAR million,ead_base,FALSE,artifact_cell,SUPPORTED_CORRECT,R:sector=Construction:ead:base:2026Q1
B-C11-1,core,c2,54197.03000000212,"SAR 54,197 million",SAR million,ead_abs_change,FALSE,artifact_cell,SUPPORTED_CORRECT,R:sector=Construction:ead:abs_change:2026Q2 vs 2026Q1
B-C11-1,core,c3,0.02985523466550272,0.03x,ratio,ead_pct_change,FALSE,artifact_cell,SUPPORTED_CORRECT,R:sector=Construction:ead:pct_change:2026Q2 vs 2026Q1
B-C11-1,core,c4,1114146.0300000017,"SAR 1,114,146 million",SAR million,ead_latest,FALSE,artifact_cell,SUPPORTED_CORRECT,R:sector=Hospitality:ead:latest:2026Q2
B-C11-1,core,c5,1088828.3,"SAR 1,088,828 million",SAR million,ead_base,FALSE,artifact_cell,SUPPORTED_CORRECT,R:sector=Hospitality:ead:base:2026Q1
B-C11-1,core,c6,25317.73000000161,"SAR 25,318 million",SAR million,ead_abs_change,FALSE,artifact_cell,SUPPORTED_CORRECT,R:sector=Hospitality:ead:abs_change:2026Q2 vs 2026Q1
B-C11-1,core,c7,0.023252270353371244,0.02x,ratio,ead_pct_change,FALSE,artifact_cell,SUPPORTED_CORRECT,R:sector=Hospitality:ead:pct_change:2026Q2 vs 2026Q1
B-C11-1,core,c8,1345476.2599999965,"SAR 1,345,476 million",SAR million,ead_latest,FALSE,artifact_cell,SUPPORTED_CORRECT,R:sector=Manufacturing:ead:latest:2026Q2
B-C11-1,core,c9,1310941.7699999986,"SAR 1,310,942 million",SAR million,ead_base,FALSE,artifact_cell,SUPPORTED_CORRECT,R:sector=Manufacturing:ead:base:2026Q1
B-C11-1,core,c10,34534.489999997895,"SAR 34,534 million",SAR million,ead_abs_change,FALSE,artifact_cell,SUPPORTED_CORRECT,R:sector=Manufacturing:ead:abs_change:2026Q2 vs 2026Q1
B-C11-1,core,c11,0.026343267710508555,0.03x,ratio,ead_pct_change,FALSE,artifact_cell,SUPPORTED_CORRECT,R:sector=Manufacturing:ead:pct_change:2026Q2 vs 2026Q1
B-C11-1,core,c12,1614126.7599999986,"SAR 1,614,127 million",SAR million,ead_latest,FALSE,artifact_cell,SUPPORTED_CORRECT,R:sector=Real Estate:ead:latest:2026Q2
B-C11-1,core,c13,1576768.11,"SAR 1,576,768 million",SAR million,ead_base,FALSE,artifact_cell,SUPPORTED_CORRECT,R:sector=Real Estate:ead:base:2026Q1
B-C11-1,core,c14,37358.64999999851,"SAR 37,359 million",SAR million,ead_abs_change,FALSE,artifact_cell,SUPPORTED_CORRECT,R:sector=Real Estate:ead:abs_change:2026Q2 vs 2026Q1
B-C11-1,core,c15,0.023693179588721202,0.02x,ratio,ead_pct_change,FALSE,artifact_cell,SUPPORTED_CORRECT,R:sector=Real Estate:ead:pct_change:2026Q2 vs 2026Q1
B-C11-1,core,c16,1139204.049999999,"SAR 1,139,204 million",SAR million,ead_latest,FALSE,artifact_cell,SUPPORTED_CORRECT,R:sector=Transport and Logistics:ead:latest:2026Q2
B-C11-1,core,c17,1120067.8199999984,"SAR 1,120,068 million",SAR million,ead_base,FALSE,artifact_cell,SUPPORTED_CORRECT,R:sector=Transport and Logistics:ead:base:2026Q1
B-C11-1,core,c18,19136.23000000068,"SAR 19,136 million",SAR million,ead_abs_change,FALSE,artifact_cell,SUPPORTED_CORRECT,R:sector=Transport and Logistics:ead:abs_change:2026Q2 vs 2026Q1
B-C11-1,core,c19,0.017084885092048002,0.02x,ratio,ead_pct_change,FALSE,artifact_cell,SUPPORTED_CORRECT,R:sector=Transport and Logistics:ead:pct_change:2026Q2 vs 2026Q1
B-C11-2,core,c0,1869524.5800000022,"SAR 1,869,525 million",SAR million,ead_latest,FALSE,artifact_cell,SUPPORTED_CORRECT,R:sector=Construction:ead:latest:2026Q2
B-C11-2,core,c1,1815327.55,"SAR 1,815,328 million",SAR million,ead_base,FALSE,artifact_cell,SUPPORTED_CORRECT,R:sector=Construction:ead:base:2026Q1
B-C11-2,core,c2,54197.03000000212,"SAR 54,197 million",SAR million,ead_abs_change,FALSE,artifact_cell,SUPPORTED_CORRECT,R:sector=Construction:ead:abs_change:2026Q2 vs 2026Q1
B-C11-2,core,c3,0.02985523466550272,0.03x,ratio,ead_pct_change,FALSE,artifact_cell,SUPPORTED_CORRECT,R:sector=Construction:ead:pct_change:2026Q2 vs 2026Q1
B-C11-2,core,c4,1114146.0300000017,"SAR 1,114,146 million",SAR million,ead_latest,FALSE,artifact_cell,SUPPORTED_CORRECT,R:sector=Hospitality:ead:latest:2026Q2
B-C11-2,core,c5,1088828.3,"SAR 1,088,828 million",SAR million,ead_base,FALSE,artifact_cell,SUPPORTED_CORRECT,R:sector=Hospitality:ead:base:2026Q1
B-C11-2,core,c6,25317.73000000161,"SAR 25,318 million",SAR million,ead_abs_change,FALSE,artifact_cell,SUPPORTED_CORRECT,R:sector=Hospitality:ead:abs_change:2026Q2 vs 2026Q1
B-C11-2,core,c7,0.023252270353371244,0.02x,ratio,ead_pct_change,FALSE,artifact_cell,SUPPORTED_CORRECT,R:sector=Hospitality:ead:pct_change:2026Q2 vs 2026Q1
B-C11-2,core,c8,1345476.2599999965,"SAR 1,345,476 million",SAR million,ead_latest,FALSE,artifact_cell,SUPPORTED_CORRECT,R:sector=Manufacturing:ead:latest:2026Q2
B-C11-2,core,c9,1310941.7699999986,"SAR 1,310,942 million",SAR million,ead_base,FALSE,artifact_cell,SUPPORTED_CORRECT,R:sector=Manufacturing:ead:base:2026Q1
B-C11-2,core,c10,34534.489999997895,"SAR 34,534 million",SAR million,ead_abs_change,FALSE,artifact_cell,SUPPORTED_CORRECT,R:sector=Manufacturing:ead:abs_change:2026Q2 vs 2026Q1
B-C11-2,core,c11,0.026343267710508555,0.03x,ratio,ead_pct_change,FALSE,artifact_cell,SUPPORTED_CORRECT,R:sector=Manufacturing:ead:pct_change:2026Q2 vs 2026Q1
B-C11-2,core,c12,1614126.7599999986,"SAR 1,614,127 million",SAR million,ead_latest,FALSE,artifact_cell,SUPPORTED_CORRECT,R:sector=Real Estate:ead:latest:2026Q2
B-C11-2,core,c13,1576768.11,"SAR 1,576,768 million",SAR million,ead_base,FALSE,artifact_cell,SUPPORTED_CORRECT,R:sector=Real Estate:ead:base:2026Q1
B-C11-2,core,c14,37358.64999999851,"SAR 37,359 million",SAR million,ead_abs_change,FALSE,artifact_cell,SUPPORTED_CORRECT,R:sector=Real Estate:ead:abs_change:2026Q2 vs 2026Q1
B-C11-2,core,c15,0.023693179588721202,0.02x,ratio,ead_pct_change,FALSE,artifact_cell,SUPPORTED_CORRECT,R:sector=Real Estate:ead:pct_change:2026Q2 vs 2026Q1
B-C11-2,core,c16,1139204.049999999,"SAR 1,139,204 million",SAR million,ead_latest,FALSE,artifact_cell,SUPPORTED_CORRECT,R:sector=Transport and Logistics:ead:latest:2026Q2
B-C11-2,core,c17,1120067.8199999984,"SAR 1,120,068 million",SAR million,ead_base,FALSE,artifact_cell,SUPPORTED_CORRECT,R:sector=Transport and Logistics:ead:base:2026Q1
B-C11-2,core,c18,19136.23000000068,"SAR 19,136 million",SAR million,ead_abs_change,FALSE,artifact_cell,SUPPORTED_CORRECT,R:sector=Transport and Logistics:ead:abs_change:2026Q2 vs 2026Q1
B-C11-2,core,c19,0.017084885092048002,0.02x,ratio,ead_pct_change,FALSE,artifact_cell,SUPPORTED_CORRECT,R:sector=Transport and Logistics:ead:pct_change:2026Q2 vs 2026Q1
B-C12-1,core,c0,1869524.5800000012,"SAR 1,869,525 million",SAR million,ead,FALSE,artifact_cell,SUPPORTED_CORRECT,R:sector=Construction:ead:2026Q2
B-C12-1,core,c1,1016613.6399999993,"SAR 1,016,614 million",SAR million,ead_s2,FALSE,artifact_cell,SUPPORTED_CORRECT,R:sector=Construction:ead_s2:2026Q2
B-C12-1,core,c2,463682.1000000001,"SAR 463,682 million",SAR million,ead_s3,FALSE,artifact_cell,SUPPORTED_CORRECT,R:sector=Construction:ead_s3:2026Q2
B-C12-1,core,c3,275511.74239999935,"SAR 275,512 million",SAR million,ecl,FALSE,artifact_cell,SUPPORTED_CORRECT,R:sector=Construction:ecl:2026Q2
B-C12-1,core,c4,0.14736994920922578,0.15x,ratio,coverage,FALSE,artifact_cell,SUPPORTED_CORRECT,R:sector=Construction:coverage:2026Q2
B-C12-1,core,c5,1614126.7599999988,"SAR 1,614,127 million",SAR million,ead,FALSE,artifact_cell,SUPPORTED_CORRECT,R:sector=Real Estate:ead:2026Q2
B-C12-1,core,c6,830809.330000001,"SAR 830,809 million",SAR million,ead_s2,FALSE,artifact_cell,SUPPORTED_CORRECT,R:sector=Real Estate:ead_s2:2026Q2
B-C12-1,core,c7,307375.3799999998,"SAR 307,375 million",SAR million,ead_s3,FALSE,artifact_cell,SUPPORTED_CORRECT,R:sector=Real Estate:ead_s3:2026Q2
B-C12-1,core,c8,185429.63859999974,"SAR 185,430 million",SAR million,ecl,FALSE,artifact_cell,SUPPORTED_CORRECT,R:sector=Real Estate:ecl:2026Q2
B-C12-1,core,c9,0.11487922955939339,0.11x,ratio,coverage,FALSE,artifact_cell,SUPPORTED_CORRECT,R:sector=Real Estate:coverage:2026Q2
B-C12-1,core,c10,1345476.259999997,"SAR 1,345,476 million",SAR million,ead,FALSE,artifact_cell,SUPPORTED_CORRECT,R:sector=Manufacturing:ead:2026Q2
B-C12-1,core,c11,300040.6899999999,"SAR 300,041 million",SAR million,ead_s2,FALSE,artifact_cell,SUPPORTED_CORRECT,R:sector=Manufacturing:ead_s2:2026Q2
B-C12-1,core,c12,54723.079999999994,"SAR 54,723 million",SAR million,ead_s3,FALSE,artifact_cell,SUPPORTED_CORRECT,R:sector=Manufacturing:ead_s3:2026Q2
B-C12-1,core,c13,36037.61789999996,"SAR 36,038 million",SAR million,ecl,FALSE,artifact_cell,SUPPORTED_CORRECT,R:sector=Manufacturing:ecl:2026Q2
B-C12-1,core,c14,0.02678428373013437,0.03x,ratio,coverage,FALSE,artifact_cell,SUPPORTED_CORRECT,R:sector=Manufacturing:coverage:2026Q2
B-C12-1,core,c15,1139204.0499999986,"SAR 1,139,204 million",SAR million,ead,FALSE,artifact_cell,SUPPORTED_CORRECT,R:sector=Transport and Logistics:ead:2026Q2
B-C12-1,core,c16,260060.50999999998,"SAR 260,061 million",SAR million,ead_s2,FALSE,artifact_cell,SUPPORTED_CORRECT,R:sector=Transport and Logistics:ead_s2:2026Q2
B-C12-1,core,c17,65275.73000000002,"SAR 65,276 million",SAR million,ead_s3,FALSE,artifact_cell,SUPPORTED_CORRECT,R:sector=Transport and Logistics:ead_s3:2026Q2
B-C12-1,core,c18,39188.25420000007,"SAR 39,188 million",SAR million,ecl,FALSE,artifact_cell,SUPPORTED_CORRECT,R:sector=Transport and Logistics:ecl:2026Q2
B-C12-1,core,c19,0.03439967949552156,0.03x,ratio,coverage,FALSE,artifact_cell,SUPPORTED_CORRECT,R:sector=Transport and Logistics:coverage:2026Q2
B-C12-1,core,c20,1114146.0300000005,"SAR 1,114,146 million",SAR million,ead,FALSE,artifact_cell,SUPPORTED_CORRECT,R:sector=Hospitality:ead:2026Q2
B-C12-1,core,c21,448103.25,"SAR 448,103 million",SAR million,ead_s2,FALSE,artifact_cell,SUPPORTED_CORRECT,R:sector=Hospitality:ead_s2:2026Q2
B-C12-1,core,c22,87820.84999999998,"SAR 87,821 million",SAR million,ead_s3,FALSE,artifact_cell,SUPPORTED_CORRECT,R:sector=Hospitality:ead_s3:2026Q2
B-C12-1,core,c23,58920.025799999945,"SAR 58,920 million",SAR million,ecl,FALSE,artifact_cell,SUPPORTED_CORRECT,R:sector=Hospitality:ecl:2026Q2
B-C12-1,core,c24,0.05288357559376657,0.05x,ratio,coverage,FALSE,artifact_cell,SUPPORTED_CORRECT,R:sector=Hospitality:coverage:2026Q2
B-C12-1,core,c25,1084802.6099999985,"SAR 1,084,803 million",SAR million,ead,FALSE,artifact_cell,SUPPORTED_CORRECT,R:sector=Retail Trade:ead:2026Q2
B-C12-1,core,c26,444209.83999999997,"SAR 444,210 million",SAR million,ead_s2,FALSE,artifact_cell,SUPPORTED_CORRECT,R:sector=Retail Trade:ead_s2:2026Q2
B-C12-1,core,c27,74202.79000000005,"SAR 74,203 million",SAR million,ead_s3,FALSE,artifact_cell,SUPPORTED_CORRECT,R:sector=Retail Trade:ead_s3:2026Q2
B-C12-1,core,c28,50052.15790000002,"SAR 50,052 million",SAR million,ecl,FALSE,artifact_cell,SUPPORTED_CORRECT,R:sector=Retail Trade:ecl:2026Q2
B-C12-1,core,c29,0.04613941507755046,0.05x,ratio,coverage,FALSE,artifact_cell,SUPPORTED_CORRECT,R:sector=Retail Trade:coverage:2026Q2
B-C12-1,core,c30,1044725.419999999,"SAR 1,044,725 million",SAR million,ead,FALSE,artifact_cell,SUPPORTED_CORRECT,R:sector=Chemicals:ead:2026Q2
B-C12-1,core,c31,97638.81999999996,"SAR 97,639 million",SAR million,ead_s2,FALSE,artifact_cell,SUPPORTED_CORRECT,R:sector=Chemicals:ead_s2:2026Q2
B-C12-1,core,c32,35684.4,"SAR 35,684 million",SAR million,ead_s3,FALSE,artifact_cell,SUPPORTED_CORRECT,R:sector=Chemicals:ead_s3:2026Q2
B-C12-1,core,c33,20882.88109999998,"SAR 20,883 million",SAR million,ecl,FALSE,artifact_cell,SUPPORTED_CORRECT,R:sector=Chemicals:ecl:2026Q2
B-C12-1,core,c34,0.019988870472779346,0.02x,ratio,coverage,FALSE,artifact_cell,SUPPORTED_CORRECT,R:sector=Chemicals:coverage:2026Q2
B-C12-1,core,c35,967189.9700000006,"SAR 967,190 million",SAR million,ead,FALSE,artifact_cell,SUPPORTED_CORRECT,R:sector=Wholesale Trade:ead:2026Q2
B-C12-1,core,c36,141124.11999999997,"SAR 141,124 million",SAR million,ead_s2,FALSE,artifact_cell,SUPPORTED_CORRECT,R:sector=Wholesale Trade:ead_s2:2026Q2
B-C12-1,core,c37,48579.509999999995,"SAR 48,580 million",SAR million,ead_s3,FALSE,artifact_cell,SUPPORTED_CORRECT,R:sector=Wholesale Trade:ead_s3:2026Q2
B-C12-1,core,c38,26758.484999999986,"SAR 26,758 million",SAR million,ecl,FALSE,artifact_cell,SUPPORTED_CORRECT,R:sector=Wholesale Trade:ecl:2026Q2
B-C12-1,core,c39,0.02766621432188753,0.03x,ratio,coverage,FALSE,artifact_cell,SUPPORTED_CORRECT,R:sector=Wholesale Trade:coverage:2026Q2
B-C12-1,core,c40,960477.909999999,"SAR 960,478 million",SAR million,ead,FALSE,artifact_cell,SUPPORTED_CORRECT,R:sector=Information Technology:ead:2026Q2
B-C12-1,core,c41,100017.29,"SAR 100,017 million",SAR million,ead_s2,FALSE,artifact_cell,SUPPORTED_CORRECT,R:sector=Information Technology:ead_s2:2026Q2
B-C12-1,core,c42,13259.330000000005,"SAR 13,259 million",SAR million,ead_s3,FALSE,artifact_cell,SUPPORTED_CORRECT,R:sector=Information Technology:ead_s3:2026Q2
B-C12-1,core,c43,11314.133900000003,"SAR 11,314 million",SAR million,ecl,FALSE,artifact_cell,SUPPORTED_CORRECT,R:sector=Information Technology:ecl:2026Q2
B-C12-1,core,c44,0.011779691945231738,0.01x,ratio,coverage,FALSE,artifact_cell,SUPPORTED_CORRECT,R:sector=Information Technology:coverage:2026Q2
B-C12-1,core,c45,948211.2299999989,"SAR 948,211 million",SAR million,ead,FALSE,artifact_cell,SUPPORTED_CORRECT,R:sector=Power and Utilities:ead:2026Q2
B-C12-1,core,c46,53934.46999999998,"SAR 53,934 million",SAR million,ead_s2,FALSE,artifact_cell,SUPPORTED_CORRECT,R:sector=Power and Utilities:ead_s2:2026Q2
B-C12-1,core,c47,12938.509999999997,"SAR 12,939 million",SAR million,ead_s3,FALSE,artifact_cell,SUPPORTED_CORRECT,R:sector=Power and Utilities:ead_s3:2026Q2
B-C12-1,core,c48,10358.8423,"SAR 10,359 million",SAR million,ecl,FALSE,artifact_cell,SUPPORTED_CORRECT,R:sector=Power and Utilities:ecl:2026Q2
B-C12-1,core,c49,0.01092461465574502,0.01x,ratio,coverage,FALSE,artifact_cell,SUPPORTED_CORRECT,R:sector=Power and Utilities:coverage:2026Q2
B-C12-1,core,c50,938348.6000000003,"SAR 938,349 million",SAR million,ead,FALSE,artifact_cell,SUPPORTED_CORRECT,R:sector=Healthcare:ead:2026Q2
B-C12-1,core,c51,96312.14000000001,"SAR 96,312 million",SAR million,ead_s2,FALSE,artifact_cell,SUPPORTED_CORRECT,R:sector=Healthcare:ead_s2:2026Q2
B-C12-1,core,c52,17352.370000000003,"SAR 17,352 million",SAR million,ead_s3,FALSE,artifact_cell,SUPPORTED_CORRECT,R:sector=Healthcare:ead_s3:2026Q2
B-C12-1,core,c53,14014.571100000001,"SAR 14,015 million",SAR million,ecl,FALSE,artifact_cell,SUPPORTED_CORRECT,R:sector=Healthcare:ecl:2026Q2
B-C12-1,core,c54,0.01493535675334305,0.01x,ratio,coverage,FALSE,artifact_cell,SUPPORTED_CORRECT,R:sector=Healthcare:coverage:2026Q2
B-C12-1,core,c55,895138.3000000005,"SAR 895,138 million",SAR million,ead,FALSE,artifact_cell,SUPPORTED_CORRECT,R:sector=Agriculture and Agri-processing:ead:2026Q2
B-C12-1,core,c56,182535.55000000005,"SAR 182,536 million",SAR million,ead_s2,FALSE,artifact_cell,SUPPORTED_CORRECT,R:sector=Agriculture and Agri-processing:ead_s2:2026Q2
B-C12-1,core,c57,40200.28000000002,"SAR 40,200 million",SAR million,ead_s3,FALSE,artifact_cell,SUPPORTED_CORRECT,R:sector=Agriculture and Agri-processing:ead_s3:2026Q2
B-C12-1,core,c58,26130.781300000053,"SAR 26,131 million",SAR million,ecl,FALSE,artifact_cell,SUPPORTED_CORRECT,R:sector=Agriculture and Agri-processing:ecl:2026Q2
B-C12-1,core,c59,0.02919189280583798,0.03x,ratio,coverage,FALSE,artifact_cell,SUPPORTED_CORRECT,R:sector=Agriculture and Agri-processing:coverage:2026Q2
B-C12-1,core,c60,763418.8799999993,"SAR 763,419 million",SAR million,ead,FALSE,artifact_cell,SUPPORTED_CORRECT,R:sector=Metals and Mining:ead:2026Q2
B-C12-1,core,c61,134516.96000000002,"SAR 134,517 million",SAR million,ead_s2,FALSE,artifact_cell,SUPPORTED_CORRECT,R:sector=Metals and Mining:ead_s2:2026Q2
B-C12-1,core,c62,16640.65,"SAR 16,641 million",SAR million,ead_s3,FALSE,artifact_cell,SUPPORTED_CORRECT,R:sector=Metals and Mining:ead_s3:2026Q2
B-C12-1,core,c63,12842.2291,"SAR 12,842 million",SAR million,ecl,FALSE,artifact_cell,SUPPORTED_CORRECT,R:sector=Metals and Mining:ecl:2026Q2
B-C12-1,core,c64,0.016821995678178686,0.02x,ratio,coverage,FALSE,artifact_cell,SUPPORTED_CORRECT,R:sector=Metals and Mining:coverage:2026Q2
B-C12-1,core,c65,685223.5799999989,"SAR 685,224 million",SAR million,ead,FALSE,artifact_cell,SUPPORTED_CORRECT,R:sector=Telecommunications:ead:2026Q2
B-C12-1,core,c66,92096.88000000002,"SAR 92,097 million",SAR million,ead_s2,FALSE,artifact_cell,SUPPORTED_CORRECT,R:sector=Telecommunications:ead_s2:2026Q2
B-C12-1,core,c67,14786.740000000003,"SAR 14,787 million",SAR million,ead_s3,FALSE,artifact_cell,SUPPORTED_CORRECT,R:sector=Telecommunications:ead_s3:2026Q2
B-C12-1,core,c68,12033.989299999974,"SAR 12,034 million",SAR million,ecl,FALSE,artifact_cell,SUPPORTED_CORRECT,R:sector=Telecommunications:ecl:2026Q2
B-C12-1,core,c69,0.017562135412794746,0.02x,ratio,coverage,FALSE,artifact_cell,SUPPORTED_CORRECT,R:sector=Telecommunications:coverage:2026Q2
B-C12-2,core,c0,1869524.5800000012,"SAR 1,869,525 million",SAR million,ead,FALSE,artifact_cell,SUPPORTED_CORRECT,R:sector=Construction:ead:2026Q2
B-C12-2,core,c1,1016613.6399999993,"SAR 1,016,614 million",SAR million,ead_s2,FALSE,artifact_cell,SUPPORTED_CORRECT,R:sector=Construction:ead_s2:2026Q2
B-C12-2,core,c2,463682.1000000001,"SAR 463,682 million",SAR million,ead_s3,FALSE,artifact_cell,SUPPORTED_CORRECT,R:sector=Construction:ead_s3:2026Q2
B-C12-2,core,c3,275511.74239999935,"SAR 275,512 million",SAR million,ecl,FALSE,artifact_cell,SUPPORTED_CORRECT,R:sector=Construction:ecl:2026Q2
B-C12-2,core,c4,0.14736994920922578,0.15x,ratio,coverage,FALSE,artifact_cell,SUPPORTED_CORRECT,R:sector=Construction:coverage:2026Q2
B-C12-2,core,c5,1614126.7599999988,"SAR 1,614,127 million",SAR million,ead,FALSE,artifact_cell,SUPPORTED_CORRECT,R:sector=Real Estate:ead:2026Q2
B-C12-2,core,c6,830809.330000001,"SAR 830,809 million",SAR million,ead_s2,FALSE,artifact_cell,SUPPORTED_CORRECT,R:sector=Real Estate:ead_s2:2026Q2
B-C12-2,core,c7,307375.3799999998,"SAR 307,375 million",SAR million,ead_s3,FALSE,artifact_cell,SUPPORTED_CORRECT,R:sector=Real Estate:ead_s3:2026Q2
B-C12-2,core,c8,185429.63859999974,"SAR 185,430 million",SAR million,ecl,FALSE,artifact_cell,SUPPORTED_CORRECT,R:sector=Real Estate:ecl:2026Q2
B-C12-2,core,c9,0.11487922955939339,0.11x,ratio,coverage,FALSE,artifact_cell,SUPPORTED_CORRECT,R:sector=Real Estate:coverage:2026Q2
B-C12-2,core,c10,1345476.259999997,"SAR 1,345,476 million",SAR million,ead,FALSE,artifact_cell,SUPPORTED_CORRECT,R:sector=Manufacturing:ead:2026Q2
B-C12-2,core,c11,300040.6899999999,"SAR 300,041 million",SAR million,ead_s2,FALSE,artifact_cell,SUPPORTED_CORRECT,R:sector=Manufacturing:ead_s2:2026Q2
B-C12-2,core,c12,54723.079999999994,"SAR 54,723 million",SAR million,ead_s3,FALSE,artifact_cell,SUPPORTED_CORRECT,R:sector=Manufacturing:ead_s3:2026Q2
B-C12-2,core,c13,36037.61789999996,"SAR 36,038 million",SAR million,ecl,FALSE,artifact_cell,SUPPORTED_CORRECT,R:sector=Manufacturing:ecl:2026Q2
B-C12-2,core,c14,0.02678428373013437,0.03x,ratio,coverage,FALSE,artifact_cell,SUPPORTED_CORRECT,R:sector=Manufacturing:coverage:2026Q2
B-C12-2,core,c15,1139204.0499999986,"SAR 1,139,204 million",SAR million,ead,FALSE,artifact_cell,SUPPORTED_CORRECT,R:sector=Transport and Logistics:ead:2026Q2
B-C12-2,core,c16,260060.50999999998,"SAR 260,061 million",SAR million,ead_s2,FALSE,artifact_cell,SUPPORTED_CORRECT,R:sector=Transport and Logistics:ead_s2:2026Q2
B-C12-2,core,c17,65275.73000000002,"SAR 65,276 million",SAR million,ead_s3,FALSE,artifact_cell,SUPPORTED_CORRECT,R:sector=Transport and Logistics:ead_s3:2026Q2
B-C12-2,core,c18,39188.25420000007,"SAR 39,188 million",SAR million,ecl,FALSE,artifact_cell,SUPPORTED_CORRECT,R:sector=Transport and Logistics:ecl:2026Q2
B-C12-2,core,c19,0.03439967949552156,0.03x,ratio,coverage,FALSE,artifact_cell,SUPPORTED_CORRECT,R:sector=Transport and Logistics:coverage:2026Q2
B-C12-2,core,c20,1114146.0300000005,"SAR 1,114,146 million",SAR million,ead,FALSE,artifact_cell,SUPPORTED_CORRECT,R:sector=Hospitality:ead:2026Q2
B-C12-2,core,c21,448103.25,"SAR 448,103 million",SAR million,ead_s2,FALSE,artifact_cell,SUPPORTED_CORRECT,R:sector=Hospitality:ead_s2:2026Q2
B-C12-2,core,c22,87820.84999999998,"SAR 87,821 million",SAR million,ead_s3,FALSE,artifact_cell,SUPPORTED_CORRECT,R:sector=Hospitality:ead_s3:2026Q2
B-C12-2,core,c23,58920.025799999945,"SAR 58,920 million",SAR million,ecl,FALSE,artifact_cell,SUPPORTED_CORRECT,R:sector=Hospitality:ecl:2026Q2
B-C12-2,core,c24,0.05288357559376657,0.05x,ratio,coverage,FALSE,artifact_cell,SUPPORTED_CORRECT,R:sector=Hospitality:coverage:2026Q2
B-C12-2,core,c25,1084802.6099999985,"SAR 1,084,803 million",SAR million,ead,FALSE,artifact_cell,SUPPORTED_CORRECT,R:sector=Retail Trade:ead:2026Q2
B-C12-2,core,c26,444209.83999999997,"SAR 444,210 million",SAR million,ead_s2,FALSE,artifact_cell,SUPPORTED_CORRECT,R:sector=Retail Trade:ead_s2:2026Q2
B-C12-2,core,c27,74202.79000000005,"SAR 74,203 million",SAR million,ead_s3,FALSE,artifact_cell,SUPPORTED_CORRECT,R:sector=Retail Trade:ead_s3:2026Q2
B-C12-2,core,c28,50052.15790000002,"SAR 50,052 million",SAR million,ecl,FALSE,artifact_cell,SUPPORTED_CORRECT,R:sector=Retail Trade:ecl:2026Q2
B-C12-2,core,c29,0.04613941507755046,0.05x,ratio,coverage,FALSE,artifact_cell,SUPPORTED_CORRECT,R:sector=Retail Trade:coverage:2026Q2
B-C12-2,core,c30,1044725.419999999,"SAR 1,044,725 million",SAR million,ead,FALSE,artifact_cell,SUPPORTED_CORRECT,R:sector=Chemicals:ead:2026Q2
B-C12-2,core,c31,97638.81999999996,"SAR 97,639 million",SAR million,ead_s2,FALSE,artifact_cell,SUPPORTED_CORRECT,R:sector=Chemicals:ead_s2:2026Q2
B-C12-2,core,c32,35684.4,"SAR 35,684 million",SAR million,ead_s3,FALSE,artifact_cell,SUPPORTED_CORRECT,R:sector=Chemicals:ead_s3:2026Q2
B-C12-2,core,c33,20882.88109999998,"SAR 20,883 million",SAR million,ecl,FALSE,artifact_cell,SUPPORTED_CORRECT,R:sector=Chemicals:ecl:2026Q2
B-C12-2,core,c34,0.019988870472779346,0.02x,ratio,coverage,FALSE,artifact_cell,SUPPORTED_CORRECT,R:sector=Chemicals:coverage:2026Q2
B-C12-2,core,c35,967189.9700000006,"SAR 967,190 million",SAR million,ead,FALSE,artifact_cell,SUPPORTED_CORRECT,R:sector=Wholesale Trade:ead:2026Q2
B-C12-2,core,c36,141124.11999999997,"SAR 141,124 million",SAR million,ead_s2,FALSE,artifact_cell,SUPPORTED_CORRECT,R:sector=Wholesale Trade:ead_s2:2026Q2
B-C12-2,core,c37,48579.509999999995,"SAR 48,580 million",SAR million,ead_s3,FALSE,artifact_cell,SUPPORTED_CORRECT,R:sector=Wholesale Trade:ead_s3:2026Q2
B-C12-2,core,c38,26758.484999999986,"SAR 26,758 million",SAR million,ecl,FALSE,artifact_cell,SUPPORTED_CORRECT,R:sector=Wholesale Trade:ecl:2026Q2
B-C12-2,core,c39,0.02766621432188753,0.03x,ratio,coverage,FALSE,artifact_cell,SUPPORTED_CORRECT,R:sector=Wholesale Trade:coverage:2026Q2
B-C12-2,core,c40,960477.909999999,"SAR 960,478 million",SAR million,ead,FALSE,artifact_cell,SUPPORTED_CORRECT,R:sector=Information Technology:ead:2026Q2
B-C12-2,core,c41,100017.29,"SAR 100,017 million",SAR million,ead_s2,FALSE,artifact_cell,SUPPORTED_CORRECT,R:sector=Information Technology:ead_s2:2026Q2
B-C12-2,core,c42,13259.330000000005,"SAR 13,259 million",SAR million,ead_s3,FALSE,artifact_cell,SUPPORTED_CORRECT,R:sector=Information Technology:ead_s3:2026Q2
B-C12-2,core,c43,11314.133900000003,"SAR 11,314 million",SAR million,ecl,FALSE,artifact_cell,SUPPORTED_CORRECT,R:sector=Information Technology:ecl:2026Q2
B-C12-2,core,c44,0.011779691945231738,0.01x,ratio,coverage,FALSE,artifact_cell,SUPPORTED_CORRECT,R:sector=Information Technology:coverage:2026Q2
B-C12-2,core,c45,948211.2299999989,"SAR 948,211 million",SAR million,ead,FALSE,artifact_cell,SUPPORTED_CORRECT,R:sector=Power and Utilities:ead:2026Q2
B-C12-2,core,c46,53934.46999999998,"SAR 53,934 million",SAR million,ead_s2,FALSE,artifact_cell,SUPPORTED_CORRECT,R:sector=Power and Utilities:ead_s2:2026Q2
B-C12-2,core,c47,12938.509999999997,"SAR 12,939 million",SAR million,ead_s3,FALSE,artifact_cell,SUPPORTED_CORRECT,R:sector=Power and Utilities:ead_s3:2026Q2
B-C12-2,core,c48,10358.8423,"SAR 10,359 million",SAR million,ecl,FALSE,artifact_cell,SUPPORTED_CORRECT,R:sector=Power and Utilities:ecl:2026Q2
B-C12-2,core,c49,0.01092461465574502,0.01x,ratio,coverage,FALSE,artifact_cell,SUPPORTED_CORRECT,R:sector=Power and Utilities:coverage:2026Q2
B-C12-2,core,c50,938348.6000000003,"SAR 938,349 million",SAR million,ead,FALSE,artifact_cell,SUPPORTED_CORRECT,R:sector=Healthcare:ead:2026Q2
B-C12-2,core,c51,96312.14000000001,"SAR 96,312 million",SAR million,ead_s2,FALSE,artifact_cell,SUPPORTED_CORRECT,R:sector=Healthcare:ead_s2:2026Q2
B-C12-2,core,c52,17352.370000000003,"SAR 17,352 million",SAR million,ead_s3,FALSE,artifact_cell,SUPPORTED_CORRECT,R:sector=Healthcare:ead_s3:2026Q2
B-C12-2,core,c53,14014.571100000001,"SAR 14,015 million",SAR million,ecl,FALSE,artifact_cell,SUPPORTED_CORRECT,R:sector=Healthcare:ecl:2026Q2
B-C12-2,core,c54,0.01493535675334305,0.01x,ratio,coverage,FALSE,artifact_cell,SUPPORTED_CORRECT,R:sector=Healthcare:coverage:2026Q2
B-C12-2,core,c55,895138.3000000005,"SAR 895,138 million",SAR million,ead,FALSE,artifact_cell,SUPPORTED_CORRECT,R:sector=Agriculture and Agri-processing:ead:2026Q2
B-C12-2,core,c56,182535.55000000005,"SAR 182,536 million",SAR million,ead_s2,FALSE,artifact_cell,SUPPORTED_CORRECT,R:sector=Agriculture and Agri-processing:ead_s2:2026Q2
B-C12-2,core,c57,40200.28000000002,"SAR 40,200 million",SAR million,ead_s3,FALSE,artifact_cell,SUPPORTED_CORRECT,R:sector=Agriculture and Agri-processing:ead_s3:2026Q2
B-C12-2,core,c58,26130.781300000053,"SAR 26,131 million",SAR million,ecl,FALSE,artifact_cell,SUPPORTED_CORRECT,R:sector=Agriculture and Agri-processing:ecl:2026Q2
B-C12-2,core,c59,0.02919189280583798,0.03x,ratio,coverage,FALSE,artifact_cell,SUPPORTED_CORRECT,R:sector=Agriculture and Agri-processing:coverage:2026Q2
B-C12-2,core,c60,763418.8799999993,"SAR 763,419 million",SAR million,ead,FALSE,artifact_cell,SUPPORTED_CORRECT,R:sector=Metals and Mining:ead:2026Q2
B-C12-2,core,c61,134516.96000000002,"SAR 134,517 million",SAR million,ead_s2,FALSE,artifact_cell,SUPPORTED_CORRECT,R:sector=Metals and Mining:ead_s2:2026Q2
B-C12-2,core,c62,16640.65,"SAR 16,641 million",SAR million,ead_s3,FALSE,artifact_cell,SUPPORTED_CORRECT,R:sector=Metals and Mining:ead_s3:2026Q2
B-C12-2,core,c63,12842.2291,"SAR 12,842 million",SAR million,ecl,FALSE,artifact_cell,SUPPORTED_CORRECT,R:sector=Metals and Mining:ecl:2026Q2
B-C12-2,core,c64,0.016821995678178686,0.02x,ratio,coverage,FALSE,artifact_cell,SUPPORTED_CORRECT,R:sector=Metals and Mining:coverage:2026Q2
B-C12-2,core,c65,685223.5799999989,"SAR 685,224 million",SAR million,ead,FALSE,artifact_cell,SUPPORTED_CORRECT,R:sector=Telecommunications:ead:2026Q2
B-C12-2,core,c66,92096.88000000002,"SAR 92,097 million",SAR million,ead_s2,FALSE,artifact_cell,SUPPORTED_CORRECT,R:sector=Telecommunications:ead_s2:2026Q2
B-C12-2,core,c67,14786.740000000003,"SAR 14,787 million",SAR million,ead_s3,FALSE,artifact_cell,SUPPORTED_CORRECT,R:sector=Telecommunications:ead_s3:2026Q2
B-C12-2,core,c68,12033.989299999974,"SAR 12,034 million",SAR million,ecl,FALSE,artifact_cell,SUPPORTED_CORRECT,R:sector=Telecommunications:ecl:2026Q2
B-C12-2,core,c69,0.017562135412794746,0.02x,ratio,coverage,FALSE,artifact_cell,SUPPORTED_CORRECT,R:sector=Telecommunications:coverage:2026Q2
B-C13-1,core,c0,148751.1099999991,"SAR 148,751 million",SAR million,total_abs_change,FALSE,artifact_cell,SUPPORTED_CORRECT,R:total:ead_s2:abs_change
B-C13-1,core,c1,50905.329999999725,"SAR 50,905 million",SAR million,ead_s2_abs_change,FALSE,artifact_cell,SUPPORTED_CORRECT,R:sector=Retail Trade:ead_s2:abs_change:2026Q2 vs 2026Q1
B-C13-1,core,c2,39982.92999999999,"SAR 39,983 million",SAR million,ead_s2_abs_change,FALSE,artifact_cell,SUPPORTED_CORRECT,R:sector=Hospitality:ead_s2:abs_change:2026Q2 vs 2026Q1
B-C13-1,core,c3,29965.609999999928,"SAR 29,966 million",SAR million,ead_s2_abs_change,FALSE,artifact_cell,SUPPORTED_CORRECT,R:sector=Manufacturing:ead_s2:abs_change:2026Q2 vs 2026Q1
B-C13-1,core,c4,-27196.230000002193,"SAR -27,196 million",SAR million,ead_s2_abs_change,FALSE,artifact_cell,SUPPORTED_CORRECT,R:sector=Construction:ead_s2:abs_change:2026Q2 vs 2026Q1
B-C13-1,core,c5,16879.32999999993,"SAR 16,879 million",SAR million,ead_s2_abs_change,FALSE,artifact_cell,SUPPORTED_CORRECT,R:sector=Chemicals:ead_s2:abs_change:2026Q2 vs 2026Q1
B-C13-2,core,c0,148751.1099999991,"SAR 148,751 million",SAR million,total_abs_change,FALSE,artifact_cell,SUPPORTED_CORRECT,R:total:ead_s2:abs_change
B-C13-2,core,c1,50905.329999999725,"SAR 50,905 million",SAR million,ead_s2_abs_change,FALSE,artifact_cell,SUPPORTED_CORRECT,R:sector=Retail Trade:ead_s2:abs_change:2026Q2 vs 2026Q1
B-C13-2,core,c2,39982.92999999999,"SAR 39,983 million",SAR million,ead_s2_abs_change,FALSE,artifact_cell,SUPPORTED_CORRECT,R:sector=Hospitality:ead_s2:abs_change:2026Q2 vs 2026Q1
B-C13-2,core,c3,29965.609999999928,"SAR 29,966 million",SAR million,ead_s2_abs_change,FALSE,artifact_cell,SUPPORTED_CORRECT,R:sector=Manufacturing:ead_s2:abs_change:2026Q2 vs 2026Q1
B-C13-2,core,c4,-27196.230000002193,"SAR -27,196 million",SAR million,ead_s2_abs_change,FALSE,artifact_cell,SUPPORTED_CORRECT,R:sector=Construction:ead_s2:abs_change:2026Q2 vs 2026Q1
B-C13-2,core,c5,16879.32999999993,"SAR 16,879 million",SAR million,ead_s2_abs_change,FALSE,artifact_cell,SUPPORTED_CORRECT,R:sector=Chemicals:ead_s2:abs_change:2026Q2 vs 2026Q1
B-R01-1,core,c0,19738.832140000075,"SAR 19,739 million",SAR million,ead,FALSE,artifact_cell,SUPPORTED_CORRECT,R:total:ead:2026-08
B-R01-2,core,c0,19738.832140000075,"SAR 19,739 million",SAR million,ead,FALSE,artifact_cell,SUPPORTED_CORRECT,R:total:ead:2026-08
B-R02-1,core,c0,224.55657799999955,SAR 225 million,SAR million,ecl,FALSE,artifact_cell,SUPPORTED_CORRECT,R:total:ecl:2026-08
B-R02-2,core,c0,224.55657799999955,SAR 225 million,SAR million,ecl,FALSE,artifact_cell,SUPPORTED_CORRECT,R:total:ecl:2026-08
B-R03-1,core,c0,16648.92203999996,"SAR 16,649 million",SAR million,ead,FALSE,artifact_cell,SUPPORTED_CORRECT,R:product=Mortgage:ead:2026-08
B-R03-1,core,c1,1796.9443000000022,"SAR 1,797 million",SAR million,ead,FALSE,artifact_cell,SUPPORTED_CORRECT,R:product=Personal Finance:ead:2026-08
B-R03-1,core,c2,740.8253000000019,SAR 741 million,SAR million,ead,FALSE,artifact_cell,SUPPORTED_CORRECT,R:product=Auto Finance:ead:2026-08
B-R03-1,core,c3,513.1842799999981,SAR 513 million,SAR million,ead,FALSE,artifact_cell,SUPPORTED_CORRECT,R:product=Credit Card:ead:2026-08
B-R03-1,core,c4,38.95622000000003,SAR 39 million,SAR million,ead,FALSE,artifact_cell,SUPPORTED_CORRECT,R:product=Buy Now Pay Later:ead:2026-08
B-R03-2,core,c0,16648.92203999996,"SAR 16,649 million",SAR million,ead,FALSE,artifact_cell,SUPPORTED_CORRECT,R:product=Mortgage:ead:2026-08
B-R03-2,core,c1,1796.9443000000022,"SAR 1,797 million",SAR million,ead,FALSE,artifact_cell,SUPPORTED_CORRECT,R:product=Personal Finance:ead:2026-08
B-R03-2,core,c2,740.8253000000019,SAR 741 million,SAR million,ead,FALSE,artifact_cell,SUPPORTED_CORRECT,R:product=Auto Finance:ead:2026-08
B-R03-2,core,c3,513.1842799999981,SAR 513 million,SAR million,ead,FALSE,artifact_cell,SUPPORTED_CORRECT,R:product=Credit Card:ead:2026-08
B-R03-2,core,c4,38.95622000000003,SAR 39 million,SAR million,ead,FALSE,artifact_cell,SUPPORTED_CORRECT,R:product=Buy Now Pay Later:ead:2026-08
B-R04-1,core,c0,600.7501900000005,SAR 601 million,SAR million,ead_s2,FALSE,artifact_cell,SUPPORTED_CORRECT,R:product=Mortgage:ead_s2:2026-08
B-R04-1,core,c1,213.63617999999994,SAR 214 million,SAR million,ead_s2,FALSE,artifact_cell,SUPPORTED_CORRECT,R:product=Personal Finance:ead_s2:2026-08
B-R04-1,core,c2,109.60529,SAR 110 million,SAR million,ead_s2,FALSE,artifact_cell,SUPPORTED_CORRECT,R:product=Credit Card:ead_s2:2026-08
B-R04-1,core,c3,15.77941,SAR 16 million,SAR million,ead_s2,FALSE,artifact_cell,SUPPORTED_CORRECT,R:product=Auto Finance:ead_s2:2026-08
B-R04-1,core,c4,7.435949999999996,SAR 7 million,SAR million,ead_s2,FALSE,artifact_cell,SUPPORTED_CORRECT,R:product=Buy Now Pay Later:ead_s2:2026-08
B-R04-2,core,c0,600.7501900000005,SAR 601 million,SAR million,ead_s2,FALSE,artifact_cell,SUPPORTED_CORRECT,R:product=Mortgage:ead_s2:2026-08
B-R04-2,core,c1,213.63617999999994,SAR 214 million,SAR million,ead_s2,FALSE,artifact_cell,SUPPORTED_CORRECT,R:product=Personal Finance:ead_s2:2026-08
B-R04-2,core,c2,109.60529,SAR 110 million,SAR million,ead_s2,FALSE,artifact_cell,SUPPORTED_CORRECT,R:product=Credit Card:ead_s2:2026-08
B-R04-2,core,c3,15.77941,SAR 16 million,SAR million,ead_s2,FALSE,artifact_cell,SUPPORTED_CORRECT,R:product=Auto Finance:ead_s2:2026-08
B-R04-2,core,c4,7.435949999999996,SAR 7 million,SAR million,ead_s2,FALSE,artifact_cell,SUPPORTED_CORRECT,R:product=Buy Now Pay Later:ead_s2:2026-08
B-R05-1,core,c0,0.01137638622220933,0.01x,ratio,coverage,FALSE,artifact_cell,SUPPORTED_CORRECT,R:total:coverage:2026-08
B-R05-2,core,c0,0.01137638622220933,0.01x,ratio,coverage,FALSE,artifact_cell,SUPPORTED_CORRECT,R:total:coverage:2026-08
B-R06-1,core,c0,0.21357881422244734,0.21x,ratio,s2_share,FALSE,artifact_cell,SUPPORTED_CORRECT,R:product=Credit Card:s2_share:2026-08
B-R06-1,core,c1,0.19087965926878916,0.19x,ratio,s2_share,FALSE,artifact_cell,SUPPORTED_CORRECT,R:product=Buy Now Pay Later:s2_share:2026-08
B-R06-1,core,c2,0.1188885932635751,0.12x,ratio,s2_share,FALSE,artifact_cell,SUPPORTED_CORRECT,R:product=Personal Finance:s2_share:2026-08
B-R06-1,core,c3,0.03608342861818109,0.04x,ratio,s2_share,FALSE,artifact_cell,SUPPORTED_CORRECT,R:product=Mortgage:s2_share:2026-08
B-R06-1,core,c4,0.021299772024524485,0.02x,ratio,s2_share,FALSE,artifact_cell,SUPPORTED_CORRECT,R:product=Auto Finance:s2_share:2026-08
B-R06-2,core,c0,0.21357881422244734,0.21x,ratio,s2_share,FALSE,artifact_cell,SUPPORTED_CORRECT,R:product=Credit Card:s2_share:2026-08
B-R06-2,core,c1,0.19087965926878916,0.19x,ratio,s2_share,FALSE,artifact_cell,SUPPORTED_CORRECT,R:product=Buy Now Pay Later:s2_share:2026-08
B-R06-2,core,c2,0.1188885932635751,0.12x,ratio,s2_share,FALSE,artifact_cell,SUPPORTED_CORRECT,R:product=Personal Finance:s2_share:2026-08
B-R06-2,core,c3,0.03608342861818109,0.04x,ratio,s2_share,FALSE,artifact_cell,SUPPORTED_CORRECT,R:product=Mortgage:s2_share:2026-08
B-R06-2,core,c4,0.021299772024524485,0.02x,ratio,s2_share,FALSE,artifact_cell,SUPPORTED_CORRECT,R:product=Auto Finance:s2_share:2026-08
B-R07-1,core,c0,19.18946199999928,SAR 19 million,SAR million,ecl_abs_change,FALSE,artifact_cell,SUPPORTED_CORRECT,R:total:ecl:abs_change:2026-08 vs 2026-07
B-R07-1,core,c1,0.09343979880400743,0.09x,ratio,ecl_pct_change,FALSE,artifact_cell,SUPPORTED_CORRECT,R:total:ecl:pct_change:2026-08 vs 2026-07
B-R07-2,core,c0,19.18946199999928,SAR 19 million,SAR million,ecl_abs_change,FALSE,artifact_cell,SUPPORTED_CORRECT,R:total:ecl:abs_change:2026-08 vs 2026-07
B-R07-2,core,c1,0.09343979880400743,0.09x,ratio,ecl_pct_change,FALSE,artifact_cell,SUPPORTED_CORRECT,R:total:ecl:pct_change:2026-08 vs 2026-07
B-R08-1,core,c0,347.7120799999998,SAR 348 million,SAR million,dpd30_ead,FALSE,artifact_cell,SUPPORTED_CORRECT,R:total:dpd30_ead:2026-08
B-R08-2,core,c0,347.7120799999998,SAR 348 million,SAR million,dpd30_ead,FALSE,artifact_cell,SUPPORTED_CORRECT,R:total:dpd30_ead:2026-08
B-R09-1,core,c0,19243.95666000003,"SAR 19,244 million",SAR million,ead,FALSE,artifact_cell,SUPPORTED_CORRECT,R:delinquency_bucket=Current:ead:2026-08
B-R09-1,core,c1,184.85221999999996,SAR 185 million,SAR million,ead,FALSE,artifact_cell,SUPPORTED_CORRECT,R:delinquency_bucket=90+:ead:2026-08
B-R09-1,core,c2,147.16340000000014,SAR 147 million,SAR million,ead,FALSE,artifact_cell,SUPPORTED_CORRECT,R:delinquency_bucket=1-29:ead:2026-08
B-R09-1,core,c3,92.20270000000009,SAR 92 million,SAR million,ead,FALSE,artifact_cell,SUPPORTED_CORRECT,R:delinquency_bucket=30-59:ead:2026-08
B-R09-1,core,c4,70.65715999999999,SAR 71 million,SAR million,ead,FALSE,artifact_cell,SUPPORTED_CORRECT,R:delinquency_bucket=60-89:ead:2026-08
B-R09-2,core,c0,19243.95666000003,"SAR 19,244 million",SAR million,ead,FALSE,artifact_cell,SUPPORTED_CORRECT,R:delinquency_bucket=Current:ead:2026-08
B-R09-2,core,c1,184.85221999999996,SAR 185 million,SAR million,ead,FALSE,artifact_cell,SUPPORTED_CORRECT,R:delinquency_bucket=90+:ead:2026-08
B-R09-2,core,c2,147.16340000000014,SAR 147 million,SAR million,ead,FALSE,artifact_cell,SUPPORTED_CORRECT,R:delinquency_bucket=1-29:ead:2026-08
B-R09-2,core,c3,92.20270000000009,SAR 92 million,SAR million,ead,FALSE,artifact_cell,SUPPORTED_CORRECT,R:delinquency_bucket=30-59:ead:2026-08
B-R09-2,core,c4,70.65715999999999,SAR 71 million,SAR million,ead,FALSE,artifact_cell,SUPPORTED_CORRECT,R:delinquency_bucket=60-89:ead:2026-08
B-R10-1,core,c0,0.21357881422244734,0.21x,ratio,s2_share,FALSE,artifact_cell,SUPPORTED_CORRECT,R:product=Credit Card:s2_share:2026-08
B-R10-1,core,c1,0.19087965926878916,0.19x,ratio,s2_share,FALSE,artifact_cell,SUPPORTED_CORRECT,R:product=Buy Now Pay Later:s2_share:2026-08
B-R10-1,core,c2,0.1188885932635751,0.12x,ratio,s2_share,FALSE,artifact_cell,SUPPORTED_CORRECT,R:product=Personal Finance:s2_share:2026-08
B-R10-1,core,c3,0.03608342861818109,0.04x,ratio,s2_share,FALSE,artifact_cell,SUPPORTED_CORRECT,R:product=Mortgage:s2_share:2026-08
B-R10-1,core,c4,0.021299772024524485,0.02x,ratio,s2_share,FALSE,artifact_cell,SUPPORTED_CORRECT,R:product=Auto Finance:s2_share:2026-08
B-R10-2,core,c0,0.21357881422244734,0.21x,ratio,s2_share,FALSE,artifact_cell,SUPPORTED_CORRECT,R:product=Credit Card:s2_share:2026-08
B-R10-2,core,c1,0.19087965926878916,0.19x,ratio,s2_share,FALSE,artifact_cell,SUPPORTED_CORRECT,R:product=Buy Now Pay Later:s2_share:2026-08
B-R10-2,core,c2,0.1188885932635751,0.12x,ratio,s2_share,FALSE,artifact_cell,SUPPORTED_CORRECT,R:product=Personal Finance:s2_share:2026-08
B-R10-2,core,c3,0.03608342861818109,0.04x,ratio,s2_share,FALSE,artifact_cell,SUPPORTED_CORRECT,R:product=Mortgage:s2_share:2026-08
B-R10-2,core,c4,0.021299772024524485,0.02x,ratio,s2_share,FALSE,artifact_cell,SUPPORTED_CORRECT,R:product=Auto Finance:s2_share:2026-08
B-R11-1,core,c0,740.8253000000019,SAR 741 million,SAR million,ead_latest,FALSE,artifact_cell,SUPPORTED_CORRECT,R:product=Auto Finance:ead:latest:2026-08
B-R11-1,core,c1,724.0621800000009,SAR 724 million,SAR million,ead_base,FALSE,artifact_cell,SUPPORTED_CORRECT,R:product=Auto Finance:ead:base:2026-07
B-R11-1,core,c2,16.76312000000098,SAR 17 million,SAR million,ead_abs_change,FALSE,artifact_cell,SUPPORTED_CORRECT,R:product=Auto Finance:ead:abs_change:2026-08 vs 2026-07
B-R11-1,core,c3,0.023151492320729914,0.02x,ratio,ead_pct_change,FALSE,artifact_cell,SUPPORTED_CORRECT,R:product=Auto Finance:ead:pct_change:2026-08 vs 2026-07
B-R11-1,core,c4,38.95622000000003,SAR 39 million,SAR million,ead_latest,FALSE,artifact_cell,SUPPORTED_CORRECT,R:product=Buy Now Pay Later:ead:latest:2026-08
B-R11-1,core,c5,30.69454999999997,SAR 31 million,SAR million,ead_base,FALSE,artifact_cell,SUPPORTED_CORRECT,R:product=Buy Now Pay Later:ead:base:2026-07
B-R11-1,core,c6,8.26167000000006,SAR 8 million,SAR million,ead_abs_change,FALSE,artifact_cell,SUPPORTED_CORRECT,R:product=Buy Now Pay Later:ead:abs_change:2026-08 vs 2026-07
B-R11-1,core,c7,0.26915755402832314,0.27x,ratio,ead_pct_change,FALSE,artifact_cell,SUPPORTED_CORRECT,R:product=Buy Now Pay Later:ead:pct_change:2026-08 vs 2026-07
B-R11-1,core,c8,513.1842799999981,SAR 513 million,SAR million,ead_latest,FALSE,artifact_cell,SUPPORTED_CORRECT,R:product=Credit Card:ead:latest:2026-08
B-R11-1,core,c9,490.41891999999956,SAR 490 million,SAR million,ead_base,FALSE,artifact_cell,SUPPORTED_CORRECT,R:product=Credit Card:ead:base:2026-07
B-R11-1,core,c10,22.765359999998566,SAR 23 million,SAR million,ead_abs_change,FALSE,artifact_cell,SUPPORTED_CORRECT,R:product=Credit Card:ead:abs_change:2026-08 vs 2026-07
B-R11-1,core,c11,0.046420231911115065,0.05x,ratio,ead_pct_change,FALSE,artifact_cell,SUPPORTED_CORRECT,R:product=Credit Card:ead:pct_change:2026-08 vs 2026-07
B-R11-1,core,c12,16648.92203999996,"SAR 16,649 million",SAR million,ead_latest,FALSE,artifact_cell,SUPPORTED_CORRECT,R:product=Mortgage:ead:latest:2026-08
B-R11-1,core,c13,15828.481929999945,"SAR 15,828 million",SAR million,ead_base,FALSE,artifact_cell,SUPPORTED_CORRECT,R:product=Mortgage:ead:base:2026-07
B-R11-1,core,c14,820.4401100000159,SAR 820 million,SAR million,ead_abs_change,FALSE,artifact_cell,SUPPORTED_CORRECT,R:product=Mortgage:ead:abs_change:2026-08 vs 2026-07
B-R11-1,core,c15,0.05183315201219797,0.05x,ratio,ead_pct_change,FALSE,artifact_cell,SUPPORTED_CORRECT,R:product=Mortgage:ead:pct_change:2026-08 vs 2026-07
B-R11-1,core,c16,1796.9443000000022,"SAR 1,797 million",SAR million,ead_latest,FALSE,artifact_cell,SUPPORTED_CORRECT,R:product=Personal Finance:ead:latest:2026-08
B-R11-1,core,c17,1746.6121500000081,"SAR 1,747 million",SAR million,ead_base,FALSE,artifact_cell,SUPPORTED_CORRECT,R:product=Personal Finance:ead:base:2026-07
B-R11-1,core,c18,50.332149999994044,SAR 50 million,SAR million,ead_abs_change,FALSE,artifact_cell,SUPPORTED_CORRECT,R:product=Personal Finance:ead:abs_change:2026-08 vs 2026-07
B-R11-1,core,c19,0.028817015844069222,0.03x,ratio,ead_pct_change,FALSE,artifact_cell,SUPPORTED_CORRECT,R:product=Personal Finance:ead:pct_change:2026-08 vs 2026-07
B-R11-2,core,c0,740.8253000000019,SAR 741 million,SAR million,ead_latest,FALSE,artifact_cell,SUPPORTED_CORRECT,R:product=Auto Finance:ead:latest:2026-08
B-R11-2,core,c1,724.0621800000009,SAR 724 million,SAR million,ead_base,FALSE,artifact_cell,SUPPORTED_CORRECT,R:product=Auto Finance:ead:base:2026-07
B-R11-2,core,c2,16.76312000000098,SAR 17 million,SAR million,ead_abs_change,FALSE,artifact_cell,SUPPORTED_CORRECT,R:product=Auto Finance:ead:abs_change:2026-08 vs 2026-07
B-R11-2,core,c3,0.023151492320729914,0.02x,ratio,ead_pct_change,FALSE,artifact_cell,SUPPORTED_CORRECT,R:product=Auto Finance:ead:pct_change:2026-08 vs 2026-07
B-R11-2,core,c4,38.95622000000003,SAR 39 million,SAR million,ead_latest,FALSE,artifact_cell,SUPPORTED_CORRECT,R:product=Buy Now Pay Later:ead:latest:2026-08
B-R11-2,core,c5,30.69454999999997,SAR 31 million,SAR million,ead_base,FALSE,artifact_cell,SUPPORTED_CORRECT,R:product=Buy Now Pay Later:ead:base:2026-07
B-R11-2,core,c6,8.26167000000006,SAR 8 million,SAR million,ead_abs_change,FALSE,artifact_cell,SUPPORTED_CORRECT,R:product=Buy Now Pay Later:ead:abs_change:2026-08 vs 2026-07
B-R11-2,core,c7,0.26915755402832314,0.27x,ratio,ead_pct_change,FALSE,artifact_cell,SUPPORTED_CORRECT,R:product=Buy Now Pay Later:ead:pct_change:2026-08 vs 2026-07
B-R11-2,core,c8,513.1842799999981,SAR 513 million,SAR million,ead_latest,FALSE,artifact_cell,SUPPORTED_CORRECT,R:product=Credit Card:ead:latest:2026-08
B-R11-2,core,c9,490.41891999999956,SAR 490 million,SAR million,ead_base,FALSE,artifact_cell,SUPPORTED_CORRECT,R:product=Credit Card:ead:base:2026-07
B-R11-2,core,c10,22.765359999998566,SAR 23 million,SAR million,ead_abs_change,FALSE,artifact_cell,SUPPORTED_CORRECT,R:product=Credit Card:ead:abs_change:2026-08 vs 2026-07
B-R11-2,core,c11,0.046420231911115065,0.05x,ratio,ead_pct_change,FALSE,artifact_cell,SUPPORTED_CORRECT,R:product=Credit Card:ead:pct_change:2026-08 vs 2026-07
B-R11-2,core,c12,16648.92203999996,"SAR 16,649 million",SAR million,ead_latest,FALSE,artifact_cell,SUPPORTED_CORRECT,R:product=Mortgage:ead:latest:2026-08
B-R11-2,core,c13,15828.481929999945,"SAR 15,828 million",SAR million,ead_base,FALSE,artifact_cell,SUPPORTED_CORRECT,R:product=Mortgage:ead:base:2026-07
B-R11-2,core,c14,820.4401100000159,SAR 820 million,SAR million,ead_abs_change,FALSE,artifact_cell,SUPPORTED_CORRECT,R:product=Mortgage:ead:abs_change:2026-08 vs 2026-07
B-R11-2,core,c15,0.05183315201219797,0.05x,ratio,ead_pct_change,FALSE,artifact_cell,SUPPORTED_CORRECT,R:product=Mortgage:ead:pct_change:2026-08 vs 2026-07
B-R11-2,core,c16,1796.9443000000022,"SAR 1,797 million",SAR million,ead_latest,FALSE,artifact_cell,SUPPORTED_CORRECT,R:product=Personal Finance:ead:latest:2026-08
B-R11-2,core,c17,1746.6121500000081,"SAR 1,747 million",SAR million,ead_base,FALSE,artifact_cell,SUPPORTED_CORRECT,R:product=Personal Finance:ead:base:2026-07
B-R11-2,core,c18,50.332149999994044,SAR 50 million,SAR million,ead_abs_change,FALSE,artifact_cell,SUPPORTED_CORRECT,R:product=Personal Finance:ead:abs_change:2026-08 vs 2026-07
B-R11-2,core,c19,0.028817015844069222,0.03x,ratio,ead_pct_change,FALSE,artifact_cell,SUPPORTED_CORRECT,R:product=Personal Finance:ead:pct_change:2026-08 vs 2026-07
B-R12-1,core,c0,16648.92203999996,"SAR 16,649 million",SAR million,ead,FALSE,artifact_cell,SUPPORTED_CORRECT,R:product=Mortgage:ead:2026-08
B-R12-1,core,c1,600.7501900000005,SAR 601 million,SAR million,ead_s2,FALSE,artifact_cell,SUPPORTED_CORRECT,R:product=Mortgage:ead_s2:2026-08
B-R12-1,core,c2,70.59315,SAR 71 million,SAR million,ead_s3,FALSE,artifact_cell,SUPPORTED_CORRECT,R:product=Mortgage:ead_s3:2026-08
B-R12-1,core,c3,45.1441569999999,SAR 45 million,SAR million,ecl,FALSE,artifact_cell,SUPPORTED_CORRECT,R:product=Mortgage:ecl:2026-08
B-R12-1,core,c4,0.0027115363319942607,0.00x,ratio,coverage,FALSE,artifact_cell,SUPPORTED_CORRECT,R:product=Mortgage:coverage:2026-08
B-R12-1,core,c5,1796.9443000000022,"SAR 1,797 million",SAR million,ead,FALSE,artifact_cell,SUPPORTED_CORRECT,R:product=Personal Finance:ead:2026-08
B-R12-1,core,c6,213.63617999999994,SAR 214 million,SAR million,ead_s2,FALSE,artifact_cell,SUPPORTED_CORRECT,R:product=Personal Finance:ead_s2:2026-08
B-R12-1,core,c7,70.09473000000001,SAR 70 million,SAR million,ead_s3,FALSE,artifact_cell,SUPPORTED_CORRECT,R:product=Personal Finance:ead_s3:2026-08
B-R12-1,core,c8,108.16221700000004,SAR 108 million,SAR million,ecl,FALSE,artifact_cell,SUPPORTED_CORRECT,R:product=Personal Finance:ecl:2026-08
B-R12-1,core,c9,0.06019230367908449,0.06x,ratio,coverage,FALSE,artifact_cell,SUPPORTED_CORRECT,R:product=Personal Finance:coverage:2026-08
B-R12-1,core,c10,740.8253000000019,SAR 741 million,SAR million,ead,FALSE,artifact_cell,SUPPORTED_CORRECT,R:product=Auto Finance:ead:2026-08
B-R12-1,core,c11,15.77941,SAR 16 million,SAR million,ead_s2,FALSE,artifact_cell,SUPPORTED_CORRECT,R:product=Auto Finance:ead_s2:2026-08
B-R12-1,core,c12,9.84009,SAR 10 million,SAR million,ead_s3,FALSE,artifact_cell,SUPPORTED_CORRECT,R:product=Auto Finance:ead_s3:2026-08
B-R12-1,core,c13,8.820380999999976,SAR 9 million,SAR million,ecl,FALSE,artifact_cell,SUPPORTED_CORRECT,R:product=Auto Finance:ecl:2026-08
B-R12-1,core,c14,0.011906155202852755,0.01x,ratio,coverage,FALSE,artifact_cell,SUPPORTED_CORRECT,R:product=Auto Finance:ead_s2:2026-08
B-R12-1,core,c15,513.1842799999981,SAR 513 million,SAR million,ead,FALSE,artifact_cell,SUPPORTED_CORRECT,R:product=Credit Card:ead:2026-08
B-R12-1,core,c16,109.60529,SAR 110 million,SAR million,ead_s2,FALSE,artifact_cell,SUPPORTED_CORRECT,R:product=Credit Card:ead_s2:2026-08
B-R12-1,core,c17,33.38519999999998,SAR 33 million,SAR million,ead_s3,FALSE,artifact_cell,SUPPORTED_CORRECT,R:product=Credit Card:ead_s3:2026-08
B-R12-1,core,c18,59.75023299999997,SAR 60 million,SAR million,ecl,FALSE,artifact_cell,SUPPORTED_CORRECT,R:product=Credit Card:ecl:2026-08
B-R12-1,core,c19,0.11643036493635422,0.12x,ratio,coverage,FALSE,artifact_cell,SUPPORTED_CORRECT,R:product=Credit Card:coverage:2026-08
B-R12-1,core,c20,38.95622000000003,SAR 39 million,SAR million,ead,FALSE,artifact_cell,SUPPORTED_CORRECT,R:product=Buy Now Pay Later:ead:2026-08
B-R12-1,core,c21,7.435949999999996,SAR 7 million,SAR million,ead_s2,FALSE,artifact_cell,SUPPORTED_CORRECT,R:product=Buy Now Pay Later:ead_s2:2026-08
B-R12-1,core,c22,0.9390499999999996,SAR 1 million,SAR million,ead_s3,FALSE,artifact_cell,SUPPORTED_CORRECT,R:product=Buy Now Pay Later:ead_s3:2026-08
B-R12-1,core,c23,2.6795900000000055,SAR 3 million,SAR million,ecl,FALSE,artifact_cell,SUPPORTED_CORRECT,R:product=Buy Now Pay Later:ecl:2026-08
B-R12-1,core,c24,0.06878465107754303,0.07x,ratio,coverage,FALSE,artifact_cell,SUPPORTED_CORRECT,R:product=Buy Now Pay Later:coverage:2026-08
B-R12-2,core,c0,16648.92203999996,"SAR 16,649 million",SAR million,ead,FALSE,artifact_cell,SUPPORTED_CORRECT,R:product=Mortgage:ead:2026-08
B-R12-2,core,c1,600.7501900000005,SAR 601 million,SAR million,ead_s2,FALSE,artifact_cell,SUPPORTED_CORRECT,R:product=Mortgage:ead_s2:2026-08
B-R12-2,core,c2,70.59315,SAR 71 million,SAR million,ead_s3,FALSE,artifact_cell,SUPPORTED_CORRECT,R:product=Mortgage:ead_s3:2026-08
B-R12-2,core,c3,45.1441569999999,SAR 45 million,SAR million,ecl,FALSE,artifact_cell,SUPPORTED_CORRECT,R:product=Mortgage:ecl:2026-08
B-R12-2,core,c4,0.0027115363319942607,0.00x,ratio,coverage,FALSE,artifact_cell,SUPPORTED_CORRECT,R:product=Mortgage:coverage:2026-08
B-R12-2,core,c5,1796.9443000000022,"SAR 1,797 million",SAR million,ead,FALSE,artifact_cell,SUPPORTED_CORRECT,R:product=Personal Finance:ead:2026-08
B-R12-2,core,c6,213.63617999999994,SAR 214 million,SAR million,ead_s2,FALSE,artifact_cell,SUPPORTED_CORRECT,R:product=Personal Finance:ead_s2:2026-08
B-R12-2,core,c7,70.09473000000001,SAR 70 million,SAR million,ead_s3,FALSE,artifact_cell,SUPPORTED_CORRECT,R:product=Personal Finance:ead_s3:2026-08
B-R12-2,core,c8,108.16221700000004,SAR 108 million,SAR million,ecl,FALSE,artifact_cell,SUPPORTED_CORRECT,R:product=Personal Finance:ecl:2026-08
B-R12-2,core,c9,0.06019230367908449,0.06x,ratio,coverage,FALSE,artifact_cell,SUPPORTED_CORRECT,R:product=Personal Finance:coverage:2026-08
B-R12-2,core,c10,740.8253000000019,SAR 741 million,SAR million,ead,FALSE,artifact_cell,SUPPORTED_CORRECT,R:product=Auto Finance:ead:2026-08
B-R12-2,core,c11,15.77941,SAR 16 million,SAR million,ead_s2,FALSE,artifact_cell,SUPPORTED_CORRECT,R:product=Auto Finance:ead_s2:2026-08
B-R12-2,core,c12,9.84009,SAR 10 million,SAR million,ead_s3,FALSE,artifact_cell,SUPPORTED_CORRECT,R:product=Auto Finance:ead_s3:2026-08
B-R12-2,core,c13,8.820380999999976,SAR 9 million,SAR million,ecl,FALSE,artifact_cell,SUPPORTED_CORRECT,R:product=Auto Finance:ecl:2026-08
B-R12-2,core,c14,0.011906155202852755,0.01x,ratio,coverage,FALSE,artifact_cell,SUPPORTED_CORRECT,R:product=Auto Finance:ead_s2:2026-08
B-R12-2,core,c15,513.1842799999981,SAR 513 million,SAR million,ead,FALSE,artifact_cell,SUPPORTED_CORRECT,R:product=Credit Card:ead:2026-08
B-R12-2,core,c16,109.60529,SAR 110 million,SAR million,ead_s2,FALSE,artifact_cell,SUPPORTED_CORRECT,R:product=Credit Card:ead_s2:2026-08
B-R12-2,core,c17,33.38519999999998,SAR 33 million,SAR million,ead_s3,FALSE,artifact_cell,SUPPORTED_CORRECT,R:product=Credit Card:ead_s3:2026-08
B-R12-2,core,c18,59.75023299999997,SAR 60 million,SAR million,ecl,FALSE,artifact_cell,SUPPORTED_CORRECT,R:product=Credit Card:ecl:2026-08
B-R12-2,core,c19,0.11643036493635422,0.12x,ratio,coverage,FALSE,artifact_cell,SUPPORTED_CORRECT,R:product=Credit Card:coverage:2026-08
B-R12-2,core,c20,38.95622000000003,SAR 39 million,SAR million,ead,FALSE,artifact_cell,SUPPORTED_CORRECT,R:product=Buy Now Pay Later:ead:2026-08
B-R12-2,core,c21,7.435949999999996,SAR 7 million,SAR million,ead_s2,FALSE,artifact_cell,SUPPORTED_CORRECT,R:product=Buy Now Pay Later:ead_s2:2026-08
B-R12-2,core,c22,0.9390499999999996,SAR 1 million,SAR million,ead_s3,FALSE,artifact_cell,SUPPORTED_CORRECT,R:product=Buy Now Pay Later:ead_s3:2026-08
B-R12-2,core,c23,2.6795900000000055,SAR 3 million,SAR million,ecl,FALSE,artifact_cell,SUPPORTED_CORRECT,R:product=Buy Now Pay Later:ecl:2026-08
B-R12-2,core,c24,0.06878465107754303,0.07x,ratio,coverage,FALSE,artifact_cell,SUPPORTED_CORRECT,R:product=Buy Now Pay Later:coverage:2026-08
C-C01,core,c0,0.5437819063068957,0.54x,ratio,s2_share,FALSE,artifact_cell,SUPPORTED_CORRECT,R:sector=Construction:s2_share:2026Q2
C-C01,core,c1,0.5147113291151939,0.51x,ratio,s2_share,FALSE,artifact_cell,SUPPORTED_CORRECT,R:sector=Real Estate:s2_share:2026Q2
C-C01,core,c2,0.40948448676759786,0.41x,ratio,s2_share,FALSE,artifact_cell,SUPPORTED_CORRECT,R:sector=Retail Trade:s2_share:2026Q2
C-C01,core,c3,0.4021943604645791,0.40x,ratio,s2_share,FALSE,artifact_cell,SUPPORTED_CORRECT,R:sector=Hospitality:s2_share:2026Q2
C-C01,core,c4,0.22828264172691476,0.23x,ratio,s2_share,FALSE,artifact_cell,SUPPORTED_CORRECT,R:sector=Transport and Logistics:s2_share:2026Q2
C-C01,core,c5,0.22299961650754102,0.22x,ratio,s2_share,FALSE,artifact_cell,SUPPORTED_CORRECT,R:sector=Manufacturing:s2_share:2026Q2
C-C01,core,c6,0.20391882461067742,0.20x,ratio,s2_share,FALSE,artifact_cell,SUPPORTED_CORRECT,R:sector=Agriculture and Agri-processing:s2_share:2026Q2
C-C01,core,c7,0.1762033446173091,0.18x,ratio,s2_share,FALSE,artifact_cell,SUPPORTED_CORRECT,R:sector=Metals and Mining:s2_share:2026Q2
C-C01,core,c8,0.14591148003737042,0.15x,ratio,s2_share,FALSE,artifact_cell,SUPPORTED_CORRECT,R:sector=Wholesale Trade:s2_share:2026Q2
C-C01,core,c9,0.13440413127639328,0.13x,ratio,s2_share,FALSE,artifact_cell,SUPPORTED_CORRECT,R:sector=Telecommunications:s2_share:2026Q2
C-C01,core,c10,0.10413283737051288,0.10x,ratio,s2_share,FALSE,artifact_cell,SUPPORTED_CORRECT,R:sector=Information Technology:s2_share:2026Q2
C-C01,core,c11,0.10264004230410743,0.10x,ratio,s2_share,FALSE,artifact_cell,SUPPORTED_CORRECT,R:sector=Healthcare:s2_share:2026Q2
C-C01,core,c12,0.09345883437965935,0.09x,ratio,s2_share,FALSE,artifact_cell,SUPPORTED_CORRECT,R:sector=Chemicals:s2_share:2026Q2
C-C01,core,c13,0.056880226993304056,0.06x,ratio,s2_share,FALSE,artifact_cell,SUPPORTED_CORRECT,R:sector=Power and Utilities:s2_share:2026Q2
C-C02,core,c0,1869524.5800000022,"SAR 1,869,525 million",SAR million,ead_latest,FALSE,artifact_cell,SUPPORTED_CORRECT,R:sector=Construction:ead:latest:2026Q2
C-C02,core,c1,1815327.55,"SAR 1,815,328 million",SAR million,ead_base,FALSE,artifact_cell,SUPPORTED_CORRECT,R:sector=Construction:ead:base:2026Q1
C-C02,core,c2,54197.03000000212,"SAR 54,197 million",SAR million,ead_abs_change,FALSE,artifact_cell,SUPPORTED_CORRECT,R:sector=Construction:ead:abs_change:2026Q2 vs 2026Q1
C-C02,core,c3,0.02985523466550272,0.03x,ratio,ead_pct_change,FALSE,artifact_cell,SUPPORTED_CORRECT,R:sector=Construction:ead:pct_change:2026Q2 vs 2026Q1
C-C02,core,c4,1114146.0300000017,"SAR 1,114,146 million",SAR million,ead_latest,FALSE,artifact_cell,SUPPORTED_CORRECT,R:sector=Hospitality:ead:latest:2026Q2
C-C02,core,c5,1088828.3,"SAR 1,088,828 million",SAR million,ead_base,FALSE,artifact_cell,SUPPORTED_CORRECT,R:sector=Hospitality:ead:base:2026Q1
C-C02,core,c6,25317.73000000161,"SAR 25,318 million",SAR million,ead_abs_change,FALSE,artifact_cell,SUPPORTED_CORRECT,R:sector=Hospitality:ead:abs_change:2026Q2 vs 2026Q1
C-C02,core,c7,0.023252270353371244,0.02x,ratio,ead_pct_change,FALSE,artifact_cell,SUPPORTED_CORRECT,R:sector=Hospitality:ead:pct_change:2026Q2 vs 2026Q1
C-C02,core,c8,1345476.2599999965,"SAR 1,345,476 million",SAR million,ead_latest,FALSE,artifact_cell,SUPPORTED_CORRECT,R:sector=Manufacturing:ead:latest:2026Q2
C-C02,core,c9,1310941.7699999986,"SAR 1,310,942 million",SAR million,ead_base,FALSE,artifact_cell,SUPPORTED_CORRECT,R:sector=Manufacturing:ead:base:2026Q1
C-C02,core,c10,34534.489999997895,"SAR 34,534 million",SAR million,ead_abs_change,FALSE,artifact_cell,SUPPORTED_CORRECT,R:sector=Manufacturing:ead:abs_change:2026Q2 vs 2026Q1
C-C02,core,c11,0.026343267710508555,0.03x,ratio,ead_pct_change,FALSE,artifact_cell,SUPPORTED_CORRECT,R:sector=Manufacturing:ead:pct_change:2026Q2 vs 2026Q1
C-C02,core,c12,1614126.7599999986,"SAR 1,614,127 million",SAR million,ead_latest,FALSE,artifact_cell,SUPPORTED_CORRECT,R:sector=Real Estate:ead:latest:2026Q2
C-C02,core,c13,1576768.11,"SAR 1,576,768 million",SAR million,ead_base,FALSE,artifact_cell,SUPPORTED_CORRECT,R:sector=Real Estate:ead:base:2026Q1
C-C02,core,c14,37358.64999999851,"SAR 37,359 million",SAR million,ead_abs_change,FALSE,artifact_cell,SUPPORTED_CORRECT,R:sector=Real Estate:ead:abs_change:2026Q2 vs 2026Q1
C-C02,core,c15,0.023693179588721202,0.02x,ratio,ead_pct_change,FALSE,artifact_cell,SUPPORTED_CORRECT,R:sector=Real Estate:ead:pct_change:2026Q2 vs 2026Q1
C-C02,core,c16,1139204.049999999,"SAR 1,139,204 million",SAR million,ead_latest,FALSE,artifact_cell,SUPPORTED_CORRECT,R:sector=Transport and Logistics:ead:latest:2026Q2
C-C02,core,c17,1120067.8199999984,"SAR 1,120,068 million",SAR million,ead_base,FALSE,artifact_cell,SUPPORTED_CORRECT,R:sector=Transport and Logistics:ead:base:2026Q1
C-C02,core,c18,19136.23000000068,"SAR 19,136 million",SAR million,ead_abs_change,FALSE,artifact_cell,SUPPORTED_CORRECT,R:sector=Transport and Logistics:ead:abs_change:2026Q2 vs 2026Q1
C-C02,core,c19,0.017084885092048002,0.02x,ratio,ead_pct_change,FALSE,artifact_cell,SUPPORTED_CORRECT,R:sector=Transport and Logistics:ead:pct_change:2026Q2 vs 2026Q1
C-C03,core,c0,54197.03000000119,"SAR 54,197 million",SAR million,ead_abs_change,FALSE,artifact_cell,SUPPORTED_CORRECT,R:sector=Construction:ead:abs_change:2026Q2 vs 2026Q1
C-C03,core,c1,0.029855234665502207,0.03x,ratio,ead_pct_change,FALSE,artifact_cell,SUPPORTED_CORRECT,R:sector=Construction:ead:pct_change:2026Q2 vs 2026Q1
C-C03,core,c2,13276.549999999232,"SAR 13,277 million",SAR million,ead_abs_change,FALSE,artifact_cell,SUPPORTED_CORRECT,R:sector=Power and Utilities:ead:abs_change:2026Q2 vs 2026Q1
C-C03,core,c3,0.01420051077792861,0.01x,ratio,ead_pct_change,FALSE,artifact_cell,SUPPORTED_CORRECT,R:sector=Power and Utilities:ead:pct_change:2026Q2 vs 2026Q1
C-C03,core,c4,-27196.230000001844,"SAR -27,196 million",SAR million,ead_s2_abs_change,FALSE,artifact_cell,SUPPORTED_CORRECT,R:sector=Construction:ead_s2:abs_change:2026Q2 vs 2026Q1
C-C03,core,c5,-0.02605477374917121,'-0.03x,ratio,ead_s2_pct_change,FALSE,artifact_cell,SUPPORTED_CORRECT,R:sector=Construction:ead_s2:pct_change:2026Q2 vs 2026Q1
C-C03,core,c6,-6905.930000000037,"SAR -6,906 million",SAR million,ead_s2_abs_change,FALSE,artifact_cell,SUPPORTED_CORRECT,R:sector=Power and Utilities:ead_s2:abs_change:2026Q2 vs 2026Q1
C-C03,core,c7,-0.11350895128894674,'-0.11x,ratio,ead_s2_pct_change,FALSE,artifact_cell,SUPPORTED_CORRECT,R:sector=Power and Utilities:ead_s2:pct_change:2026Q2 vs 2026Q1
C-C04,core,c0,177403.55000000028,"SAR 177,404 million",SAR million,ead_s3_abs_change,FALSE,artifact_cell,SUPPORTED_CORRECT,R:sector=Construction:ead_s3:abs_change:2026Q2 vs 2026Q1
C-C04,core,c1,0.6196885865182717,0.62x,ratio,ead_s3_pct_change,FALSE,artifact_cell,SUPPORTED_CORRECT,R:sector=Construction:ead_s3:pct_change:2026Q2 vs 2026Q1
C-C04,core,c2,6975.150000000006,"SAR 6,975 million",SAR million,ead_s3_abs_change,FALSE,artifact_cell,SUPPORTED_CORRECT,R:sector=Information Technology:ead_s3:abs_change:2026Q2 vs 2026Q1
C-C04,core,c3,1.1099538841980985,1.11x,ratio,ead_s3_pct_change,FALSE,artifact_cell,SUPPORTED_CORRECT,R:sector=Information Technology:ead_s3:pct_change:2026Q2 vs 2026Q1
C-C04,core,c4,15101.26999999999,"SAR 15,101 million",SAR million,ead_s3_abs_change,FALSE,artifact_cell,SUPPORTED_CORRECT,R:sector=Manufacturing:ead_s3:abs_change:2026Q2 vs 2026Q1
C-C04,core,c5,0.38113528887246667,0.38x,ratio,ead_s3_pct_change,FALSE,artifact_cell,SUPPORTED_CORRECT,R:sector=Manufacturing:ead_s3:pct_change:2026Q2 vs 2026Q1
C-C04,core,c6,96747.76999999979,"SAR 96,748 million",SAR million,ead_s3_abs_change,FALSE,artifact_cell,SUPPORTED_CORRECT,R:sector=Real Estate:ead_s3:abs_change:2026Q2 vs 2026Q1
C-C04,core,c7,0.45933090158502865,0.46x,ratio,ead_s3_pct_change,FALSE,artifact_cell,SUPPORTED_CORRECT,R:sector=Real Estate:ead_s3:pct_change:2026Q2 vs 2026Q1
C-C04,core,c8,22960.320000000058,"SAR 22,960 million",SAR million,ead_s3_abs_change,FALSE,artifact_cell,SUPPORTED_CORRECT,R:sector=Retail Trade:ead_s3:abs_change:2026Q2 vs 2026Q1
C-C04,core,c9,0.4480720777121021,0.45x,ratio,ead_s3_pct_change,FALSE,artifact_cell,SUPPORTED_CORRECT,R:sector=Retail Trade:ead_s3:pct_change:2026Q2 vs 2026Q1
C-C05,core,c0,1869524.5800000012,"SAR 1,869,525 million",SAR million,ead,FALSE,artifact_cell,SUPPORTED_CORRECT,R:sector=Construction:ead:2026Q2
C-C05,core,c1,1016613.6399999993,"SAR 1,016,614 million",SAR million,ead_s2,FALSE,artifact_cell,SUPPORTED_CORRECT,R:sector=Construction:ead_s2:2026Q2
C-C05,core,c2,463682.1000000001,"SAR 463,682 million",SAR million,ead_s3,FALSE,artifact_cell,SUPPORTED_CORRECT,R:sector=Construction:ead_s3:2026Q2
C-C05,core,c3,275511.74239999935,"SAR 275,512 million",SAR million,ecl,FALSE,artifact_cell,SUPPORTED_CORRECT,R:sector=Construction:ecl:2026Q2
C-C05,core,c4,0.14736994920922578,0.15x,ratio,coverage,FALSE,artifact_cell,SUPPORTED_CORRECT,R:sector=Construction:coverage:2026Q2
C-C05,core,c5,1614126.7599999988,"SAR 1,614,127 million",SAR million,ead,FALSE,artifact_cell,SUPPORTED_CORRECT,R:sector=Real Estate:ead:2026Q2
C-C05,core,c6,830809.330000001,"SAR 830,809 million",SAR million,ead_s2,FALSE,artifact_cell,SUPPORTED_CORRECT,R:sector=Real Estate:ead_s2:2026Q2
C-C05,core,c7,307375.3799999998,"SAR 307,375 million",SAR million,ead_s3,FALSE,artifact_cell,SUPPORTED_CORRECT,R:sector=Real Estate:ead_s3:2026Q2
C-C05,core,c8,185429.63859999974,"SAR 185,430 million",SAR million,ecl,FALSE,artifact_cell,SUPPORTED_CORRECT,R:sector=Real Estate:ecl:2026Q2
C-C05,core,c9,0.11487922955939339,0.11x,ratio,coverage,FALSE,artifact_cell,SUPPORTED_CORRECT,R:sector=Real Estate:coverage:2026Q2
C-C05,core,c10,1345476.259999997,"SAR 1,345,476 million",SAR million,ead,FALSE,artifact_cell,SUPPORTED_CORRECT,R:sector=Manufacturing:ead:2026Q2
C-C05,core,c11,300040.6899999999,"SAR 300,041 million",SAR million,ead_s2,FALSE,artifact_cell,SUPPORTED_CORRECT,R:sector=Manufacturing:ead_s2:2026Q2
C-C05,core,c12,54723.079999999994,"SAR 54,723 million",SAR million,ead_s3,FALSE,artifact_cell,SUPPORTED_CORRECT,R:sector=Manufacturing:ead_s3:2026Q2
C-C05,core,c13,36037.61789999996,"SAR 36,038 million",SAR million,ecl,FALSE,artifact_cell,SUPPORTED_CORRECT,R:sector=Manufacturing:ecl:2026Q2
C-C05,core,c14,0.02678428373013437,0.03x,ratio,coverage,FALSE,artifact_cell,SUPPORTED_CORRECT,R:sector=Manufacturing:coverage:2026Q2
C-C05,core,c15,1139204.0499999986,"SAR 1,139,204 million",SAR million,ead,FALSE,artifact_cell,SUPPORTED_CORRECT,R:sector=Transport and Logistics:ead:2026Q2
C-C05,core,c16,260060.50999999998,"SAR 260,061 million",SAR million,ead_s2,FALSE,artifact_cell,SUPPORTED_CORRECT,R:sector=Transport and Logistics:ead_s2:2026Q2
C-C05,core,c17,65275.73000000002,"SAR 65,276 million",SAR million,ead_s3,FALSE,artifact_cell,SUPPORTED_CORRECT,R:sector=Transport and Logistics:ead_s3:2026Q2
C-C05,core,c18,39188.25420000007,"SAR 39,188 million",SAR million,ecl,FALSE,artifact_cell,SUPPORTED_CORRECT,R:sector=Transport and Logistics:ecl:2026Q2
C-C05,core,c19,0.03439967949552156,0.03x,ratio,coverage,FALSE,artifact_cell,SUPPORTED_CORRECT,R:sector=Transport and Logistics:coverage:2026Q2
C-C05,core,c20,1114146.0300000005,"SAR 1,114,146 million",SAR million,ead,FALSE,artifact_cell,SUPPORTED_CORRECT,R:sector=Hospitality:ead:2026Q2
C-C05,core,c21,448103.25,"SAR 448,103 million",SAR million,ead_s2,FALSE,artifact_cell,SUPPORTED_CORRECT,R:sector=Hospitality:ead_s2:2026Q2
C-C05,core,c22,87820.84999999998,"SAR 87,821 million",SAR million,ead_s3,FALSE,artifact_cell,SUPPORTED_CORRECT,R:sector=Hospitality:ead_s3:2026Q2
C-C05,core,c23,58920.025799999945,"SAR 58,920 million",SAR million,ecl,FALSE,artifact_cell,SUPPORTED_CORRECT,R:sector=Hospitality:ecl:2026Q2
C-C05,core,c24,0.05288357559376657,0.05x,ratio,coverage,FALSE,artifact_cell,SUPPORTED_CORRECT,R:sector=Hospitality:coverage:2026Q2
C-C05,core,c25,1084802.6099999985,"SAR 1,084,803 million",SAR million,ead,FALSE,artifact_cell,SUPPORTED_CORRECT,R:sector=Retail Trade:ead:2026Q2
C-C05,core,c26,444209.83999999997,"SAR 444,210 million",SAR million,ead_s2,FALSE,artifact_cell,SUPPORTED_CORRECT,R:sector=Retail Trade:ead_s2:2026Q2
C-C05,core,c27,74202.79000000005,"SAR 74,203 million",SAR million,ead_s3,FALSE,artifact_cell,SUPPORTED_CORRECT,R:sector=Retail Trade:ead_s3:2026Q2
C-C05,core,c28,50052.15790000002,"SAR 50,052 million",SAR million,ecl,FALSE,artifact_cell,SUPPORTED_CORRECT,R:sector=Retail Trade:ecl:2026Q2
C-C05,core,c29,0.04613941507755046,0.05x,ratio,coverage,FALSE,artifact_cell,SUPPORTED_CORRECT,R:sector=Retail Trade:coverage:2026Q2
C-C05,core,c30,1044725.419999999,"SAR 1,044,725 million",SAR million,ead,FALSE,artifact_cell,SUPPORTED_CORRECT,R:sector=Chemicals:ead:2026Q2
C-C05,core,c31,97638.81999999996,"SAR 97,639 million",SAR million,ead_s2,FALSE,artifact_cell,SUPPORTED_CORRECT,R:sector=Chemicals:ead_s2:2026Q2
C-C05,core,c32,35684.4,"SAR 35,684 million",SAR million,ead_s3,FALSE,artifact_cell,SUPPORTED_CORRECT,R:sector=Chemicals:ead_s3:2026Q2
C-C05,core,c33,20882.88109999998,"SAR 20,883 million",SAR million,ecl,FALSE,artifact_cell,SUPPORTED_CORRECT,R:sector=Chemicals:ecl:2026Q2
C-C05,core,c34,0.019988870472779346,0.02x,ratio,coverage,FALSE,artifact_cell,SUPPORTED_CORRECT,R:sector=Chemicals:coverage:2026Q2
C-C05,core,c35,967189.9700000006,"SAR 967,190 million",SAR million,ead,FALSE,artifact_cell,SUPPORTED_CORRECT,R:sector=Wholesale Trade:ead:2026Q2
C-C05,core,c36,141124.11999999997,"SAR 141,124 million",SAR million,ead_s2,FALSE,artifact_cell,SUPPORTED_CORRECT,R:sector=Wholesale Trade:ead_s2:2026Q2
C-C05,core,c37,48579.509999999995,"SAR 48,580 million",SAR million,ead_s3,FALSE,artifact_cell,SUPPORTED_CORRECT,R:sector=Wholesale Trade:ead_s3:2026Q2
C-C05,core,c38,26758.484999999986,"SAR 26,758 million",SAR million,ecl,FALSE,artifact_cell,SUPPORTED_CORRECT,R:sector=Wholesale Trade:ecl:2026Q2
C-C05,core,c39,0.02766621432188753,0.03x,ratio,coverage,FALSE,artifact_cell,SUPPORTED_CORRECT,R:sector=Wholesale Trade:coverage:2026Q2
C-C05,core,c40,960477.909999999,"SAR 960,478 million",SAR million,ead,FALSE,artifact_cell,SUPPORTED_CORRECT,R:sector=Information Technology:ead:2026Q2
C-C05,core,c41,100017.29,"SAR 100,017 million",SAR million,ead_s2,FALSE,artifact_cell,SUPPORTED_CORRECT,R:sector=Information Technology:ead_s2:2026Q2
C-C05,core,c42,13259.330000000005,"SAR 13,259 million",SAR million,ead_s3,FALSE,artifact_cell,SUPPORTED_CORRECT,R:sector=Information Technology:ead_s3:2026Q2
C-C05,core,c43,11314.133900000003,"SAR 11,314 million",SAR million,ecl,FALSE,artifact_cell,SUPPORTED_CORRECT,R:sector=Information Technology:ecl:2026Q2
C-C05,core,c44,0.011779691945231738,0.01x,ratio,coverage,FALSE,artifact_cell,SUPPORTED_CORRECT,R:sector=Information Technology:coverage:2026Q2
C-C05,core,c45,948211.2299999989,"SAR 948,211 million",SAR million,ead,FALSE,artifact_cell,SUPPORTED_CORRECT,R:sector=Power and Utilities:ead:2026Q2
C-C05,core,c46,53934.46999999998,"SAR 53,934 million",SAR million,ead_s2,FALSE,artifact_cell,SUPPORTED_CORRECT,R:sector=Power and Utilities:ead_s2:2026Q2
C-C05,core,c47,12938.509999999997,"SAR 12,939 million",SAR million,ead_s3,FALSE,artifact_cell,SUPPORTED_CORRECT,R:sector=Power and Utilities:ead_s3:2026Q2
C-C05,core,c48,10358.8423,"SAR 10,359 million",SAR million,ecl,FALSE,artifact_cell,SUPPORTED_CORRECT,R:sector=Power and Utilities:ecl:2026Q2
C-C05,core,c49,0.01092461465574502,0.01x,ratio,coverage,FALSE,artifact_cell,SUPPORTED_CORRECT,R:sector=Power and Utilities:coverage:2026Q2
C-C05,core,c50,938348.6000000003,"SAR 938,349 million",SAR million,ead,FALSE,artifact_cell,SUPPORTED_CORRECT,R:sector=Healthcare:ead:2026Q2
C-C05,core,c51,96312.14000000001,"SAR 96,312 million",SAR million,ead_s2,FALSE,artifact_cell,SUPPORTED_CORRECT,R:sector=Healthcare:ead_s2:2026Q2
C-C05,core,c52,17352.370000000003,"SAR 17,352 million",SAR million,ead_s3,FALSE,artifact_cell,SUPPORTED_CORRECT,R:sector=Healthcare:ead_s3:2026Q2
C-C05,core,c53,14014.571100000001,"SAR 14,015 million",SAR million,ecl,FALSE,artifact_cell,SUPPORTED_CORRECT,R:sector=Healthcare:ecl:2026Q2
C-C05,core,c54,0.01493535675334305,0.01x,ratio,coverage,FALSE,artifact_cell,SUPPORTED_CORRECT,R:sector=Healthcare:coverage:2026Q2
C-C05,core,c55,895138.3000000005,"SAR 895,138 million",SAR million,ead,FALSE,artifact_cell,SUPPORTED_CORRECT,R:sector=Agriculture and Agri-processing:ead:2026Q2
C-C05,core,c56,182535.55000000005,"SAR 182,536 million",SAR million,ead_s2,FALSE,artifact_cell,SUPPORTED_CORRECT,R:sector=Agriculture and Agri-processing:ead_s2:2026Q2
C-C05,core,c57,40200.28000000002,"SAR 40,200 million",SAR million,ead_s3,FALSE,artifact_cell,SUPPORTED_CORRECT,R:sector=Agriculture and Agri-processing:ead_s3:2026Q2
C-C05,core,c58,26130.781300000053,"SAR 26,131 million",SAR million,ecl,FALSE,artifact_cell,SUPPORTED_CORRECT,R:sector=Agriculture and Agri-processing:ecl:2026Q2
C-C05,core,c59,0.02919189280583798,0.03x,ratio,coverage,FALSE,artifact_cell,SUPPORTED_CORRECT,R:sector=Agriculture and Agri-processing:coverage:2026Q2
C-C05,core,c60,763418.8799999993,"SAR 763,419 million",SAR million,ead,FALSE,artifact_cell,SUPPORTED_CORRECT,R:sector=Metals and Mining:ead:2026Q2
C-C05,core,c61,134516.96000000002,"SAR 134,517 million",SAR million,ead_s2,FALSE,artifact_cell,SUPPORTED_CORRECT,R:sector=Metals and Mining:ead_s2:2026Q2
C-C05,core,c62,16640.65,"SAR 16,641 million",SAR million,ead_s3,FALSE,artifact_cell,SUPPORTED_CORRECT,R:sector=Metals and Mining:ead_s3:2026Q2
C-C05,core,c63,12842.2291,"SAR 12,842 million",SAR million,ecl,FALSE,artifact_cell,SUPPORTED_CORRECT,R:sector=Metals and Mining:ecl:2026Q2
C-C05,core,c64,0.016821995678178686,0.02x,ratio,coverage,FALSE,artifact_cell,SUPPORTED_CORRECT,R:sector=Metals and Mining:coverage:2026Q2
C-C05,core,c65,685223.5799999989,"SAR 685,224 million",SAR million,ead,FALSE,artifact_cell,SUPPORTED_CORRECT,R:sector=Telecommunications:ead:2026Q2
C-C05,core,c66,92096.88000000002,"SAR 92,097 million",SAR million,ead_s2,FALSE,artifact_cell,SUPPORTED_CORRECT,R:sector=Telecommunications:ead_s2:2026Q2
C-C05,core,c67,14786.740000000003,"SAR 14,787 million",SAR million,ead_s3,FALSE,artifact_cell,SUPPORTED_CORRECT,R:sector=Telecommunications:ead_s3:2026Q2
C-C05,core,c68,12033.989299999974,"SAR 12,034 million",SAR million,ecl,FALSE,artifact_cell,SUPPORTED_CORRECT,R:sector=Telecommunications:ecl:2026Q2
C-C05,core,c69,0.017562135412794746,0.02x,ratio,coverage,FALSE,artifact_cell,SUPPORTED_CORRECT,R:sector=Telecommunications:coverage:2026Q2
C-C06,core,c0,148751.1099999991,"SAR 148,751 million",SAR million,total_abs_change,FALSE,artifact_cell,SUPPORTED_CORRECT,R:total:ead_s2:abs_change
C-C06,core,c1,50905.329999999725,"SAR 50,905 million",SAR million,ead_s2_abs_change,FALSE,artifact_cell,SUPPORTED_CORRECT,R:sector=Retail Trade:ead_s2:abs_change:2026Q2 vs 2026Q1
C-C06,core,c2,39982.92999999999,"SAR 39,983 million",SAR million,ead_s2_abs_change,FALSE,artifact_cell,SUPPORTED_CORRECT,R:sector=Hospitality:ead_s2:abs_change:2026Q2 vs 2026Q1
C-C06,core,c3,29965.609999999928,"SAR 29,966 million",SAR million,ead_s2_abs_change,FALSE,artifact_cell,SUPPORTED_CORRECT,R:sector=Manufacturing:ead_s2:abs_change:2026Q2 vs 2026Q1
C-C06,core,c4,-27196.230000002193,"SAR -27,196 million",SAR million,ead_s2_abs_change,FALSE,artifact_cell,SUPPORTED_CORRECT,R:sector=Construction:ead_s2:abs_change:2026Q2 vs 2026Q1
C-C06,core,c5,16879.32999999993,"SAR 16,879 million",SAR million,ead_s2_abs_change,FALSE,artifact_cell,SUPPORTED_CORRECT,R:sector=Chemicals:ead_s2:abs_change:2026Q2 vs 2026Q1
C-C07,core,c0,205204.12780000025,"SAR 205,204 million",SAR million,ecl_change,FALSE,artifact_cell,SUPPORTED_CORRECT,R:total:ecl:ecl_change
C-C07,core,c1,12542.017670454283,"SAR 12,542 million",SAR million,stock_effect,FALSE,artifact_cell,SUPPORTED_CORRECT,R:total:ecl:stock
C-C07,core,c2,192662.11012954597,"SAR 192,662 million",SAR million,rate_effect,FALSE,artifact_cell,SUPPORTED_CORRECT,R:total:ecl:rate
C-C08,core,c0,96540.63749999847,"SAR 96,541 million",SAR million,ecl_change,FALSE,artifact_cell,SUPPORTED_CORRECT,R:sector=Construction:ecl:ecl_change
C-C08,core,c1,5343.224335133738,"SAR 5,343 million",SAR million,stock_effect,FALSE,artifact_cell,SUPPORTED_CORRECT,R:sector=Construction:ecl:stock
C-C08,core,c2,91197.41316486472,"SAR 91,197 million",SAR million,rate_effect,FALSE,artifact_cell,SUPPORTED_CORRECT,R:sector=Construction:ecl:rate
C-C08,core,c3,51524.383699999715,"SAR 51,524 million",SAR million,ecl_change,FALSE,artifact_cell,SUPPORTED_CORRECT,R:sector=Real Estate:ecl:ecl_change
C-C08,core,c4,3172.6412522192104,"SAR 3,173 million",SAR million,stock_effect,FALSE,artifact_cell,SUPPORTED_CORRECT,R:sector=Real Estate:ecl:stock
C-C08,core,c5,48351.7424477805,"SAR 48,352 million",SAR million,rate_effect,FALSE,artifact_cell,SUPPORTED_CORRECT,R:sector=Real Estate:ecl:rate
C-C08,core,c6,13892.007299999932,"SAR 13,892 million",SAR million,ecl_change,FALSE,artifact_cell,SUPPORTED_CORRECT,R:sector=Retail Trade:ecl:ecl_change
C-C08,core,c7,759.6648973023404,SAR 760 million,SAR million,stock_effect,FALSE,artifact_cell,SUPPORTED_CORRECT,R:sector=Retail Trade:ecl:stock
C-C08,core,c8,13132.342402697597,"SAR 13,132 million",SAR million,rate_effect,FALSE,artifact_cell,SUPPORTED_CORRECT,R:sector=Retail Trade:ecl:rate
C-C09,core,c0,463682.1000000001,"SAR 463,682 million",SAR million,ead_s3,FALSE,artifact_cell,SUPPORTED_CORRECT,R:sector=Construction:ead_s3:2026Q2
C-C09,core,c1,307375.3799999998,"SAR 307,375 million",SAR million,ead_s3,FALSE,artifact_cell,SUPPORTED_CORRECT,R:sector=Real Estate:ead_s3:2026Q2
C-C09,core,c2,87820.84999999998,"SAR 87,821 million",SAR million,ead_s3,FALSE,artifact_cell,SUPPORTED_CORRECT,R:sector=Hospitality:ead_s3:2026Q2
C-C09,core,c3,74202.79000000005,"SAR 74,203 million",SAR million,ead_s3,FALSE,artifact_cell,SUPPORTED_CORRECT,R:sector=Retail Trade:ead_s3:2026Q2
C-C09,core,c4,65275.73000000002,"SAR 65,276 million",SAR million,ead_s3,FALSE,artifact_cell,SUPPORTED_CORRECT,R:sector=Transport and Logistics:ead_s3:2026Q2
C-C09,core,c5,54723.079999999994,"SAR 54,723 million",SAR million,ead_s3,FALSE,artifact_cell,SUPPORTED_CORRECT,R:sector=Manufacturing:ead_s3:2026Q2
C-C09,core,c6,48579.509999999995,"SAR 48,580 million",SAR million,ead_s3,FALSE,artifact_cell,SUPPORTED_CORRECT,R:sector=Wholesale Trade:ead_s3:2026Q2
C-C09,core,c7,40200.28000000002,"SAR 40,200 million",SAR million,ead_s3,FALSE,artifact_cell,SUPPORTED_CORRECT,R:sector=Agriculture and Agri-processing:ead_s3:2026Q2
C-C09,core,c8,35684.4,"SAR 35,684 million",SAR million,ead_s3,FALSE,artifact_cell,SUPPORTED_CORRECT,R:sector=Chemicals:ead_s3:2026Q2
C-C09,core,c9,17352.370000000003,"SAR 17,352 million",SAR million,ead_s3,FALSE,artifact_cell,SUPPORTED_CORRECT,R:sector=Healthcare:ead_s3:2026Q2
C-C09,core,c10,16640.65,"SAR 16,641 million",SAR million,ead_s3,FALSE,artifact_cell,SUPPORTED_CORRECT,R:sector=Metals and Mining:ead_s3:2026Q2
C-C09,core,c11,14786.740000000003,"SAR 14,787 million",SAR million,ead_s3,FALSE,artifact_cell,SUPPORTED_CORRECT,R:sector=Telecommunications:ead_s3:2026Q2
C-C09,core,c12,13259.330000000005,"SAR 13,259 million",SAR million,ead_s3,FALSE,artifact_cell,SUPPORTED_CORRECT,R:sector=Information Technology:ead_s3:2026Q2
C-C09,core,c13,12938.509999999997,"SAR 12,939 million",SAR million,ead_s3,FALSE,artifact_cell,SUPPORTED_CORRECT,R:sector=Power and Utilities:ead_s3:2026Q2
C-C09,core,c14,1252521.7199999997,"SAR 1,252,522 million",SAR million,ead_s3,FALSE,artifact_cell,SUPPORTED_CORRECT,R:total:ead_s3:2026Q2
C-C10,core,c0,0.31419148632171273,0.31x,ratio,top3_share,FALSE,artifact_cell,SUPPORTED_CORRECT,R:top3:sector:ead:share
C-C10,core,c1,0.4607983829459292,0.46x,ratio,top5_share,FALSE,artifact_cell,SUPPORTED_CORRECT,R:top5:sector:ead:share
C-C11,core,c0,117.0,117,count,facilities,FALSE,artifact_cell,SUPPORTED_CORRECT,R:total:facilities
C-C11,core,c1,96959.31000000006,"SAR 96,959 million",SAR million,ead_now,FALSE,artifact_cell,SUPPORTED_CORRECT,R:total:ead_now
C-C12,core,c0,0.5437819063068957,0.54x,ratio,s2_share,FALSE,artifact_cell,SUPPORTED_CORRECT,R:sector=Construction:s2_share
C-C12,core,c1,0.14736994920922578,0.15x,ratio,coverage,FALSE,artifact_cell,SUPPORTED_CORRECT,R:sector=Construction:coverage
C-C12,core,c2,0.5147113291151939,0.51x,ratio,s2_share,FALSE,artifact_cell,SUPPORTED_CORRECT,R:sector=Real Estate:s2_share
C-C12,core,c3,0.11487922955939339,0.11x,ratio,coverage,FALSE,artifact_cell,SUPPORTED_CORRECT,R:sector=Real Estate:coverage
C-C13,core,c0,0.5441969521144797,0.54x,ratio,ead_s3_pct_change,FALSE,artifact_cell,SUPPORTED_CORRECT,R:sector=Agriculture and Agri-processing:ead_s3:pct_change:2026Q2 vs 2025Q2
C-C13,core,c1,0.19342267069642416,0.19x,ratio,ead_s3_pct_change,FALSE,artifact_cell,SUPPORTED_CORRECT,R:sector=Chemicals:ead_s3:pct_change:2026Q2 vs 2025Q2
C-C13,core,c2,2.6235644090189214,2.62x,ratio,ead_s3_pct_change,FALSE,artifact_cell,SUPPORTED_CORRECT,R:sector=Construction:ead_s3:pct_change:2026Q2 vs 2025Q2
C-C13,core,c3,-0.03960599890303128,'-0.04x,ratio,ead_s3_pct_change,FALSE,artifact_cell,SUPPORTED_CORRECT,R:sector=Healthcare:ead_s3:pct_change:2026Q2 vs 2025Q2
C-C13,core,c4,2.38812001282396,2.39x,ratio,ead_s3_pct_change,FALSE,artifact_cell,SUPPORTED_CORRECT,R:sector=Hospitality:ead_s3:pct_change:2026Q2 vs 2025Q2
C-C13,core,c5,1.2567919936003276,1.26x,ratio,ead_s3_pct_change,FALSE,artifact_cell,SUPPORTED_CORRECT,R:sector=Information Technology:ead_s3:pct_change:2026Q2 vs 2025Q2
C-C13,core,c6,1.7753249361488037,1.78x,ratio,ead_s3_pct_change,FALSE,artifact_cell,SUPPORTED_CORRECT,R:sector=Manufacturing:ead_s3:pct_change:2026Q2 vs 2025Q2
C-C13,core,c7,0.8531719295510357,0.85x,ratio,ead_s3_pct_change,FALSE,artifact_cell,SUPPORTED_CORRECT,R:sector=Metals and Mining:ead_s3:pct_change:2026Q2 vs 2025Q2
C-C13,core,c8,0.08348211294968816,0.08x,ratio,ead_s3_pct_change,FALSE,artifact_cell,SUPPORTED_CORRECT,R:sector=Power and Utilities:ead_s3:pct_change:2026Q2 vs 2025Q2
C-C13,core,c9,2.017722538537949,2.02x,ratio,ead_s3_pct_change,FALSE,artifact_cell,SUPPORTED_CORRECT,R:sector=Real Estate:ead_s3:pct_change:2026Q2 vs 2025Q2
C-C13,core,c10,1.367108446495154,1.37x,ratio,ead_s3_pct_change,FALSE,artifact_cell,SUPPORTED_CORRECT,R:sector=Retail Trade:ead_s3:pct_change:2026Q2 vs 2025Q2
C-C13,core,c11,0.0662127833856225,0.07x,ratio,ead_s3_pct_change,FALSE,artifact_cell,SUPPORTED_CORRECT,R:sector=Telecommunications:ead_s3:pct_change:2026Q2 vs 2025Q2
C-C13,core,c12,0.3601275286316409,0.36x,ratio,ead_s3_pct_change,FALSE,artifact_cell,SUPPORTED_CORRECT,R:sector=Transport and Logistics:ead_s3:pct_change:2026Q2 vs 2025Q2
C-C13,core,c13,0.5442313255156759,0.54x,ratio,ead_s3_pct_change,FALSE,artifact_cell,SUPPORTED_CORRECT,R:sector=Wholesale Trade:ead_s3:pct_change:2026Q2 vs 2025Q2
C-C14,core,c0,368515.04000000015,"SAR 368,515 million",SAR million,total_abs_change,FALSE,artifact_cell,SUPPORTED_CORRECT,R:total:ead_s3:abs_change
C-C14,core,c1,177403.55000000028,"SAR 177,404 million",SAR million,ead_s3_abs_change,FALSE,artifact_cell,SUPPORTED_CORRECT,R:sector=Construction:ead_s3:abs_change:2026Q2 vs 2026Q1
C-C14,core,c2,96747.76999999979,"SAR 96,748 million",SAR million,ead_s3_abs_change,FALSE,artifact_cell,SUPPORTED_CORRECT,R:sector=Real Estate:ead_s3:abs_change:2026Q2 vs 2026Q1
C-C15,core,c0,0.3761730958770438,0.38x,ratio,s2_share,FALSE,artifact_cell,SUPPORTED_CORRECT,R:region=Qassim:s2_share:2026Q2
C-C15,core,c1,0.10484032139702676,0.10x,ratio,s3_share,FALSE,artifact_cell,SUPPORTED_CORRECT,R:region=Qassim:s3_share:2026Q2
C-C15,core,c2,0.06809814727845134,0.07x,ratio,coverage,FALSE,artifact_cell,SUPPORTED_CORRECT,R:region=Qassim:coverage:2026Q2
C-C15,core,c3,0.29602074776840115,0.30x,ratio,s2_share,FALSE,artifact_cell,SUPPORTED_CORRECT,R:region=Riyadh:s2_share:2026Q2
C-C15,core,c4,0.08603055844527803,0.09x,ratio,s3_share,FALSE,artifact_cell,SUPPORTED_CORRECT,R:region=Riyadh:s3_share:2026Q2
C-C15,core,c5,0.05318337419530936,0.05x,ratio,coverage,FALSE,artifact_cell,SUPPORTED_CORRECT,R:region=Riyadh:coverage:2026Q2
C-C15,core,c6,0.2918011547591429,0.29x,ratio,s2_share,FALSE,artifact_cell,SUPPORTED_CORRECT,R:region=Makkah:s2_share:2026Q2
C-C15,core,c7,0.11127554050370286,0.11x,ratio,s3_share,FALSE,artifact_cell,SUPPORTED_CORRECT,R:region=Makkah:s3_share:2026Q2
C-C15,core,c8,0.06750304619624012,0.07x,ratio,coverage,FALSE,artifact_cell,SUPPORTED_CORRECT,R:region=Makkah:coverage:2026Q2
C-C15,core,c9,0.2765605624167867,0.28x,ratio,s2_share,FALSE,artifact_cell,SUPPORTED_CORRECT,R:region=Asir:s2_share:2026Q2
C-C15,core,c10,0.0447569250805439,0.04x,ratio,s3_share,FALSE,artifact_cell,SUPPORTED_CORRECT,R:region=Asir:s3_share:2026Q2
C-C15,core,c11,0.030026956673931827,0.03x,ratio,coverage,FALSE,artifact_cell,SUPPORTED_CORRECT,R:region=Asir:coverage:2026Q2
C-C15,core,c12,0.26822327143114216,0.27x,ratio,s2_share,FALSE,artifact_cell,SUPPORTED_CORRECT,R:region=Madinah:s2_share:2026Q2
C-C15,core,c13,0.09901823960524771,0.10x,ratio,s3_share,FALSE,artifact_cell,SUPPORTED_CORRECT,R:region=Madinah:s3_share:2026Q2
C-C15,core,c14,0.059764105943569866,0.06x,ratio,coverage,FALSE,artifact_cell,SUPPORTED_CORRECT,R:region=Madinah:coverage:2026Q2
C-C15,core,c15,0.24837427494900294,0.25x,ratio,s2_share,FALSE,artifact_cell,SUPPORTED_CORRECT,R:region=Eastern Province:s2_share:2026Q2
C-C15,core,c16,0.07074890998872027,0.07x,ratio,s3_share,FALSE,artifact_cell,SUPPORTED_CORRECT,R:region=Eastern Province:s3_share:2026Q2
C-C15,core,c17,0.04398553370219644,0.04x,ratio,coverage,FALSE,artifact_cell,SUPPORTED_CORRECT,R:region=Eastern Province:coverage:2026Q2
C-C15,core,c18,0.2397866369920873,0.24x,ratio,s2_share,FALSE,artifact_cell,SUPPORTED_CORRECT,R:region=Tabuk:s2_share:2026Q2
C-C15,core,c19,0.03870693035663407,0.04x,ratio,s3_share,FALSE,artifact_cell,SUPPORTED_CORRECT,R:region=Tabuk:s3_share:2026Q2
C-C15,core,c20,0.03121488198004788,0.03x,ratio,coverage,FALSE,artifact_cell,SUPPORTED_CORRECT,R:region=Tabuk:coverage:2026Q2
C-C15,core,c21,0.22510033149003816,0.23x,ratio,s2_share,FALSE,artifact_cell,SUPPORTED_CORRECT,R:region=Northern Borders:s2_share:2026Q2
C-C15,core,c22,0.03288683974004883,0.03x,ratio,s3_share,FALSE,artifact_cell,SUPPORTED_CORRECT,R:region=Northern Borders:s3_share:2026Q2
C-C15,core,c23,0.021698164853612444,0.02x,ratio,coverage,FALSE,artifact_cell,SUPPORTED_CORRECT,R:region=Northern Borders:coverage:2026Q2
C-C15,core,c24,0.21478322296257107,0.21x,ratio,s2_share,FALSE,artifact_cell,SUPPORTED_CORRECT,R:region=Hail:s2_share:2026Q2
C-C15,core,c25,0.056402628701826336,0.06x,ratio,s3_share,FALSE,artifact_cell,SUPPORTED_CORRECT,R:region=Hail:s3_share:2026Q2
C-C15,core,c26,0.03553555523871068,0.04x,ratio,coverage,FALSE,artifact_cell,SUPPORTED_CORRECT,R:region=Hail:coverage:2026Q2
C-C15,core,c27,0.048627866673332285,0.05x,ratio,s2_share,FALSE,artifact_cell,SUPPORTED_CORRECT,R:region=Najran:s2_share:2026Q2
C-C15,core,c28,0.021508823106387766,0.02x,ratio,s3_share,FALSE,artifact_cell,SUPPORTED_CORRECT,R:region=Najran:s3_share:2026Q2
C-C15,core,c29,0.012528280793146024,0.01x,ratio,coverage,FALSE,artifact_cell,SUPPORTED_CORRECT,R:region=Najran:coverage:2026Q2
C-C16,core,c0,6490.8099999999995,"SAR 6,491 million",SAR million,ead_s3,FALSE,artifact_cell,SUPPORTED_CORRECT,R:borrower_name=Al Noor Infrastructure:ead_s3
C-C16,core,c1,6366.14,"SAR 6,366 million",SAR million,ead_s3,FALSE,artifact_cell,SUPPORTED_CORRECT,R:borrower_name=Khamis Mushait Integrated Properties:ead_s3
C-C16,core,c2,5999.11,"SAR 5,999 million",SAR million,ead_s3,FALSE,artifact_cell,SUPPORTED_CORRECT,R:borrower_name=Taif Modern Estates:ead_s3
C-C16,core,c3,5970.49,"SAR 5,970 million",SAR million,ead_s3,FALSE,artifact_cell,SUPPORTED_CORRECT,R:borrower_name=Tuwaiq Continental Logistics:ead_s3
C-C16,core,c4,5867.280000000001,"SAR 5,867 million",SAR million,ead_s3,FALSE,artifact_cell,SUPPORTED_CORRECT,R:borrower_name=Khamis Mushait National Estates:ead_s3
C-C16,core,c5,5691.640000000001,"SAR 5,692 million",SAR million,ead_s3,FALSE,artifact_cell,SUPPORTED_CORRECT,R:borrower_name=Rabigh Modern Properties:ead_s3
C-C16,core,c6,5651.76,"SAR 5,652 million",SAR million,ead_s3,FALSE,artifact_cell,SUPPORTED_CORRECT,R:borrower_name=Wadi Hanifah National Chemicals:ead_s3
C-C16,core,c7,5563.46,"SAR 5,563 million",SAR million,ead_s3,FALSE,artifact_cell,SUPPORTED_CORRECT,R:borrower_name=Tuwaiq Central Properties:ead_s3
C-C16,core,c8,5538.84,"SAR 5,539 million",SAR million,ead_s3,FALSE,artifact_cell,SUPPORTED_CORRECT,R:borrower_name=Najd United Contracting:ead_s3
C-C16,core,c9,5536.679999999999,"SAR 5,537 million",SAR million,ead_s3,FALSE,artifact_cell,SUPPORTED_CORRECT,R:borrower_name=Arar First Engineering:ead_s3
C-C17,core,c0,863.0,863,count,breached_tests,FALSE,artifact_cell,SUPPORTED_CORRECT,R:covenant_type=Current Ratio:breached_tests
C-C17,core,c1,635.0,635,count,breached_tests,FALSE,artifact_cell,SUPPORTED_CORRECT,R:covenant_type=DSCR:breached_tests
C-C17,core,c2,616.0,616,count,breached_tests,FALSE,artifact_cell,SUPPORTED_CORRECT,R:covenant_type=Interest Cover:breached_tests
C-C17,core,c3,388.0,388,count,breached_tests,FALSE,artifact_cell,SUPPORTED_CORRECT,R:covenant_type=Leverage:breached_tests
C-C17,core,c4,270.0,270,count,breached_tests,FALSE,artifact_cell,SUPPORTED_CORRECT,R:covenant_type=Minimum EBITDA:breached_tests
C-C17,core,c5,2772.0,"2,772",count,facilities,FALSE,artifact_cell,SUPPORTED_CORRECT,R:total:facilities
C-C17,core,c6,2092633.7600000026,"SAR 2,092,634 million",SAR million,ead,FALSE,artifact_cell,SUPPORTED_CORRECT,R:total:ead
C-C18,core,c0,496.0,496,count,borrowers,FALSE,artifact_cell,SUPPORTED_CORRECT,R:sector=Construction:borrowers
C-C18,core,c1,1489739.2799999996,"SAR 1,489,739 million",SAR million,ead,FALSE,artifact_cell,SUPPORTED_CORRECT,R:sector=Construction:ead
C-C18,core,c2,378.0,378,count,borrowers,FALSE,artifact_cell,SUPPORTED_CORRECT,R:sector=Real Estate:borrowers
C-C18,core,c3,1141112.7000000002,"SAR 1,141,113 million",SAR million,ead,FALSE,artifact_cell,SUPPORTED_CORRECT,R:sector=Real Estate:ead
C-C18,core,c4,178.0,178,count,borrowers,FALSE,artifact_cell,SUPPORTED_CORRECT,R:sector=Hospitality:borrowers
C-C18,core,c5,530908.12,"SAR 530,908 million",SAR million,ead,FALSE,artifact_cell,SUPPORTED_CORRECT,R:sector=Hospitality:ead
C-C18,core,c6,175.0,175,count,borrowers,FALSE,artifact_cell,SUPPORTED_CORRECT,R:sector=Retail Trade:borrowers
C-C18,core,c7,521051.95,"SAR 521,052 million",SAR million,ead,FALSE,artifact_cell,SUPPORTED_CORRECT,R:sector=Retail Trade:ead
C-C18,core,c8,116.0,116,count,borrowers,FALSE,artifact_cell,SUPPORTED_CORRECT,R:sector=Manufacturing:borrowers
C-C18,core,c9,347204.5299999999,"SAR 347,205 million",SAR million,ead,FALSE,artifact_cell,SUPPORTED_CORRECT,R:sector=Manufacturing:ead
C-C18,core,c10,113.0,113,count,borrowers,FALSE,artifact_cell,SUPPORTED_CORRECT,R:sector=Transport and Logistics:borrowers
C-C18,core,c11,322716.85,"SAR 322,717 million",SAR million,ead,FALSE,artifact_cell,SUPPORTED_CORRECT,R:sector=Transport and Logistics:ead
C-C18,core,c12,73.0,73,count,borrowers,FALSE,artifact_cell,SUPPORTED_CORRECT,R:sector=Agriculture and Agri-processing:borrowers
C-C18,core,c13,227296.59000000003,"SAR 227,297 million",SAR million,ead,FALSE,artifact_cell,SUPPORTED_CORRECT,R:sector=Agriculture and Agri-processing:ead
C-C18,core,c14,67.0,67,count,borrowers,FALSE,artifact_cell,SUPPORTED_CORRECT,R:sector=Wholesale Trade:borrowers
C-C18,core,c15,185372.78,"SAR 185,373 million",SAR million,ead,FALSE,artifact_cell,SUPPORTED_CORRECT,R:sector=Wholesale Trade:ead
C-C18,core,c16,52.0,52,count,borrowers,FALSE,artifact_cell,SUPPORTED_CORRECT,R:sector=Metals and Mining:borrowers
C-C18,core,c17,149135.27999999994,"SAR 149,135 million",SAR million,ead,FALSE,artifact_cell,SUPPORTED_CORRECT,R:sector=Metals and Mining:ead
C-C18,core,c18,46.0,46,count,borrowers,FALSE,artifact_cell,SUPPORTED_CORRECT,R:sector=Chemicals:borrowers
C-C18,core,c19,127402.91000000002,"SAR 127,403 million",SAR million,ead,FALSE,artifact_cell,SUPPORTED_CORRECT,R:sector=Chemicals:ead
C-C18,core,c20,39.0,39,count,borrowers,FALSE,artifact_cell,SUPPORTED_CORRECT,R:sector=Information Technology:borrowers
C-C18,core,c21,111921.4,"SAR 111,921 million",SAR million,ead,FALSE,artifact_cell,SUPPORTED_CORRECT,R:sector=Information Technology:ead
C-C18,core,c22,36.0,36,count,borrowers,FALSE,artifact_cell,SUPPORTED_CORRECT,R:sector=Healthcare:borrowers
C-C18,core,c23,110922.49000000002,"SAR 110,922 million",SAR million,ead,FALSE,artifact_cell,SUPPORTED_CORRECT,R:sector=Healthcare:ead
C-C18,core,c24,36.0,36,count,borrowers,FALSE,artifact_cell,SUPPORTED_CORRECT,R:sector=Telecommunications:borrowers
C-C18,core,c25,104275.40000000002,"SAR 104,275 million",SAR million,ead,FALSE,artifact_cell,SUPPORTED_CORRECT,R:sector=Telecommunications:ead
C-C18,core,c26,23.0,23,count,borrowers,FALSE,artifact_cell,SUPPORTED_CORRECT,R:sector=Power and Utilities:borrowers
C-C18,core,c27,64445.88000000001,"SAR 64,446 million",SAR million,ead,FALSE,artifact_cell,SUPPORTED_CORRECT,R:sector=Power and Utilities:ead
C-C19,core,c0,197.0,197,count,borrowers,FALSE,artifact_cell,SUPPORTED_CORRECT,R:sector=Construction:borrowers
C-C19,core,c1,605016.0599999999,"SAR 605,016 million",SAR million,ead,FALSE,artifact_cell,SUPPORTED_CORRECT,R:sector=Construction:ead
C-C19,core,c2,108.0,108,count,borrowers,FALSE,artifact_cell,SUPPORTED_CORRECT,R:sector=Real Estate:borrowers
C-C19,core,c3,329140.66000000003,"SAR 329,141 million",SAR million,ead,FALSE,artifact_cell,SUPPORTED_CORRECT,R:sector=Real Estate:ead
C-C19,core,c4,60.0,60,count,borrowers,FALSE,artifact_cell,SUPPORTED_CORRECT,R:sector=Retail Trade:borrowers
C-C19,core,c5,182179.85,"SAR 182,180 million",SAR million,ead,FALSE,artifact_cell,SUPPORTED_CORRECT,R:sector=Retail Trade:ead
C-C19,core,c6,55.0,55,count,borrowers,FALSE,artifact_cell,SUPPORTED_CORRECT,R:sector=Hospitality:borrowers
C-C19,core,c7,164601.41999999998,"SAR 164,601 million",SAR million,ead,FALSE,artifact_cell,SUPPORTED_CORRECT,R:sector=Hospitality:ead
C-C19,core,c8,44.0,44,count,borrowers,FALSE,artifact_cell,SUPPORTED_CORRECT,R:sector=Manufacturing:borrowers
C-C19,core,c9,145519.84999999998,"SAR 145,520 million",SAR million,ead,FALSE,artifact_cell,SUPPORTED_CORRECT,R:sector=Manufacturing:ead
C-C20,core,c0,107018.05999999998,"SAR 107,018 million",SAR million,ead_now,FALSE,artifact_cell,SUPPORTED_CORRECT,R:sector=Construction:ead_now
C-C20,core,c1,87965.26000000002,"SAR 87,965 million",SAR million,ead_now,FALSE,artifact_cell,SUPPORTED_CORRECT,R:sector=Real Estate:ead_now
C-C20,core,c2,67011.14,"SAR 67,011 million",SAR million,ead_now,FALSE,artifact_cell,SUPPORTED_CORRECT,R:sector=Retail Trade:ead_now
C-C20,core,c3,50036.82000000001,"SAR 50,037 million",SAR million,ead_now,FALSE,artifact_cell,SUPPORTED_CORRECT,R:sector=Hospitality:ead_now
C-C20,core,c4,48413.07000000001,"SAR 48,413 million",SAR million,ead_now,FALSE,artifact_cell,SUPPORTED_CORRECT,R:sector=Manufacturing:ead_now
C-R01,core,c0,0.21357881422244734,0.21x,ratio,s2_share,FALSE,artifact_cell,SUPPORTED_CORRECT,R:product=Credit Card:s2_share:2026-08
C-R01,core,c1,0.19087965926878916,0.19x,ratio,s2_share,FALSE,artifact_cell,SUPPORTED_CORRECT,R:product=Buy Now Pay Later:s2_share:2026-08
C-R01,core,c2,0.1188885932635751,0.12x,ratio,s2_share,FALSE,artifact_cell,SUPPORTED_CORRECT,R:product=Personal Finance:s2_share:2026-08
C-R01,core,c3,0.03608342861818109,0.04x,ratio,s2_share,FALSE,artifact_cell,SUPPORTED_CORRECT,R:product=Mortgage:s2_share:2026-08
C-R01,core,c4,0.021299772024524485,0.02x,ratio,s2_share,FALSE,artifact_cell,SUPPORTED_CORRECT,R:product=Auto Finance:s2_share:2026-08
C-R02,core,c0,740.8253000000019,SAR 741 million,SAR million,ead_latest,FALSE,artifact_cell,SUPPORTED_CORRECT,R:product=Auto Finance:ead:latest:2026-08
C-R02,core,c1,724.0621800000009,SAR 724 million,SAR million,ead_base,FALSE,artifact_cell,SUPPORTED_CORRECT,R:product=Auto Finance:ead:base:2026-07
C-R02,core,c2,16.76312000000098,SAR 17 million,SAR million,ead_abs_change,FALSE,artifact_cell,SUPPORTED_CORRECT,R:product=Auto Finance:ead:abs_change:2026-08 vs 2026-07
C-R02,core,c3,0.023151492320729914,0.02x,ratio,ead_pct_change,FALSE,artifact_cell,SUPPORTED_CORRECT,R:product=Auto Finance:ead:pct_change:2026-08 vs 2026-07
C-R02,core,c4,38.95622000000003,SAR 39 million,SAR million,ead_latest,FALSE,artifact_cell,SUPPORTED_CORRECT,R:product=Buy Now Pay Later:ead:latest:2026-08
C-R02,core,c5,30.69454999999997,SAR 31 million,SAR million,ead_base,FALSE,artifact_cell,SUPPORTED_CORRECT,R:product=Buy Now Pay Later:ead:base:2026-07
C-R02,core,c6,8.26167000000006,SAR 8 million,SAR million,ead_abs_change,FALSE,artifact_cell,SUPPORTED_CORRECT,R:product=Buy Now Pay Later:ead:abs_change:2026-08 vs 2026-07
C-R02,core,c7,0.26915755402832314,0.27x,ratio,ead_pct_change,FALSE,artifact_cell,SUPPORTED_CORRECT,R:product=Buy Now Pay Later:ead:pct_change:2026-08 vs 2026-07
C-R02,core,c8,513.1842799999981,SAR 513 million,SAR million,ead_latest,FALSE,artifact_cell,SUPPORTED_CORRECT,R:product=Credit Card:ead:latest:2026-08
C-R02,core,c9,490.41891999999956,SAR 490 million,SAR million,ead_base,FALSE,artifact_cell,SUPPORTED_CORRECT,R:product=Credit Card:ead:base:2026-07
C-R02,core,c10,22.765359999998566,SAR 23 million,SAR million,ead_abs_change,FALSE,artifact_cell,SUPPORTED_CORRECT,R:product=Credit Card:ead:abs_change:2026-08 vs 2026-07
C-R02,core,c11,0.046420231911115065,0.05x,ratio,ead_pct_change,FALSE,artifact_cell,SUPPORTED_CORRECT,R:product=Credit Card:ead:pct_change:2026-08 vs 2026-07
C-R02,core,c12,16648.92203999996,"SAR 16,649 million",SAR million,ead_latest,FALSE,artifact_cell,SUPPORTED_CORRECT,R:product=Mortgage:ead:latest:2026-08
C-R02,core,c13,15828.481929999945,"SAR 15,828 million",SAR million,ead_base,FALSE,artifact_cell,SUPPORTED_CORRECT,R:product=Mortgage:ead:base:2026-07
C-R02,core,c14,820.4401100000159,SAR 820 million,SAR million,ead_abs_change,FALSE,artifact_cell,SUPPORTED_CORRECT,R:product=Mortgage:ead:abs_change:2026-08 vs 2026-07
C-R02,core,c15,0.05183315201219797,0.05x,ratio,ead_pct_change,FALSE,artifact_cell,SUPPORTED_CORRECT,R:product=Mortgage:ead:pct_change:2026-08 vs 2026-07
C-R02,core,c16,1796.9443000000022,"SAR 1,797 million",SAR million,ead_latest,FALSE,artifact_cell,SUPPORTED_CORRECT,R:product=Personal Finance:ead:latest:2026-08
C-R02,core,c17,1746.6121500000081,"SAR 1,747 million",SAR million,ead_base,FALSE,artifact_cell,SUPPORTED_CORRECT,R:product=Personal Finance:ead:base:2026-07
C-R02,core,c18,50.332149999994044,SAR 50 million,SAR million,ead_abs_change,FALSE,artifact_cell,SUPPORTED_CORRECT,R:product=Personal Finance:ead:abs_change:2026-08 vs 2026-07
C-R02,core,c19,0.028817015844069222,0.03x,ratio,ead_pct_change,FALSE,artifact_cell,SUPPORTED_CORRECT,R:product=Personal Finance:ead:pct_change:2026-08 vs 2026-07
C-R03,core,c0,-0.005840959322920614,'-0.01x,ratio,dpd30_share_abs_change,FALSE,artifact_cell,SUPPORTED_CORRECT,R:product=Credit Card:dpd30_share:abs_change:2026-08 vs 2026-07
C-R03,core,c1,-0.05337032118906875,'-0.05x,ratio,dpd30_share_pct_change,FALSE,artifact_cell,SUPPORTED_CORRECT,R:product=Credit Card:dpd30_share:pct_change:2026-08 vs 2026-07
C-R03,core,c2,-0.003724567007420035,0.00x,ratio,dpd30_share_abs_change,FALSE,artifact_cell,SUPPORTED_CORRECT,R:product=Personal Finance:dpd30_share:abs_change:2026-08 vs 2026-07
C-R03,core,c3,-0.054139313781404144,'-0.05x,ratio,dpd30_share_pct_change,FALSE,artifact_cell,SUPPORTED_CORRECT,R:product=Personal Finance:dpd30_share:pct_change:2026-08 vs 2026-07
C-R03,core,c4,18.802739999999886,SAR 19 million,SAR million,ead_s2_abs_change,FALSE,artifact_cell,SUPPORTED_CORRECT,R:product=Credit Card:ead_s2:abs_change:2026-08 vs 2026-07
C-R03,core,c5,0.20707281899021407,0.21x,ratio,ead_s2_pct_change,FALSE,artifact_cell,SUPPORTED_CORRECT,R:product=Credit Card:ead_s2:pct_change:2026-08 vs 2026-07
C-R03,core,c6,27.582569999999976,SAR 28 million,SAR million,ead_s2_abs_change,FALSE,artifact_cell,SUPPORTED_CORRECT,R:product=Personal Finance:ead_s2:abs_change:2026-08 vs 2026-07
C-R03,core,c7,0.14825065743147892,0.15x,ratio,ead_s2_pct_change,FALSE,artifact_cell,SUPPORTED_CORRECT,R:product=Personal Finance:ead_s2:pct_change:2026-08 vs 2026-07
C-R04,core,c0,0.9871850000000062,SAR 1 million,SAR million,ecl_abs_change,FALSE,artifact_cell,SUPPORTED_CORRECT,R:product=Buy Now Pay Later:ecl:abs_change:2026-08 vs 2026-07
C-R04,core,c1,0.5833030509836633,0.58x,ratio,ecl_pct_change,FALSE,artifact_cell,SUPPORTED_CORRECT,R:product=Buy Now Pay Later:ecl:pct_change:2026-08 vs 2026-07
C-R04,core,c2,6.487052999999825,SAR 6 million,SAR million,ecl_abs_change,FALSE,artifact_cell,SUPPORTED_CORRECT,R:product=Credit Card:ecl:abs_change:2026-08 vs 2026-07
C-R04,core,c3,0.12179244648929725,0.12x,ratio,ecl_pct_change,FALSE,artifact_cell,SUPPORTED_CORRECT,R:product=Credit Card:ecl:pct_change:2026-08 vs 2026-07
C-R04,core,c4,7.189680999999837,SAR 7 million,SAR million,ecl_abs_change,FALSE,artifact_cell,SUPPORTED_CORRECT,R:product=Mortgage:ecl:abs_change:2026-08 vs 2026-07
C-R04,core,c5,0.18942906760192987,0.19x,ratio,ecl_pct_change,FALSE,artifact_cell,SUPPORTED_CORRECT,R:product=Mortgage:ecl:pct_change:2026-08 vs 2026-07
C-R05,core,c0,16648.92203999996,"SAR 16,649 million",SAR million,ead,FALSE,artifact_cell,SUPPORTED_CORRECT,R:product=Mortgage:ead:2026-08
C-R05,core,c1,600.7501900000005,SAR 601 million,SAR million,ead_s2,FALSE,artifact_cell,SUPPORTED_CORRECT,R:product=Mortgage:ead_s2:2026-08
C-R05,core,c2,70.59315,SAR 71 million,SAR million,ead_s3,FALSE,artifact_cell,SUPPORTED_CORRECT,R:product=Mortgage:ead_s3:2026-08
C-R05,core,c3,45.1441569999999,SAR 45 million,SAR million,ecl,FALSE,artifact_cell,SUPPORTED_CORRECT,R:product=Mortgage:ecl:2026-08
C-R05,core,c4,0.0027115363319942607,0.00x,ratio,coverage,FALSE,artifact_cell,SUPPORTED_CORRECT,R:product=Mortgage:coverage:2026-08
C-R05,core,c5,1796.9443000000022,"SAR 1,797 million",SAR million,ead,FALSE,artifact_cell,SUPPORTED_CORRECT,R:product=Personal Finance:ead:2026-08
C-R05,core,c6,213.63617999999994,SAR 214 million,SAR million,ead_s2,FALSE,artifact_cell,SUPPORTED_CORRECT,R:product=Personal Finance:ead_s2:2026-08
C-R05,core,c7,70.09473000000001,SAR 70 million,SAR million,ead_s3,FALSE,artifact_cell,SUPPORTED_CORRECT,R:product=Personal Finance:ead_s3:2026-08
C-R05,core,c8,108.16221700000004,SAR 108 million,SAR million,ecl,FALSE,artifact_cell,SUPPORTED_CORRECT,R:product=Personal Finance:ecl:2026-08
C-R05,core,c9,0.06019230367908449,0.06x,ratio,coverage,FALSE,artifact_cell,SUPPORTED_CORRECT,R:product=Personal Finance:coverage:2026-08
C-R05,core,c10,740.8253000000019,SAR 741 million,SAR million,ead,FALSE,artifact_cell,SUPPORTED_CORRECT,R:product=Auto Finance:ead:2026-08
C-R05,core,c11,15.77941,SAR 16 million,SAR million,ead_s2,FALSE,artifact_cell,SUPPORTED_CORRECT,R:product=Auto Finance:ead_s2:2026-08
C-R05,core,c12,9.84009,SAR 10 million,SAR million,ead_s3,FALSE,artifact_cell,SUPPORTED_CORRECT,R:product=Auto Finance:ead_s3:2026-08
C-R05,core,c13,8.820380999999976,SAR 9 million,SAR million,ecl,FALSE,artifact_cell,SUPPORTED_CORRECT,R:product=Auto Finance:ecl:2026-08
C-R05,core,c14,0.011906155202852755,0.01x,ratio,coverage,FALSE,artifact_cell,SUPPORTED_CORRECT,R:product=Auto Finance:ead_s2:2026-08
C-R05,core,c15,513.1842799999981,SAR 513 million,SAR million,ead,FALSE,artifact_cell,SUPPORTED_CORRECT,R:product=Credit Card:ead:2026-08
C-R05,core,c16,109.60529,SAR 110 million,SAR million,ead_s2,FALSE,artifact_cell,SUPPORTED_CORRECT,R:product=Credit Card:ead_s2:2026-08
C-R05,core,c17,33.38519999999998,SAR 33 million,SAR million,ead_s3,FALSE,artifact_cell,SUPPORTED_CORRECT,R:product=Credit Card:ead_s3:2026-08
C-R05,core,c18,59.75023299999997,SAR 60 million,SAR million,ecl,FALSE,artifact_cell,SUPPORTED_CORRECT,R:product=Credit Card:ecl:2026-08
C-R05,core,c19,0.11643036493635422,0.12x,ratio,coverage,FALSE,artifact_cell,SUPPORTED_CORRECT,R:product=Credit Card:coverage:2026-08
C-R05,core,c20,38.95622000000003,SAR 39 million,SAR million,ead,FALSE,artifact_cell,SUPPORTED_CORRECT,R:product=Buy Now Pay Later:ead:2026-08
C-R05,core,c21,7.435949999999996,SAR 7 million,SAR million,ead_s2,FALSE,artifact_cell,SUPPORTED_CORRECT,R:product=Buy Now Pay Later:ead_s2:2026-08
C-R05,core,c22,0.9390499999999996,SAR 1 million,SAR million,ead_s3,FALSE,artifact_cell,SUPPORTED_CORRECT,R:product=Buy Now Pay Later:ead_s3:2026-08
C-R05,core,c23,2.6795900000000055,SAR 3 million,SAR million,ecl,FALSE,artifact_cell,SUPPORTED_CORRECT,R:product=Buy Now Pay Later:ecl:2026-08
C-R05,core,c24,0.06878465107754303,0.07x,ratio,coverage,FALSE,artifact_cell,SUPPORTED_CORRECT,R:product=Buy Now Pay Later:coverage:2026-08
C-R06,core,c0,19.189461999999807,SAR 19 million,SAR million,total_abs_change,FALSE,artifact_cell,SUPPORTED_CORRECT,R:total:ecl:abs_change
C-R06,core,c1,7.189680999999837,SAR 7 million,SAR million,ecl_abs_change,FALSE,artifact_cell,SUPPORTED_CORRECT,R:product=Mortgage:ecl:abs_change:2026-08 vs 2026-07
C-R06,core,c2,6.487052999999825,SAR 6 million,SAR million,ecl_abs_change,FALSE,artifact_cell,SUPPORTED_CORRECT,R:product=Credit Card:ecl:abs_change:2026-08 vs 2026-07
C-R06,core,c3,3.9800900000001747,SAR 4 million,SAR million,ecl_abs_change,FALSE,artifact_cell,SUPPORTED_CORRECT,R:product=Personal Finance:ecl:abs_change:2026-08 vs 2026-07
C-R06,core,c4,0.9871850000000062,SAR 1 million,SAR million,ecl_abs_change,FALSE,artifact_cell,SUPPORTED_CORRECT,R:product=Buy Now Pay Later:ecl:abs_change:2026-08 vs 2026-07
C-R06,core,c5,0.5454529999999664,SAR 1 million,SAR million,ecl_abs_change,FALSE,artifact_cell,SUPPORTED_CORRECT,R:product=Auto Finance:ecl:abs_change:2026-08 vs 2026-07
C-R07,core,c0,19.18946199999928,SAR 19 million,SAR million,ecl_change,FALSE,artifact_cell,SUPPORTED_CORRECT,R:total:ecl:ecl_change
C-R07,core,c1,10.023369256342313,SAR 10 million,SAR million,stock_effect,FALSE,artifact_cell,SUPPORTED_CORRECT,R:total:ecl:stock
C-R07,core,c2,9.166092743656979,SAR 9 million,SAR million,rate_effect,FALSE,artifact_cell,SUPPORTED_CORRECT,R:total:ecl:rate
C-R08,core,c0,30.454109999999915,SAR 30 million,SAR million,ecl,FALSE,artifact_cell,SUPPORTED_CORRECT,R:region=Asir:ecl:2026-08
C-R08,core,c1,28.980584000000036,SAR 29 million,SAR million,ecl,FALSE,artifact_cell,SUPPORTED_CORRECT,R:region=Qassim:ecl:2026-08
C-R08,core,c2,28.468110000000035,SAR 28 million,SAR million,ecl,FALSE,artifact_cell,SUPPORTED_CORRECT,R:region=Madinah:ecl:2026-08
C-R08,core,c3,27.977642000000056,SAR 28 million,SAR million,ecl,FALSE,artifact_cell,SUPPORTED_CORRECT,R:region=Riyadh:ecl:2026-08
C-R08,core,c4,27.514078999999956,SAR 28 million,SAR million,ecl,FALSE,artifact_cell,SUPPORTED_CORRECT,R:region=Hail:ecl:2026-08
C-R08,core,c5,27.276387,SAR 27 million,SAR million,ecl,FALSE,artifact_cell,SUPPORTED_CORRECT,R:region=Eastern Province:ecl:2026-08
C-R08,core,c6,27.050249999999977,SAR 27 million,SAR million,ecl,FALSE,artifact_cell,SUPPORTED_CORRECT,R:region=Tabuk:ecl:2026-08
C-R08,core,c7,26.835416000000023,SAR 27 million,SAR million,ecl,FALSE,artifact_cell,SUPPORTED_CORRECT,R:region=Makkah:ecl:2026-08
C-R08,core,c8,224.55657799999955,SAR 225 million,SAR million,ecl,FALSE,artifact_cell,SUPPORTED_CORRECT,R:total:ecl:2026-08
C-R09,core,c0,0.8434603385811048,0.84x,ratio,top1_share,FALSE,artifact_cell,SUPPORTED_CORRECT,R:top1:product:ead:share
C-R09,core,c1,0.9344963374312377,0.93x,ratio,top2_share,FALSE,artifact_cell,SUPPORTED_CORRECT,R:top2:product:ead:share
C-R10,core,c0,0.025905230288436366,0.03x,ratio,dpd30_share_latest,FALSE,artifact_cell,SUPPORTED_CORRECT,R:product=Auto Finance:dpd30_share:latest:2026-08
C-R10,core,c1,0.022610757628195186,0.02x,ratio,dpd30_share_base,FALSE,artifact_cell,SUPPORTED_CORRECT,R:product=Auto Finance:dpd30_share:base:2026-05
C-R10,core,c2,0.09769094640085708,0.10x,ratio,dpd30_share_latest,FALSE,artifact_cell,SUPPORTED_CORRECT,R:product=Buy Now Pay Later:dpd30_share:latest:2026-08
C-R10,core,c3,0.041607716625207375,0.04x,ratio,dpd30_share_base,FALSE,artifact_cell,SUPPORTED_CORRECT,R:product=Buy Now Pay Later:dpd30_share:base:2026-05
C-R10,core,c4,0.10360112745464505,0.10x,ratio,dpd30_share_latest,FALSE,artifact_cell,SUPPORTED_CORRECT,R:product=Credit Card:dpd30_share:latest:2026-08
C-R10,core,c5,0.10021321224630163,0.10x,ratio,dpd30_share_base,FALSE,artifact_cell,SUPPORTED_CORRECT,R:product=Credit Card:dpd30_share:base:2026-05
C-R10,core,c6,0.009287027089713034,0.01x,ratio,dpd30_share_latest,FALSE,artifact_cell,SUPPORTED_CORRECT,R:product=Mortgage:dpd30_share:latest:2026-08
C-R10,core,c7,0.008146139350660083,0.01x,ratio,dpd30_share_base,FALSE,artifact_cell,SUPPORTED_CORRECT,R:product=Mortgage:dpd30_share:base:2026-05
C-R10,core,c8,0.06507141039374449,0.07x,ratio,dpd30_share_latest,FALSE,artifact_cell,SUPPORTED_CORRECT,R:product=Personal Finance:dpd30_share:latest:2026-08
C-R10,core,c9,0.06511705339269944,0.07x,ratio,dpd30_share_base,FALSE,artifact_cell,SUPPORTED_CORRECT,R:product=Personal Finance:dpd30_share:latest:2026-08
C-R11,core,c0,1645.952160000003,"SAR 1,646 million",SAR million,ead,FALSE,artifact_cell,SUPPORTED_CORRECT,R:delinquency_bucket=Current|product=Personal Finance:ead:2026-08
C-R11,core,c1,443.44959999999844,SAR 443 million,SAR million,ead,FALSE,artifact_cell,SUPPORTED_CORRECT,R:delinquency_bucket=Current|product=Credit Card:ead:2026-08
C-R11,core,c2,70.09473000000001,SAR 70 million,SAR million,ead,FALSE,artifact_cell,SUPPORTED_CORRECT,R:delinquency_bucket=90+|product=Personal Finance:ead:2026-08
C-R11,core,c3,34.06244000000001,SAR 34 million,SAR million,ead,FALSE,artifact_cell,SUPPORTED_CORRECT,R:delinquency_bucket=1-29|product=Personal Finance:ead:2026-08
C-R11,core,c4,33.38519999999998,SAR 33 million,SAR million,ead,FALSE,artifact_cell,SUPPORTED_CORRECT,R:delinquency_bucket=90+|product=Credit Card:ead:2026-08
C-R11,core,c5,24.372590000000006,SAR 24 million,SAR million,ead,FALSE,artifact_cell,SUPPORTED_CORRECT,R:delinquency_bucket=30-59|product=Personal Finance:ead:2026-08
C-R11,core,c6,22.462380000000003,SAR 22 million,SAR million,ead,FALSE,artifact_cell,SUPPORTED_CORRECT,R:delinquency_bucket=60-89|product=Personal Finance:ead:2026-08
C-R11,core,c7,16.568209999999997,SAR 17 million,SAR million,ead,FALSE,artifact_cell,SUPPORTED_CORRECT,R:delinquency_bucket=1-29|product=Credit Card:ead:2026-08
C-R11,core,c8,10.227079999999997,SAR 10 million,SAR million,ead,FALSE,artifact_cell,SUPPORTED_CORRECT,R:delinquency_bucket=60-89|product=Credit Card:ead:2026-08
C-R11,core,c9,9.554189999999995,SAR 10 million,SAR million,ead,FALSE,artifact_cell,SUPPORTED_CORRECT,R:delinquency_bucket=30-59|product=Credit Card:ead:2026-08
C-R12,core,c0,50.56560000000001,SAR 51 million,SAR million,dpd30_ead,FALSE,artifact_cell,SUPPORTED_CORRECT,R:total:dpd30_ead:2026-03
C-R12,core,c1,46.639240000000036,SAR 47 million,SAR million,dpd30_ead,FALSE,artifact_cell,SUPPORTED_CORRECT,R:total:dpd30_ead:2026-04
C-R12,core,c2,49.287780000000026,SAR 49 million,SAR million,dpd30_ead,FALSE,artifact_cell,SUPPORTED_CORRECT,R:total:dpd30_ead:2026-05
C-R12,core,c3,51.235809999999944,SAR 51 million,SAR million,dpd30_ead,FALSE,artifact_cell,SUPPORTED_CORRECT,R:total:dpd30_ead:2026-06
C-R12,core,c4,53.67246999999998,SAR 54 million,SAR million,dpd30_ead,FALSE,artifact_cell,SUPPORTED_CORRECT,R:total:dpd30_ead:2026-07
C-R12,core,c5,53.166470000000054,SAR 53 million,SAR million,dpd30_ead,FALSE,artifact_cell,SUPPORTED_CORRECT,R:total:dpd30_ead:2026-08
C-R13,core,c0,9.84009,SAR 10 million,SAR million,ead_s3_latest,FALSE,artifact_cell,SUPPORTED_CORRECT,R:product=Auto Finance:ead_s3:latest:2026-08
C-R13,core,c1,6.825900000000001,SAR 7 million,SAR million,ead_s3_base,FALSE,artifact_cell,SUPPORTED_CORRECT,R:product=Auto Finance:ead_s3:base:2025-08
C-R13,core,c2,3.0141899999999993,SAR 3 million,SAR million,ead_s3_abs_change,FALSE,artifact_cell,SUPPORTED_CORRECT,R:product=Auto Finance:ead_s3:abs_change:2026-08 vs 2025-08
C-R13,core,c3,0.9390499999999996,SAR 1 million,SAR million,ead_s3_latest,FALSE,artifact_cell,SUPPORTED_CORRECT,R:product=Buy Now Pay Later:ead_s3:latest:2026-08
C-R13,core,c4,33.38519999999998,SAR 33 million,SAR million,ead_s3_latest,FALSE,artifact_cell,SUPPORTED_CORRECT,R:product=Credit Card:ead_s3:latest:2026-08
C-R13,core,c5,13.14129,SAR 13 million,SAR million,ead_s3_base,FALSE,artifact_cell,SUPPORTED_CORRECT,R:product=Credit Card:ead_s3:base:2025-08
C-R13,core,c6,20.243909999999985,SAR 20 million,SAR million,ead_s3_abs_change,FALSE,artifact_cell,SUPPORTED_CORRECT,R:product=Credit Card:ead_s3:abs_change:2026-08 vs 2025-08
C-R13,core,c7,70.59315,SAR 71 million,SAR million,ead_s3_latest,FALSE,artifact_cell,SUPPORTED_CORRECT,R:product=Mortgage:ead_s3:latest:2026-08
C-R13,core,c8,22.269330000000004,SAR 22 million,SAR million,ead_s3_base,FALSE,artifact_cell,SUPPORTED_CORRECT,R:product=Mortgage:ead_s3:base:2025-08
C-R13,core,c9,48.32381999999999,SAR 48 million,SAR million,ead_s3_abs_change,FALSE,artifact_cell,SUPPORTED_CORRECT,R:product=Mortgage:ead_s3:abs_change:2026-08 vs 2025-08
C-R13,core,c10,70.09473000000001,SAR 70 million,SAR million,ead_s3_latest,FALSE,artifact_cell,SUPPORTED_CORRECT,R:product=Personal Finance:ead_s3:latest:2026-08
C-R13,core,c11,32.32480999999998,SAR 32 million,SAR million,ead_s3_base,FALSE,artifact_cell,SUPPORTED_CORRECT,R:product=Personal Finance:ead_s3:base:2025-08
C-R13,core,c12,37.769920000000035,SAR 38 million,SAR million,ead_s3_abs_change,FALSE,artifact_cell,SUPPORTED_CORRECT,R:product=Personal Finance:ead_s3:abs_change:2026-08 vs 2025-08
C-R14,core,c0,0.01175248364713193,0.01x,ratio,coverage,FALSE,artifact_cell,SUPPORTED_CORRECT,R:customer_segment=Payroll:coverage:2026-08
C-R14,core,c1,0.044209711617307856,0.04x,ratio,s2_share,FALSE,artifact_cell,SUPPORTED_CORRECT,R:customer_segment=Payroll:s2_share:2026-08
C-R14,core,c2,0.011558501555456265,0.01x,ratio,coverage,FALSE,artifact_cell,SUPPORTED_CORRECT,R:customer_segment=Mass:coverage:2026-08
C-R14,core,c3,0.05135755196494621,0.05x,ratio,s2_share,FALSE,artifact_cell,SUPPORTED_CORRECT,R:customer_segment=Mass:s2_share:2026-08
C-R14,core,c4,0.01139553240578371,0.01x,ratio,coverage,FALSE,artifact_cell,SUPPORTED_CORRECT,R:customer_segment=Affluent:coverage:2026-08
C-R14,core,c5,0.049809424704507804,0.05x,ratio,s2_share,FALSE,artifact_cell,SUPPORTED_CORRECT,R:customer_segment=Affluent:s2_share:2026-08
C-R14,core,c6,0.010814082340335058,0.01x,ratio,coverage,FALSE,artifact_cell,SUPPORTED_CORRECT,R:customer_segment=Private:coverage:2026-08
C-R14,core,c7,0.04656381048807057,0.05x,ratio,s2_share,FALSE,artifact_cell,SUPPORTED_CORRECT,R:customer_segment=Private:s2_share:2026-08
C-R15,core,c0,0.01813766298073786,0.02x,ratio,dpd30_share,FALSE,artifact_cell,SUPPORTED_CORRECT,R:employment_type=Salaried-Private:dpd30_share:2026-08
C-R15,core,c1,0.01756101588616918,0.02x,ratio,dpd30_share,FALSE,artifact_cell,SUPPORTED_CORRECT,R:employment_type=Self-employed:dpd30_share:2026-08
C-R15,core,c2,0.017249575756933595,0.02x,ratio,dpd30_share,FALSE,artifact_cell,SUPPORTED_CORRECT,R:employment_type=Salaried-Government:dpd30_share:2026-08
C-R15,core,c3,0.01671961142307295,0.02x,ratio,dpd30_share,FALSE,artifact_cell,SUPPORTED_CORRECT,R:employment_type=Non-salaried:dpd30_share:2026-08
C-R16,core,c0,0.010192214728432772,0.01x,ratio,s3_share,FALSE,artifact_cell,SUPPORTED_CORRECT,R:origination_channel=Branch:s3_share:2026-08
C-R16,core,c1,0.00884211912295748,0.01x,ratio,s3_share,FALSE,artifact_cell,SUPPORTED_CORRECT,R:origination_channel=Digital:s3_share:2026-08
C-R16,core,c2,0.008541828116749589,0.01x,ratio,s3_share,FALSE,artifact_cell,SUPPORTED_CORRECT,R:origination_channel=Partner:s3_share:2026-08
C-R17,core,c0,0.06005078435351341,0.06x,ratio,s2_share,FALSE,artifact_cell,SUPPORTED_CORRECT,R:vintage_year=2024:s2_share:2026-08
C-R17,core,c1,0.056622468150718384,0.06x,ratio,s2_share,FALSE,artifact_cell,SUPPORTED_CORRECT,R:vintage_year=2023:s2_share:2026-08
C-R17,core,c2,0.055792983840783295,0.06x,ratio,s2_share,FALSE,artifact_cell,SUPPORTED_CORRECT,R:vintage_year=2021:s2_share:2026-08
C-R17,core,c3,0.04660133280694949,0.05x,ratio,s2_share,FALSE,artifact_cell,SUPPORTED_CORRECT,R:vintage_year=2025:s2_share:2026-08
C-R17,core,c4,0.042032541646032866,0.04x,ratio,s2_share,FALSE,artifact_cell,SUPPORTED_CORRECT,R:vintage_year=2022:s2_share:2026-08
C-R17,core,c5,0.03975822174227433,0.04x,ratio,s2_share,FALSE,artifact_cell,SUPPORTED_CORRECT,R:vintage_year=2026:s2_share:2026-08
C-R18,core,c0,300.0,300,count,customers,FALSE,artifact_cell,SUPPORTED_CORRECT,R:customer_segment=Payroll:customers
C-R18,core,c1,203.08779,SAR 203 million,SAR million,ead,FALSE,artifact_cell,SUPPORTED_CORRECT,R:customer_segment=Payroll:ead
C-R18,core,c2,292.0,292,count,customers,FALSE,artifact_cell,SUPPORTED_CORRECT,R:customer_segment=Mass:customers
C-R18,core,c3,193.94338000000013,SAR 194 million,SAR million,ead,FALSE,artifact_cell,SUPPORTED_CORRECT,R:customer_segment=Mass:ead
C-R18,core,c4,271.0,271,count,customers,FALSE,artifact_cell,SUPPORTED_CORRECT,R:customer_segment=Affluent:customers
C-R18,core,c5,162.5793799999999,SAR 163 million,SAR million,ead,FALSE,artifact_cell,SUPPORTED_CORRECT,R:customer_segment=Affluent:ead
C-R18,core,c6,251.0,251,count,customers,FALSE,artifact_cell,SUPPORTED_CORRECT,R:customer_segment=Private:customers
C-R18,core,c7,147.28214000000014,SAR 147 million,SAR million,ead,FALSE,artifact_cell,SUPPORTED_CORRECT,R:customer_segment=Private:ead
C-R19,core,c0,3483.0,"3,483",count,customers,FALSE,artifact_cell,SUPPORTED_CORRECT,R:customer_segment=Mass:customers
C-R19,core,c1,2702.130379999997,"SAR 2,702 million",SAR million,ead,FALSE,artifact_cell,SUPPORTED_CORRECT,R:customer_segment=Mass:ead
C-R19,core,c2,3436.0,"3,436",count,customers,FALSE,artifact_cell,SUPPORTED_CORRECT,R:customer_segment=Private:customers
C-R19,core,c3,2708.45372,"SAR 2,708 million",SAR million,ead,FALSE,artifact_cell,SUPPORTED_CORRECT,R:customer_segment=Private:ead
C-R19,core,c4,3435.0,"3,435",count,customers,FALSE,artifact_cell,SUPPORTED_CORRECT,R:customer_segment=Payroll:customers
C-R19,core,c5,2660.12186,"SAR 2,660 million",SAR million,ead,FALSE,artifact_cell,SUPPORTED_CORRECT,R:customer_segment=Payroll:ead
C-R19,core,c6,3405.0,"3,405",count,customers,FALSE,artifact_cell,SUPPORTED_CORRECT,R:customer_segment=Affluent:customers
C-R19,core,c7,2576.420630000001,"SAR 2,576 million",SAR million,ead,FALSE,artifact_cell,SUPPORTED_CORRECT,R:customer_segment=Affluent:ead
C-R20,core,c0,0.423205328660817,0.42x,ratio,ltv,FALSE,artifact_cell,SUPPORTED_CORRECT,R:total:ltv
D-TD01-1,core,c0,1016613.6399999993,"SAR 1,016,614 million",SAR million,ead_s2,FALSE,artifact_cell,SUPPORTED_CORRECT,R:sector=Construction:ead_s2:2026Q2
D-TD01-1,core,c1,830809.330000001,"SAR 830,809 million",SAR million,ead_s2,FALSE,artifact_cell,SUPPORTED_CORRECT,R:sector=Real Estate:ead_s2:2026Q2
D-TD01-1,core,c2,448103.25,"SAR 448,103 million",SAR million,ead_s2,FALSE,artifact_cell,SUPPORTED_CORRECT,R:sector=Hospitality:ead_s2:2026Q2
D-TD01-1,core,c3,444209.83999999997,"SAR 444,210 million",SAR million,ead_s2,FALSE,artifact_cell,SUPPORTED_CORRECT,R:sector=Retail Trade:ead_s2:2026Q2
D-TD01-1,core,c4,300040.6899999999,"SAR 300,041 million",SAR million,ead_s2,FALSE,artifact_cell,SUPPORTED_CORRECT,R:sector=Manufacturing:ead_s2:2026Q2
D-TD01-1,core,c5,260060.50999999998,"SAR 260,061 million",SAR million,ead_s2,FALSE,artifact_cell,SUPPORTED_CORRECT,R:sector=Transport and Logistics:ead_s2:2026Q2
D-TD01-1,core,c6,182535.55000000005,"SAR 182,536 million",SAR million,ead_s2,FALSE,artifact_cell,SUPPORTED_CORRECT,R:sector=Agriculture and Agri-processing:ead_s2:2026Q2
D-TD01-1,core,c7,141124.11999999997,"SAR 141,124 million",SAR million,ead_s2,FALSE,artifact_cell,SUPPORTED_CORRECT,R:sector=Wholesale Trade:ead_s2:2026Q2
D-TD01-1,core,c8,134516.96000000002,"SAR 134,517 million",SAR million,ead_s2,FALSE,artifact_cell,SUPPORTED_CORRECT,R:sector=Metals and Mining:ead_s2:2026Q2
D-TD01-1,core,c9,100017.29,"SAR 100,017 million",SAR million,ead_s2,FALSE,artifact_cell,SUPPORTED_CORRECT,R:sector=Information Technology:ead_s2:2026Q2
D-TD01-1,core,c10,97638.81999999996,"SAR 97,639 million",SAR million,ead_s2,FALSE,artifact_cell,SUPPORTED_CORRECT,R:sector=Chemicals:ead_s2:2026Q2
D-TD01-1,core,c11,96312.14000000001,"SAR 96,312 million",SAR million,ead_s2,FALSE,artifact_cell,SUPPORTED_CORRECT,R:sector=Healthcare:ead_s2:2026Q2
D-TD01-1,core,c12,92096.88000000002,"SAR 92,097 million",SAR million,ead_s2,FALSE,artifact_cell,SUPPORTED_CORRECT,R:sector=Telecommunications:ead_s2:2026Q2
D-TD01-1,core,c13,53934.46999999998,"SAR 53,934 million",SAR million,ead_s2,FALSE,artifact_cell,SUPPORTED_CORRECT,R:sector=Power and Utilities:ead_s2:2026Q2
D-TD01-2,core,c0,1016613.6399999993,"SAR 1,016,614 million",SAR million,ead_s2,FALSE,artifact_cell,SUPPORTED_CORRECT,R:sector=Construction:ead_s2:2026Q2
D-TD01-2,core,c1,830809.330000001,"SAR 830,809 million",SAR million,ead_s2,FALSE,artifact_cell,SUPPORTED_CORRECT,R:sector=Real Estate:ead_s2:2026Q2
D-TD01-2,core,c2,448103.25,"SAR 448,103 million",SAR million,ead_s2,FALSE,artifact_cell,SUPPORTED_CORRECT,R:sector=Hospitality:ead_s2:2026Q2
D-TD01-3,core,c0,1016613.6399999995,"SAR 1,016,614 million",SAR million,ead_s2_latest,FALSE,artifact_cell,SUPPORTED_CORRECT,R:sector=Construction:ead_s2:latest:2026Q2
D-TD01-3,core,c1,1043809.8700000012,"SAR 1,043,810 million",SAR million,ead_s2_base,FALSE,artifact_cell,SUPPORTED_CORRECT,R:sector=Construction:ead_s2:base:2026Q1
D-TD01-3,core,c2,-27196.23000000161,"SAR -27,196 million",SAR million,ead_s2_abs_change,FALSE,artifact_cell,SUPPORTED_CORRECT,R:sector=Construction:ead_s2:abs_change:2026Q2 vs 2026Q1
D-TD01-3,core,c3,448103.25,"SAR 448,103 million",SAR million,ead_s2_latest,FALSE,artifact_cell,SUPPORTED_CORRECT,R:sector=Hospitality:ead_s2:latest:2026Q2
D-TD01-3,core,c4,408120.31999999995,"SAR 408,120 million",SAR million,ead_s2_base,FALSE,artifact_cell,SUPPORTED_CORRECT,R:sector=Hospitality:ead_s2:base:2026Q1
D-TD01-3,core,c5,39982.93000000005,"SAR 39,983 million",SAR million,ead_s2_abs_change,FALSE,artifact_cell,SUPPORTED_CORRECT,R:sector=Hospitality:ead_s2:abs_change:2026Q2 vs 2026Q1
D-TD01-3,core,c6,830809.330000001,"SAR 830,809 million",SAR million,ead_s2_latest,FALSE,artifact_cell,SUPPORTED_CORRECT,R:sector=Real Estate:ead_s2:latest:2026Q2
D-TD01-3,core,c7,826028.7099999995,"SAR 826,029 million",SAR million,ead_s2_base,FALSE,artifact_cell,SUPPORTED_CORRECT,R:sector=Real Estate:ead_s2:base:2026Q1
D-TD01-3,core,c8,4780.620000001509,"SAR 4,781 million",SAR million,ead_s2_abs_change,FALSE,artifact_cell,SUPPORTED_CORRECT,R:sector=Real Estate:ead_s2:abs_change:2026Q2 vs 2026Q1
D-TD01-4,core,c0,39982.92999999999,"SAR 39,983 million",SAR million,ead_s2_abs_change,FALSE,artifact_cell,SUPPORTED_CORRECT,R:sector=Hospitality:ead_s2:abs_change:2026Q2 vs 2026Q1
D-TD03-1,core,c0,275511.74239999935,"SAR 275,512 million",SAR million,ecl,FALSE,artifact_cell,SUPPORTED_CORRECT,R:sector=Construction:ecl:2026Q2
D-TD03-1,core,c1,185429.63859999974,"SAR 185,430 million",SAR million,ecl,FALSE,artifact_cell,SUPPORTED_CORRECT,R:sector=Real Estate:ecl:2026Q2
D-TD03-1,core,c2,58920.025799999945,"SAR 58,920 million",SAR million,ecl,FALSE,artifact_cell,SUPPORTED_CORRECT,R:sector=Hospitality:ecl:2026Q2
D-TD03-1,core,c3,50052.15790000002,"SAR 50,052 million",SAR million,ecl,FALSE,artifact_cell,SUPPORTED_CORRECT,R:sector=Retail Trade:ecl:2026Q2
D-TD03-1,core,c4,39188.25420000007,"SAR 39,188 million",SAR million,ecl,FALSE,artifact_cell,SUPPORTED_CORRECT,R:sector=Transport and Logistics:ecl:2026Q2
D-TD03-1,core,c5,36037.61789999996,"SAR 36,038 million",SAR million,ecl,FALSE,artifact_cell,SUPPORTED_CORRECT,R:sector=Manufacturing:ecl:2026Q2
D-TD03-1,core,c6,26758.484999999986,"SAR 26,758 million",SAR million,ecl,FALSE,artifact_cell,SUPPORTED_CORRECT,R:sector=Wholesale Trade:ecl:2026Q2
D-TD03-1,core,c7,26130.781300000053,"SAR 26,131 million",SAR million,ecl,FALSE,artifact_cell,SUPPORTED_CORRECT,R:sector=Agriculture and Agri-processing:ecl:2026Q2
D-TD03-1,core,c8,20882.88109999998,"SAR 20,883 million",SAR million,ecl,FALSE,artifact_cell,SUPPORTED_CORRECT,R:sector=Chemicals:ecl:2026Q2
D-TD03-1,core,c9,14014.571100000001,"SAR 14,015 million",SAR million,ecl,FALSE,artifact_cell,SUPPORTED_CORRECT,R:sector=Healthcare:ecl:2026Q2
D-TD03-1,core,c10,12842.2291,"SAR 12,842 million",SAR million,ecl,FALSE,artifact_cell,SUPPORTED_CORRECT,R:sector=Metals and Mining:ecl:2026Q2
D-TD03-1,core,c11,12033.989299999974,"SAR 12,034 million",SAR million,ecl,FALSE,artifact_cell,SUPPORTED_CORRECT,R:sector=Telecommunications:ecl:2026Q2
D-TD03-1,core,c12,11314.133900000003,"SAR 11,314 million",SAR million,ecl,FALSE,artifact_cell,SUPPORTED_CORRECT,R:sector=Information Technology:ecl:2026Q2
D-TD03-1,core,c13,10358.8423,"SAR 10,359 million",SAR million,ecl,FALSE,artifact_cell,SUPPORTED_CORRECT,R:sector=Power and Utilities:ecl:2026Q2
D-TD03-2,core,c0,275511.74239999935,"SAR 275,512 million",SAR million,ecl,FALSE,artifact_cell,SUPPORTED_CORRECT,R:sector=Construction:ecl:2026Q2
D-TD03-3,core,c0,463682.1000000001,"SAR 463,682 million",SAR million,ead_s3,FALSE,artifact_cell,SUPPORTED_CORRECT,R:total:ead_s3:2026Q2
D-TD03-4,core,c0,463682.1000000001,"SAR 463,682 million",SAR million,ead_s3_latest,FALSE,artifact_cell,SUPPORTED_CORRECT,R:total:ead_s3:latest:2026Q2
D-TD03-4,core,c1,127962.98000000001,"SAR 127,963 million",SAR million,ead_s3_base,FALSE,artifact_cell,SUPPORTED_CORRECT,R:total:ead_s3:base:2025Q2
D-TD03-4,core,c2,335719.1200000001,"SAR 335,719 million",SAR million,ead_s3_abs_change,FALSE,artifact_cell,SUPPORTED_CORRECT,R:total:ead_s3:abs_change:2026Q2 vs 2025Q2
D-TD03-5,core,c0,779475.349899997,"SAR 779,475 million",SAR million,ecl,FALSE,artifact_cell,SUPPORTED_CORRECT,R:total:ecl:2026Q2
D-TD04-1,core,c0,16648.92203999996,"SAR 16,649 million",SAR million,ead,FALSE,artifact_cell,SUPPORTED_CORRECT,R:product=Mortgage:ead:2026-08
D-TD04-1,core,c1,1796.9443000000022,"SAR 1,797 million",SAR million,ead,FALSE,artifact_cell,SUPPORTED_CORRECT,R:product=Personal Finance:ead:2026-08
D-TD04-1,core,c2,740.8253000000019,SAR 741 million,SAR million,ead,FALSE,artifact_cell,SUPPORTED_CORRECT,R:product=Auto Finance:ead:2026-08
D-TD04-1,core,c3,513.1842799999981,SAR 513 million,SAR million,ead,FALSE,artifact_cell,SUPPORTED_CORRECT,R:product=Credit Card:ead:2026-08
D-TD04-1,core,c4,38.95622000000003,SAR 39 million,SAR million,ead,FALSE,artifact_cell,SUPPORTED_CORRECT,R:product=Buy Now Pay Later:ead:2026-08
D-TD04-2,core,c0,16648.92203999996,"SAR 16,649 million",SAR million,ead,FALSE,artifact_cell,SUPPORTED_CORRECT,R:product=Mortgage:ead:2026-08
D-TD04-2,core,c1,740.8253000000019,SAR 741 million,SAR million,ead,FALSE,artifact_cell,SUPPORTED_CORRECT,R:product=Auto Finance:ead:2026-08
D-TD04-3,core,c0,15828.481929999945,"SAR 15,828 million",SAR million,ead,FALSE,artifact_cell,SUPPORTED_CORRECT,R:product=Mortgage:ead:2026-07
D-TD04-3,core,c1,724.0621800000009,SAR 724 million,SAR million,ead,FALSE,artifact_cell,SUPPORTED_CORRECT,R:product=Auto Finance:ead:2026-07
D-TD04-4,core,c0,16.76312000000098,SAR 17 million,SAR million,ead_abs_change,FALSE,artifact_cell,SUPPORTED_CORRECT,R:product=Auto Finance:ead:abs_change:2026-08 vs 2026-07
D-TD04-4,core,c1,820.4401100000159,SAR 820 million,SAR million,ead_abs_change,FALSE,artifact_cell,SUPPORTED_CORRECT,R:product=Mortgage:ead:abs_change:2026-08 vs 2026-07
D-TD04-5,core,c0,837.2032300000174,SAR 837 million,SAR million,ead_abs_change,FALSE,artifact_cell,SUPPORTED_CORRECT,R:total:ead:abs_change:2026-08 vs 2026-07
D-TD05-1,core,c0,309947.33000000025,"SAR 309,947 million",SAR million,ead_s3,FALSE,artifact_cell,SUPPORTED_CORRECT,R:region=Riyadh:ead_s3:2026Q2
D-TD05-1,core,c1,302507.69,"SAR 302,508 million",SAR million,ead_s3,FALSE,artifact_cell,SUPPORTED_CORRECT,R:region=Makkah:ead_s3:2026Q2
D-TD05-1,core,c2,259811.00000000012,"SAR 259,811 million",SAR million,ead_s3,FALSE,artifact_cell,SUPPORTED_CORRECT,R:region=Eastern Province:ead_s3:2026Q2
D-TD05-1,core,c3,152296.65999999992,"SAR 152,297 million",SAR million,ead_s3,FALSE,artifact_cell,SUPPORTED_CORRECT,R:region=Madinah:ead_s3:2026Q2
D-TD05-1,core,c4,108678.59999999998,"SAR 108,679 million",SAR million,ead_s3,FALSE,artifact_cell,SUPPORTED_CORRECT,R:region=Qassim:ead_s3:2026Q2
D-TD05-1,core,c5,43253.299999999996,"SAR 43,253 million",SAR million,ead_s3,FALSE,artifact_cell,SUPPORTED_CORRECT,R:region=Hail:ead_s3:2026Q2
D-TD05-1,core,c6,34059.64,"SAR 34,060 million",SAR million,ead_s3,FALSE,artifact_cell,SUPPORTED_CORRECT,R:region=Asir:ead_s3:2026Q2
D-TD05-1,core,c7,20182.760000000002,"SAR 20,183 million",SAR million,ead_s3,FALSE,artifact_cell,SUPPORTED_CORRECT,R:region=Tabuk:ead_s3:2026Q2
D-TD05-1,core,c8,16187.259999999998,"SAR 16,187 million",SAR million,ead_s3,FALSE,artifact_cell,SUPPORTED_CORRECT,R:region=Northern Borders:ead_s3:2026Q2
D-TD05-1,core,c9,5597.48,"SAR 5,597 million",SAR million,ead_s3,FALSE,artifact_cell,SUPPORTED_CORRECT,R:region=Najran:ead_s3:2026Q2
D-TD05-3,core,c0,33.51471999999998,SAR 34 million,SAR million,ead_s3,FALSE,artifact_cell,SUPPORTED_CORRECT,R:region=Asir:ead_s3:2026-08
D-TD05-4,core,c0,309947.33000000025,"SAR 309,947 million",SAR million,ead_s3,FALSE,artifact_cell,SUPPORTED_CORRECT,R:region=Riyadh:ead_s3:2026Q2
D-TD05-5,core,c0,309947.33000000025,"SAR 309,947 million",SAR million,ead_s3_latest,FALSE,artifact_cell,SUPPORTED_CORRECT,R:total:ead_s3:latest:2026Q2
D-TD05-5,core,c1,222581.76999999996,"SAR 222,582 million",SAR million,ead_s3_base,FALSE,artifact_cell,SUPPORTED_CORRECT,R:total:ead_s3:base:2026Q1
D-TD05-5,core,c2,87365.56000000029,"SAR 87,366 million",SAR million,ead_s3_abs_change,FALSE,artifact_cell,SUPPORTED_CORRECT,R:total:ead_s3:abs_change:2026Q2 vs 2026Q1
D-TD06-1,core,c0,15370014.180000028,"SAR 15,370,014 million",SAR million,ead,FALSE,artifact_cell,SUPPORTED_CORRECT,R:total:ead:2026Q2
D-TD06-3,core,c0,2898698.419999998,"SAR 2,898,698 million",SAR million,ead,FALSE,artifact_cell,SUPPORTED_CORRECT,R:product_type=term_loan:ead:2026Q2
D-TD06-3,core,c1,2663949.7399999946,"SAR 2,663,950 million",SAR million,ead,FALSE,artifact_cell,SUPPORTED_CORRECT,R:product_type=working_capital:ead:2026Q2
D-TD06-3,core,c2,2441119.1500000013,"SAR 2,441,119 million",SAR million,ead,FALSE,artifact_cell,SUPPORTED_CORRECT,R:product_type=project_finance:ead:2026Q2
D-TD06-3,core,c3,2326742.230000001,"SAR 2,326,742 million",SAR million,ead,FALSE,artifact_cell,SUPPORTED_CORRECT,R:product_type=trade_finance:ead:2026Q2
D-TD06-3,core,c4,1973356.2099999986,"SAR 1,973,356 million",SAR million,ead,FALSE,artifact_cell,SUPPORTED_CORRECT,R:product_type=revolving_credit:ead:2026Q2
D-TD06-3,core,c5,1186039.2100000007,"SAR 1,186,039 million",SAR million,ead,FALSE,artifact_cell,SUPPORTED_CORRECT,R:product_type=overdraft:ead:2026Q2
D-TD06-3,core,c6,1119907.2,"SAR 1,119,907 million",SAR million,ead,FALSE,artifact_cell,SUPPORTED_CORRECT,R:product_type=asset_finance:ead:2026Q2
D-TD06-3,core,c7,760202.0199999987,"SAR 760,202 million",SAR million,ead,FALSE,artifact_cell,SUPPORTED_CORRECT,R:product_type=supply_chain_finance:ead:2026Q2
D-TD06-4,core,c0,0.3100326626826057,0.31x,ratio,s2_share,FALSE,artifact_cell,SUPPORTED_CORRECT,R:product_type=project_finance:s2_share:2026Q2
D-TD07-1,core,c0,1815327.55,"SAR 1,815,328 million",SAR million,ead,FALSE,artifact_cell,SUPPORTED_CORRECT,R:sector=Construction:ead:2026Q1
D-TD07-1,core,c1,1576768.11,"SAR 1,576,768 million",SAR million,ead,FALSE,artifact_cell,SUPPORTED_CORRECT,R:sector=Real Estate:ead:2026Q1
D-TD07-1,core,c2,1310941.7699999986,"SAR 1,310,942 million",SAR million,ead,FALSE,artifact_cell,SUPPORTED_CORRECT,R:sector=Manufacturing:ead:2026Q1
D-TD07-1,core,c3,1120067.8199999984,"SAR 1,120,068 million",SAR million,ead,FALSE,artifact_cell,SUPPORTED_CORRECT,R:sector=Transport and Logistics:ead:2026Q1
D-TD07-1,core,c4,1088828.3,"SAR 1,088,828 million",SAR million,ead,FALSE,artifact_cell,SUPPORTED_CORRECT,R:sector=Hospitality:ead:2026Q1
D-TD07-1,core,c5,1062481.629999999,"SAR 1,062,482 million",SAR million,ead,FALSE,artifact_cell,SUPPORTED_CORRECT,R:sector=Retail Trade:ead:2026Q1
D-TD07-1,core,c6,1019985.0500000007,"SAR 1,019,985 million",SAR million,ead,FALSE,artifact_cell,SUPPORTED_CORRECT,R:sector=Chemicals:ead:2026Q1
D-TD07-1,core,c7,946597.5199999986,"SAR 946,598 million",SAR million,ead,FALSE,artifact_cell,SUPPORTED_CORRECT,R:sector=Information Technology:ead:2026Q1
D-TD07-1,core,c8,946248.4199999991,"SAR 946,248 million",SAR million,ead,FALSE,artifact_cell,SUPPORTED_CORRECT,R:sector=Wholesale Trade:ead:2026Q1
D-TD07-1,core,c9,934934.6799999997,"SAR 934,935 million",SAR million,ead,FALSE,artifact_cell,SUPPORTED_CORRECT,R:sector=Power and Utilities:ead:2026Q1
D-TD07-1,core,c10,922512.9600000008,"SAR 922,513 million",SAR million,ead,FALSE,artifact_cell,SUPPORTED_CORRECT,R:sector=Healthcare:ead:2026Q1
D-TD07-1,core,c11,876138.7699999996,"SAR 876,139 million",SAR million,ead,FALSE,artifact_cell,SUPPORTED_CORRECT,R:sector=Agriculture and Agri-processing:ead:2026Q1
D-TD07-1,core,c12,750803.2500000008,"SAR 750,803 million",SAR million,ead,FALSE,artifact_cell,SUPPORTED_CORRECT,R:sector=Metals and Mining:ead:2026Q1
D-TD07-1,core,c13,669873.5100000005,"SAR 669,874 million",SAR million,ead,FALSE,artifact_cell,SUPPORTED_CORRECT,R:sector=Telecommunications:ead:2026Q1
D-TD07-2,core,c0,1869524.5800000012,"SAR 1,869,525 million",SAR million,ead,FALSE,artifact_cell,SUPPORTED_CORRECT,R:sector=Construction:ead:2026Q2
D-TD07-2,core,c1,1614126.7599999988,"SAR 1,614,127 million",SAR million,ead,FALSE,artifact_cell,SUPPORTED_CORRECT,R:sector=Real Estate:ead:2026Q2
D-TD07-2,core,c2,1345476.259999997,"SAR 1,345,476 million",SAR million,ead,FALSE,artifact_cell,SUPPORTED_CORRECT,R:sector=Manufacturing:ead:2026Q2
D-TD07-2,core,c3,1139204.0499999986,"SAR 1,139,204 million",SAR million,ead,FALSE,artifact_cell,SUPPORTED_CORRECT,R:sector=Transport and Logistics:ead:2026Q2
D-TD07-2,core,c4,1114146.0300000005,"SAR 1,114,146 million",SAR million,ead,FALSE,artifact_cell,SUPPORTED_CORRECT,R:sector=Hospitality:ead:2026Q2
D-TD07-2,core,c5,1084802.6099999985,"SAR 1,084,803 million",SAR million,ead,FALSE,artifact_cell,SUPPORTED_CORRECT,R:sector=Retail Trade:ead:2026Q2
D-TD07-2,core,c6,1044725.419999999,"SAR 1,044,725 million",SAR million,ead,FALSE,artifact_cell,SUPPORTED_CORRECT,R:sector=Chemicals:ead:2026Q2
D-TD07-2,core,c7,967189.9700000006,"SAR 967,190 million",SAR million,ead,FALSE,artifact_cell,SUPPORTED_CORRECT,R:sector=Wholesale Trade:ead:2026Q2
D-TD07-2,core,c8,960477.909999999,"SAR 960,478 million",SAR million,ead,FALSE,artifact_cell,SUPPORTED_CORRECT,R:sector=Information Technology:ead:2026Q2
D-TD07-2,core,c9,948211.2299999989,"SAR 948,211 million",SAR million,ead,FALSE,artifact_cell,SUPPORTED_CORRECT,R:sector=Power and Utilities:ead:2026Q2
D-TD07-2,core,c10,938348.6000000003,"SAR 938,349 million",SAR million,ead,FALSE,artifact_cell,SUPPORTED_CORRECT,R:sector=Healthcare:ead:2026Q2
D-TD07-2,core,c11,895138.3000000005,"SAR 895,138 million",SAR million,ead,FALSE,artifact_cell,SUPPORTED_CORRECT,R:sector=Agriculture and Agri-processing:ead:2026Q2
D-TD07-2,core,c12,763418.8799999993,"SAR 763,419 million",SAR million,ead,FALSE,artifact_cell,SUPPORTED_CORRECT,R:sector=Metals and Mining:ead:2026Q2
D-TD07-2,core,c13,685223.5799999989,"SAR 685,224 million",SAR million,ead,FALSE,artifact_cell,SUPPORTED_CORRECT,R:sector=Telecommunications:ead:2026Q2
D-TD07-3,core,c0,1016613.6399999993,"SAR 1,016,614 million",SAR million,ead_s2,FALSE,artifact_cell,SUPPORTED_CORRECT,R:sector=Construction:ead_s2:2026Q2
D-TD07-3,core,c1,830809.330000001,"SAR 830,809 million",SAR million,ead_s2,FALSE,artifact_cell,SUPPORTED_CORRECT,R:sector=Real Estate:ead_s2:2026Q2
D-TD07-3,core,c2,448103.25,"SAR 448,103 million",SAR million,ead_s2,FALSE,artifact_cell,SUPPORTED_CORRECT,R:sector=Hospitality:ead_s2:2026Q2
D-TD07-3,core,c3,444209.83999999997,"SAR 444,210 million",SAR million,ead_s2,FALSE,artifact_cell,SUPPORTED_CORRECT,R:sector=Retail Trade:ead_s2:2026Q2
D-TD07-3,core,c4,300040.6899999999,"SAR 300,041 million",SAR million,ead_s2,FALSE,artifact_cell,SUPPORTED_CORRECT,R:sector=Manufacturing:ead_s2:2026Q2
D-TD07-3,core,c5,260060.50999999998,"SAR 260,061 million",SAR million,ead_s2,FALSE,artifact_cell,SUPPORTED_CORRECT,R:sector=Transport and Logistics:ead_s2:2026Q2
D-TD07-3,core,c6,182535.55000000005,"SAR 182,536 million",SAR million,ead_s2,FALSE,artifact_cell,SUPPORTED_CORRECT,R:sector=Agriculture and Agri-processing:ead_s2:2026Q2
D-TD07-3,core,c7,141124.11999999997,"SAR 141,124 million",SAR million,ead_s2,FALSE,artifact_cell,SUPPORTED_CORRECT,R:sector=Wholesale Trade:ead_s2:2026Q2
D-TD07-3,core,c8,134516.96000000002,"SAR 134,517 million",SAR million,ead_s2,FALSE,artifact_cell,SUPPORTED_CORRECT,R:sector=Metals and Mining:ead_s2:2026Q2
D-TD07-3,core,c9,100017.29,"SAR 100,017 million",SAR million,ead_s2,FALSE,artifact_cell,SUPPORTED_CORRECT,R:sector=Information Technology:ead_s2:2026Q2
D-TD07-3,core,c10,97638.81999999996,"SAR 97,639 million",SAR million,ead_s2,FALSE,artifact_cell,SUPPORTED_CORRECT,R:sector=Chemicals:ead_s2:2026Q2
D-TD07-3,core,c11,96312.14000000001,"SAR 96,312 million",SAR million,ead_s2,FALSE,artifact_cell,SUPPORTED_CORRECT,R:sector=Healthcare:ead_s2:2026Q2
D-TD07-3,core,c12,92096.88000000002,"SAR 92,097 million",SAR million,ead_s2,FALSE,artifact_cell,SUPPORTED_CORRECT,R:sector=Telecommunications:ead_s2:2026Q2
D-TD07-3,core,c13,53934.46999999998,"SAR 53,934 million",SAR million,ead_s2,FALSE,artifact_cell,SUPPORTED_CORRECT,R:sector=Power and Utilities:ead_s2:2026Q2
D-TD07-4,core,c0,39293.32839999998,"SAR 39,293 million",SAR million,ecl_s2,FALSE,artifact_cell,SUPPORTED_CORRECT,R:sector=Construction:ecl_s2:2026Q2
D-TD07-4,core,c1,28781.57700000001,"SAR 28,782 million",SAR million,ecl_s2,FALSE,artifact_cell,SUPPORTED_CORRECT,R:sector=Real Estate:ecl_s2:2026Q2
D-TD07-4,core,c2,12869.138400000002,"SAR 12,869 million",SAR million,ecl_s2,FALSE,artifact_cell,SUPPORTED_CORRECT,R:sector=Hospitality:ecl_s2:2026Q2
D-TD07-4,core,c3,11526.107599999994,"SAR 11,526 million",SAR million,ecl_s2,FALSE,artifact_cell,SUPPORTED_CORRECT,R:sector=Retail Trade:ecl_s2:2026Q2
D-TD07-4,core,c4,7258.950500000004,"SAR 7,259 million",SAR million,ecl_s2,FALSE,artifact_cell,SUPPORTED_CORRECT,R:sector=Manufacturing:ecl_s2:2026Q2
D-TD07-4,core,c5,6460.536599999999,"SAR 6,461 million",SAR million,ecl_s2,FALSE,artifact_cell,SUPPORTED_CORRECT,R:sector=Transport and Logistics:ecl_s2:2026Q2
D-TD07-4,core,c6,5271.8217,"SAR 5,272 million",SAR million,ecl_s2,FALSE,artifact_cell,SUPPORTED_CORRECT,R:sector=Agriculture and Agri-processing:ecl_s2:2026Q2
D-TD07-4,core,c7,2491.272300000001,"SAR 2,491 million",SAR million,ecl_s2,FALSE,artifact_cell,SUPPORTED_CORRECT,R:sector=Wholesale Trade:ecl_s2:2026Q2
D-TD07-4,core,c8,3853.0545999999986,"SAR 3,853 million",SAR million,ecl_s2,FALSE,artifact_cell,SUPPORTED_CORRECT,R:sector=Metals and Mining:ecl_s2:2026Q2
D-TD07-4,core,c9,2765.0062,"SAR 2,765 million",SAR million,ecl_s2,FALSE,artifact_cell,SUPPORTED_CORRECT,R:sector=Information Technology:ecl_s2:2026Q2
D-TD07-4,core,c10,3133.5609999999992,"SAR 3,134 million",SAR million,ecl_s2,FALSE,artifact_cell,SUPPORTED_CORRECT,R:sector=Chemicals:ecl_s2:2026Q2
D-TD07-4,core,c11,3673.6008000000015,"SAR 3,674 million",SAR million,ecl_s2,FALSE,artifact_cell,SUPPORTED_CORRECT,R:sector=Healthcare:ecl_s2:2026Q2
D-TD07-4,core,c12,3233.2973,"SAR 3,233 million",SAR million,ecl_s2,FALSE,artifact_cell,SUPPORTED_CORRECT,R:sector=Telecommunications:ecl_s2:2026Q2
D-TD07-4,core,c13,2262.0999,"SAR 2,262 million",SAR million,ecl_s2,FALSE,artifact_cell,SUPPORTED_CORRECT,R:sector=Power and Utilities:ecl_s2:2026Q2
D-TD07-5,core,c0,0.03865119142017414,0.04x,ratio,coverage_s2,FALSE,artifact_cell,SUPPORTED_CORRECT,R:sector=Construction:coverage_s2:2026Q2
D-TD07-5,core,c1,0.03464281870787365,0.03x,ratio,coverage_s2,FALSE,artifact_cell,SUPPORTED_CORRECT,R:sector=Real Estate:coverage_s2:2026Q2
D-TD07-5,core,c2,0.02871913649365409,0.03x,ratio,coverage_s2,FALSE,artifact_cell,SUPPORTED_CORRECT,R:sector=Hospitality:coverage_s2:2026Q2
D-TD07-5,core,c3,0.025947438715000087,0.03x,ratio,coverage_s2,FALSE,artifact_cell,SUPPORTED_CORRECT,R:sector=Retail Trade:coverage_s2:2026Q2
D-TD07-5,core,c4,0.024193220259558817,0.02x,ratio,coverage_s2,FALSE,artifact_cell,SUPPORTED_CORRECT,R:sector=Manufacturing:coverage_s2:2026Q2
D-TD07-5,core,c5,0.02484243609304619,0.02x,ratio,coverage_s2,FALSE,artifact_cell,SUPPORTED_CORRECT,R:sector=Transport and Logistics:coverage_s2:2026Q2
D-TD07-5,core,c6,0.028881068372708762,0.03x,ratio,coverage_s2,FALSE,artifact_cell,SUPPORTED_CORRECT,R:sector=Agriculture and Agri-processing:coverage_s2:2026Q2
D-TD07-5,core,c7,0.017653058173188265,0.02x,ratio,coverage_s2,FALSE,artifact_cell,SUPPORTED_CORRECT,R:sector=Wholesale Trade:coverage_s2:2026Q2
D-TD07-5,core,c8,0.028643634230211552,0.03x,ratio,coverage_s2,FALSE,artifact_cell,SUPPORTED_CORRECT,R:sector=Metals and Mining:coverage_s2:2026Q2
D-TD07-5,core,c9,0.0276452821307196,0.03x,ratio,coverage_s2,FALSE,artifact_cell,SUPPORTED_CORRECT,R:sector=Information Technology:coverage_s2:2026Q2
D-TD07-5,core,c10,0.03209339277144071,0.03x,ratio,coverage_s2,FALSE,artifact_cell,SUPPORTED_CORRECT,R:sector=Chemicals:coverage_s2:2026Q2
D-TD07-5,core,c11,0.03814265574412531,0.04x,ratio,coverage_s2,FALSE,artifact_cell,SUPPORTED_CORRECT,R:sector=Healthcare:coverage_s2:2026Q2
D-TD07-5,core,c12,0.03510756607607119,0.04x,ratio,coverage_s2,FALSE,artifact_cell,SUPPORTED_CORRECT,R:sector=Telecommunications:coverage_s2:2026Q2
D-TD07-5,core,c13,0.04194163584067853,0.04x,ratio,coverage_s2,FALSE,artifact_cell,SUPPORTED_CORRECT,R:sector=Power and Utilities:coverage_s2:2026Q2
D-TD08-1,core,c0,30.454109999999915,SAR 30 million,SAR million,ecl,FALSE,artifact_cell,SUPPORTED_CORRECT,R:region=Asir:ecl:2026-08
D-TD08-1,core,c1,28.980584000000036,SAR 29 million,SAR million,ecl,FALSE,artifact_cell,SUPPORTED_CORRECT,R:region=Qassim:ecl:2026-08
D-TD08-1,core,c2,28.468110000000035,SAR 28 million,SAR million,ecl,FALSE,artifact_cell,SUPPORTED_CORRECT,R:region=Madinah:ecl:2026-08
D-TD08-1,core,c3,27.977642000000056,SAR 28 million,SAR million,ecl,FALSE,artifact_cell,SUPPORTED_CORRECT,R:region=Riyadh:ecl:2026-08
D-TD08-1,core,c4,27.514078999999956,SAR 28 million,SAR million,ecl,FALSE,artifact_cell,SUPPORTED_CORRECT,R:region=Hail:ecl:2026-08
D-TD08-1,core,c5,27.276387,SAR 27 million,SAR million,ecl,FALSE,artifact_cell,SUPPORTED_CORRECT,R:region=Eastern Province:ecl:2026-08
D-TD08-1,core,c6,27.050249999999977,SAR 27 million,SAR million,ecl,FALSE,artifact_cell,SUPPORTED_CORRECT,R:region=Tabuk:ecl:2026-08
D-TD08-1,core,c7,26.835416000000023,SAR 27 million,SAR million,ecl,FALSE,artifact_cell,SUPPORTED_CORRECT,R:region=Makkah:ecl:2026-08
D-TD08-2,core,c0,14.188312000000007,SAR 14 million,SAR million,ecl,FALSE,artifact_cell,SUPPORTED_CORRECT,R:product=Personal Finance:ecl:2026-08
D-TD08-2,core,c1,8.020033000000009,SAR 8 million,SAR million,ecl,FALSE,artifact_cell,SUPPORTED_CORRECT,R:product=Credit Card:ecl:2026-08
D-TD08-2,core,c2,6.598146,SAR 7 million,SAR million,ecl,FALSE,artifact_cell,SUPPORTED_CORRECT,R:product=Mortgage:ecl:2026-08
D-TD08-2,core,c3,1.3197549999999996,SAR 1 million,SAR million,ecl,FALSE,artifact_cell,SUPPORTED_CORRECT,R:product=Auto Finance:ecl:2026-08
D-TD08-2,core,c4,0.3278639999999998,SAR 0 million,SAR million,ecl,FALSE,artifact_cell,SUPPORTED_CORRECT,R:product=Buy Now Pay Later:ecl:2026-08
D-TD08-3,core,c0,0.12575938283444815,0.13x,ratio,coverage,FALSE,artifact_cell,SUPPORTED_CORRECT,R:product=Credit Card:coverage:2026-08
D-TD08-4,core,c0,30.454109999999915,SAR 30 million,SAR million,ecl,FALSE,artifact_cell,SUPPORTED_CORRECT,R:region=Asir:ecl:2026-08
D-TD08-4,core,c1,28.980584000000036,SAR 29 million,SAR million,ecl,FALSE,artifact_cell,SUPPORTED_CORRECT,R:region=Qassim:ecl:2026-08
D-TD08-5,core,c0,13.817315000000018,SAR 14 million,SAR million,ecl,FALSE,artifact_cell,SUPPORTED_CORRECT,R:product=Personal Finance:ecl:2026-08
D-TD08-5,core,c1,8.581925999999994,SAR 9 million,SAR million,ecl,FALSE,artifact_cell,SUPPORTED_CORRECT,R:product=Credit Card:ecl:2026-08
D-TD08-5,core,c2,4.954915999999996,SAR 5 million,SAR million,ecl,FALSE,artifact_cell,SUPPORTED_CORRECT,R:product=Mortgage:ecl:2026-08
D-TD08-5,core,c3,1.3059260000000004,SAR 1 million,SAR million,ecl,FALSE,artifact_cell,SUPPORTED_CORRECT,R:product=Auto Finance:ecl:2026-08
D-TD08-5,core,c4,0.32050100000000004,SAR 0 million,SAR million,ecl,FALSE,artifact_cell,SUPPORTED_CORRECT,R:product=Buy Now Pay Later:ecl:2026-08
D-TD09-1,core,c0,275511.74239999935,"SAR 275,512 million",SAR million,ecl,FALSE,artifact_cell,SUPPORTED_CORRECT,R:sector=Construction:ecl:2026Q2
D-TD09-1,core,c1,185429.63859999974,"SAR 185,430 million",SAR million,ecl,FALSE,artifact_cell,SUPPORTED_CORRECT,R:sector=Real Estate:ecl:2026Q2
D-TD09-1,core,c2,58920.025799999945,"SAR 58,920 million",SAR million,ecl,FALSE,artifact_cell,SUPPORTED_CORRECT,R:sector=Hospitality:ecl:2026Q2
D-TD09-1,core,c3,50052.15790000002,"SAR 50,052 million",SAR million,ecl,FALSE,artifact_cell,SUPPORTED_CORRECT,R:sector=Retail Trade:ecl:2026Q2
D-TD09-1,core,c4,39188.25420000007,"SAR 39,188 million",SAR million,ecl,FALSE,artifact_cell,SUPPORTED_CORRECT,R:sector=Transport and Logistics:ecl:2026Q2
D-TD09-1,core,c5,36037.61789999996,"SAR 36,038 million",SAR million,ecl,FALSE,artifact_cell,SUPPORTED_CORRECT,R:sector=Manufacturing:ecl:2026Q2
D-TD09-1,core,c6,26758.484999999986,"SAR 26,758 million",SAR million,ecl,FALSE,artifact_cell,SUPPORTED_CORRECT,R:sector=Wholesale Trade:ecl:2026Q2
D-TD09-1,core,c7,26130.781300000053,"SAR 26,131 million",SAR million,ecl,FALSE,artifact_cell,SUPPORTED_CORRECT,R:sector=Agriculture and Agri-processing:ecl:2026Q2
D-TD09-1,core,c8,20882.88109999998,"SAR 20,883 million",SAR million,ecl,FALSE,artifact_cell,SUPPORTED_CORRECT,R:sector=Chemicals:ecl:2026Q2
D-TD09-1,core,c9,14014.571100000001,"SAR 14,015 million",SAR million,ecl,FALSE,artifact_cell,SUPPORTED_CORRECT,R:sector=Healthcare:ecl:2026Q2
D-TD09-1,core,c10,12842.2291,"SAR 12,842 million",SAR million,ecl,FALSE,artifact_cell,SUPPORTED_CORRECT,R:sector=Metals and Mining:ecl:2026Q2
D-TD09-1,core,c11,12033.989299999974,"SAR 12,034 million",SAR million,ecl,FALSE,artifact_cell,SUPPORTED_CORRECT,R:sector=Telecommunications:ecl:2026Q2
D-TD09-1,core,c12,11314.133900000003,"SAR 11,314 million",SAR million,ecl,FALSE,artifact_cell,SUPPORTED_CORRECT,R:sector=Information Technology:ecl:2026Q2
D-TD09-1,core,c13,10358.8423,"SAR 10,359 million",SAR million,ecl,FALSE,artifact_cell,SUPPORTED_CORRECT,R:sector=Power and Utilities:ecl:2026Q2
D-TD09-3,core,c0,0.14736994920922578,0.15x,ratio,coverage,FALSE,artifact_cell,SUPPORTED_CORRECT,R:total:coverage:2026Q2
D-TD09-4,core,c0,0.05071402932824071,0.05x,ratio,coverage,FALSE,artifact_cell,SUPPORTED_CORRECT,R:total:coverage:2026Q2
D-TD09-5,core,c0,0.0027115363319942607,0.00x,ratio,coverage,FALSE,artifact_cell,SUPPORTED_CORRECT,R:total:coverage:2026-08
D-TD10-1,core,c0,70.59315,SAR 71 million,SAR million,ead_s3,FALSE,artifact_cell,SUPPORTED_CORRECT,R:product=Mortgage:ead_s3:2026-08
D-TD10-2,core,c0,59.0,59,count,n_s3,FALSE,artifact_cell,SUPPORTED_CORRECT,R:total:n_s3:2026-08
D-TD10-3,core,c0,59.0,59,count,n_s3,FALSE,artifact_cell,SUPPORTED_CORRECT,R:total:n_s3:2026-07
D-TD10-4,core,c0,68.32240000000003,SAR 68 million,SAR million,ead_s3,FALSE,artifact_cell,SUPPORTED_CORRECT,R:total:ead_s3:2026-07
D-TD10-5,core,c0,2.270749999999964,SAR 2 million,SAR million,ead_s3_abs_change,FALSE,artifact_cell,SUPPORTED_CORRECT,R:total:ead_s3:abs_change:2026-08 vs 2026-07
E-13,core,c0,14432.08,"SAR 14,432 million",SAR million,ead,FALSE,artifact_cell,SUPPORTED_CORRECT,R:borrower_name=Rawabi Industrial Works:ead
E-13,core,c1,0.0,SAR 0 million,SAR million,ead_s3,FALSE,artifact_cell,SUPPORTED_CORRECT,R:borrower_name=Rawabi Industrial Works:ead_s3
E-13,core,c2,0.0,SAR 0 million,SAR million,ead_s2,FALSE,artifact_cell,SUPPORTED_CORRECT,R:borrower_name=Najd Manufacturing:ead_s2
E-13,core,c3,0.0,SAR 0 million,SAR million,ead_s2,FALSE,artifact_cell,SUPPORTED_CORRECT,R:borrower_name=Najd Manufacturing:ead_s2
E-13,core,c4,10728.23,"SAR 10,728 million",SAR million,ead,FALSE,artifact_cell,SUPPORTED_CORRECT,R:borrower_name=Tuwaiq Construction:ead
E-13,core,c5,0.0,SAR 0 million,SAR million,ead_s3,FALSE,artifact_cell,SUPPORTED_CORRECT,R:borrower_name=Tuwaiq Construction:ead_s3
E-13,core,c6,0.0,SAR 0 million,SAR million,ead_s2,FALSE,artifact_cell,SUPPORTED_CORRECT,R:borrower_name=Gulf Horizon Trading:ead_s2
E-13,core,c7,1310.82,"SAR 1,311 million",SAR million,ead_s3,FALSE,artifact_cell,SUPPORTED_CORRECT,R:borrower_name=Gulf Horizon Trading:ead_s2
E-13,core,c8,7329.26,"SAR 7,329 million",SAR million,ead,FALSE,artifact_cell,SUPPORTED_CORRECT,R:borrower_name=Al Rawdah Real Estate:ead
E-13,core,c9,0.0,SAR 0 million,SAR million,ead_s3,FALSE,artifact_cell,SUPPORTED_CORRECT,R:borrower_name=Al Rawdah Real Estate:ead_s3
E-14,core,c0,224.55657799999955,SAR 225 million,SAR million,ecl_latest,FALSE,artifact_cell,SUPPORTED_CORRECT,R:total:ecl:latest:2026-08
E-14,core,c1,205.36711600000027,SAR 205 million,SAR million,ecl_base,FALSE,artifact_cell,SUPPORTED_CORRECT,R:total:ecl:base:2026-07
E-15,core,c0,148751.11000003433,"SAR 148,751 million",SAR million,ead_s2_abs_change,FALSE,artifact_cell,SUPPORTED_CORRECT,R:total:ead_s2:abs_change:2026Q2 vs 2026Q1
E-16,core,c0,70.59315,SAR 71 million,SAR million,ead_s3,FALSE,artifact_cell,SUPPORTED_CORRECT,R:product=Mortgage:ead_s3:2026-08
E-17,core,c0,1869524.5800000012,"SAR 1,869,525 million",SAR million,ead,FALSE,artifact_cell,SUPPORTED_CORRECT,R:total:ead:2026Q2
E-18,core,c0,16648.92203999996,"SAR 16,649 million",SAR million,ead,FALSE,artifact_cell,SUPPORTED_CORRECT,R:total:ead:2026-08
E-19,core,c0,4198013.49,"SAR 4,198,013 million",SAR million,ead_s2_latest,FALSE,artifact_cell,SUPPORTED_CORRECT,R:total:ead_s2:latest:2026Q2
E-19,core,c1,4049262.379999979,"SAR 4,049,262 million",SAR million,ead_s2_base,FALSE,artifact_cell,SUPPORTED_CORRECT,R:total:ead_s2:base:2026Q1
E-20,core,c0,110.29088999999995,SAR 110 million,SAR million,ead_s3_abs_change,FALSE,artifact_cell,SUPPORTED_CORRECT,R:total:ead_s3:abs_change:2026-08 vs 2025-08
F-06,core,c0,15370014.180000028,"SAR 15,370,014 million",SAR million,ead,FALSE,artifact_cell,SUPPORTED_CORRECT,R:total:ead:2026Q2
F-20,core,c0,224.55657799999955,SAR 225 million,SAR million,ecl,FALSE,artifact_cell,SUPPORTED_CORRECT,R:total:ecl:2026-08
G-01-1,core,c0,1016613.6399999993,"SAR 1,016,614 million",SAR million,ead_s2,FALSE,artifact_cell,SUPPORTED_CORRECT,R:sector=Construction:ead_s2:2026Q2
G-01-1,core,c1,830809.330000001,"SAR 830,809 million",SAR million,ead_s2,FALSE,artifact_cell,SUPPORTED_CORRECT,R:sector=Real Estate:ead_s2:2026Q2
G-01-1,core,c2,448103.25,"SAR 448,103 million",SAR million,ead_s2,FALSE,artifact_cell,SUPPORTED_CORRECT,R:sector=Hospitality:ead_s2:2026Q2
G-01-1,core,c3,444209.83999999997,"SAR 444,210 million",SAR million,ead_s2,FALSE,artifact_cell,SUPPORTED_CORRECT,R:sector=Retail Trade:ead_s2:2026Q2
G-01-1,core,c4,300040.6899999999,"SAR 300,041 million",SAR million,ead_s2,FALSE,artifact_cell,SUPPORTED_CORRECT,R:sector=Manufacturing:ead_s2:2026Q2
G-01-1,core,c5,260060.50999999998,"SAR 260,061 million",SAR million,ead_s2,FALSE,artifact_cell,SUPPORTED_CORRECT,R:sector=Transport and Logistics:ead_s2:2026Q2
G-01-1,core,c6,182535.55000000005,"SAR 182,536 million",SAR million,ead_s2,FALSE,artifact_cell,SUPPORTED_CORRECT,R:sector=Agriculture and Agri-processing:ead_s2:2026Q2
G-01-1,core,c7,141124.11999999997,"SAR 141,124 million",SAR million,ead_s2,FALSE,artifact_cell,SUPPORTED_CORRECT,R:sector=Wholesale Trade:ead_s2:2026Q2
G-01-1,core,c8,134516.96000000002,"SAR 134,517 million",SAR million,ead_s2,FALSE,artifact_cell,SUPPORTED_CORRECT,R:sector=Metals and Mining:ead_s2:2026Q2
G-01-1,core,c9,100017.29,"SAR 100,017 million",SAR million,ead_s2,FALSE,artifact_cell,SUPPORTED_CORRECT,R:sector=Information Technology:ead_s2:2026Q2
G-01-1,core,c10,97638.81999999996,"SAR 97,639 million",SAR million,ead_s2,FALSE,artifact_cell,SUPPORTED_CORRECT,R:sector=Chemicals:ead_s2:2026Q2
G-01-1,core,c11,96312.14000000001,"SAR 96,312 million",SAR million,ead_s2,FALSE,artifact_cell,SUPPORTED_CORRECT,R:sector=Healthcare:ead_s2:2026Q2
G-01-1,core,c12,92096.88000000002,"SAR 92,097 million",SAR million,ead_s2,FALSE,artifact_cell,SUPPORTED_CORRECT,R:sector=Telecommunications:ead_s2:2026Q2
G-01-1,core,c13,53934.46999999998,"SAR 53,934 million",SAR million,ead_s2,FALSE,artifact_cell,SUPPORTED_CORRECT,R:sector=Power and Utilities:ead_s2:2026Q2
G-01-2,core,c0,1016613.6399999993,"SAR 1,016,614 million",SAR million,ead_s2,FALSE,artifact_cell,SUPPORTED_CORRECT,R:sector=Construction:ead_s2:2026Q2
G-01-2,core,c1,830809.330000001,"SAR 830,809 million",SAR million,ead_s2,FALSE,artifact_cell,SUPPORTED_CORRECT,R:sector=Real Estate:ead_s2:2026Q2
G-01-2,core,c2,448103.25,"SAR 448,103 million",SAR million,ead_s2,FALSE,artifact_cell,SUPPORTED_CORRECT,R:sector=Hospitality:ead_s2:2026Q2
G-01-2,core,c3,444209.83999999997,"SAR 444,210 million",SAR million,ead_s2,FALSE,artifact_cell,SUPPORTED_CORRECT,R:sector=Retail Trade:ead_s2:2026Q2
G-01-2,core,c4,300040.6899999999,"SAR 300,041 million",SAR million,ead_s2,FALSE,artifact_cell,SUPPORTED_CORRECT,R:sector=Manufacturing:ead_s2:2026Q2
G-01-2,core,c5,260060.50999999998,"SAR 260,061 million",SAR million,ead_s2,FALSE,artifact_cell,SUPPORTED_CORRECT,R:sector=Transport and Logistics:ead_s2:2026Q2
G-01-2,core,c6,182535.55000000005,"SAR 182,536 million",SAR million,ead_s2,FALSE,artifact_cell,SUPPORTED_CORRECT,R:sector=Agriculture and Agri-processing:ead_s2:2026Q2
G-01-2,core,c7,141124.11999999997,"SAR 141,124 million",SAR million,ead_s2,FALSE,artifact_cell,SUPPORTED_CORRECT,R:sector=Wholesale Trade:ead_s2:2026Q2
G-01-2,core,c8,134516.96000000002,"SAR 134,517 million",SAR million,ead_s2,FALSE,artifact_cell,SUPPORTED_CORRECT,R:sector=Metals and Mining:ead_s2:2026Q2
G-01-2,core,c9,100017.29,"SAR 100,017 million",SAR million,ead_s2,FALSE,artifact_cell,SUPPORTED_CORRECT,R:sector=Information Technology:ead_s2:2026Q2
G-01-2,core,c10,97638.81999999996,"SAR 97,639 million",SAR million,ead_s2,FALSE,artifact_cell,SUPPORTED_CORRECT,R:sector=Chemicals:ead_s2:2026Q2
G-01-2,core,c11,96312.14000000001,"SAR 96,312 million",SAR million,ead_s2,FALSE,artifact_cell,SUPPORTED_CORRECT,R:sector=Healthcare:ead_s2:2026Q2
G-01-2,core,c12,92096.88000000002,"SAR 92,097 million",SAR million,ead_s2,FALSE,artifact_cell,SUPPORTED_CORRECT,R:sector=Telecommunications:ead_s2:2026Q2
G-01-2,core,c13,53934.46999999998,"SAR 53,934 million",SAR million,ead_s2,FALSE,artifact_cell,SUPPORTED_CORRECT,R:sector=Power and Utilities:ead_s2:2026Q2
G-02-1,core,c0,0.05071402932824071,0.05x,ratio,coverage,FALSE,artifact_cell,SUPPORTED_CORRECT,R:total:coverage:2026Q2
G-02-2,core,c0,0.05071402932824071,0.05x,ratio,coverage,FALSE,artifact_cell,SUPPORTED_CORRECT,R:total:coverage:2026Q2
G-03-1,core,c0,18999.53000000096,"SAR 19,000 million",SAR million,ead_abs_change,FALSE,artifact_cell,SUPPORTED_CORRECT,R:sector=Agriculture and Agri-processing:ead:abs_change:2026Q2 vs 2026Q1
G-03-1,core,c1,24740.36999999825,"SAR 24,740 million",SAR million,ead_abs_change,FALSE,artifact_cell,SUPPORTED_CORRECT,R:sector=Chemicals:ead:abs_change:2026Q2 vs 2026Q1
G-03-1,core,c2,54197.03000000119,"SAR 54,197 million",SAR million,ead_abs_change,FALSE,artifact_cell,SUPPORTED_CORRECT,R:sector=Construction:ead:abs_change:2026Q2 vs 2026Q1
G-03-1,core,c3,15835.639999999548,"SAR 15,836 million",SAR million,ead_abs_change,FALSE,artifact_cell,SUPPORTED_CORRECT,R:sector=Healthcare:ead:abs_change:2026Q2 vs 2026Q1
G-03-1,core,c4,25317.730000000447,"SAR 25,318 million",SAR million,ead_abs_change,FALSE,artifact_cell,SUPPORTED_CORRECT,R:sector=Hospitality:ead:abs_change:2026Q2 vs 2026Q1
G-03-1,core,c5,13880.390000000363,"SAR 13,880 million",SAR million,ead_abs_change,FALSE,artifact_cell,SUPPORTED_CORRECT,R:sector=Information Technology:ead:abs_change:2026Q2 vs 2026Q1
G-03-1,core,c6,34534.48999999836,"SAR 34,534 million",SAR million,ead_abs_change,FALSE,artifact_cell,SUPPORTED_CORRECT,R:sector=Manufacturing:ead:abs_change:2026Q2 vs 2026Q1
G-03-1,core,c7,12615.629999998491,"SAR 12,616 million",SAR million,ead_abs_change,FALSE,artifact_cell,SUPPORTED_CORRECT,R:sector=Metals and Mining:ead:abs_change:2026Q2 vs 2026Q1
G-03-1,core,c8,13276.549999999232,"SAR 13,277 million",SAR million,ead_abs_change,FALSE,artifact_cell,SUPPORTED_CORRECT,R:sector=Power and Utilities:ead:abs_change:2026Q2 vs 2026Q1
G-03-1,core,c9,37358.64999999874,"SAR 37,359 million",SAR million,ead_abs_change,FALSE,artifact_cell,SUPPORTED_CORRECT,R:sector=Real Estate:ead:abs_change:2026Q2 vs 2026Q1
G-03-1,core,c10,22320.979999999516,"SAR 22,321 million",SAR million,ead_abs_change,FALSE,artifact_cell,SUPPORTED_CORRECT,R:sector=Retail Trade:ead:abs_change:2026Q2 vs 2026Q1
G-03-1,core,c11,15350.069999998435,"SAR 15,350 million",SAR million,ead_abs_change,FALSE,artifact_cell,SUPPORTED_CORRECT,R:sector=Telecommunications:ead:abs_change:2026Q2 vs 2026Q1
G-03-1,core,c12,19136.230000000214,"SAR 19,136 million",SAR million,ead_abs_change,FALSE,artifact_cell,SUPPORTED_CORRECT,R:sector=Transport and Logistics:ead:abs_change:2026Q2 vs 2026Q1
G-03-1,core,c13,20941.550000001444,"SAR 20,942 million",SAR million,ead_abs_change,FALSE,artifact_cell,SUPPORTED_CORRECT,R:sector=Wholesale Trade:ead:abs_change:2026Q2 vs 2026Q1
G-03-2,core,c0,18999.530000000843,"SAR 19,000 million",SAR million,ead_abs_change,FALSE,artifact_cell,SUPPORTED_CORRECT,R:sector=Agriculture and Agri-processing:ead:abs_change:2026Q2 vs 2026Q1
G-03-2,core,c1,24740.369999998482,"SAR 24,740 million",SAR million,ead_abs_change,FALSE,artifact_cell,SUPPORTED_CORRECT,R:sector=Chemicals:ead:abs_change:2026Q2 vs 2026Q1
G-03-2,core,c2,54197.03000000212,"SAR 54,197 million",SAR million,ead_abs_change,FALSE,artifact_cell,SUPPORTED_CORRECT,R:sector=Construction:ead:abs_change:2026Q2 vs 2026Q1
G-03-2,core,c3,15835.639999999781,"SAR 15,836 million",SAR million,ead_abs_change,FALSE,artifact_cell,SUPPORTED_CORRECT,R:sector=Healthcare:ead:abs_change:2026Q2 vs 2026Q1
G-03-2,core,c4,25317.73000000161,"SAR 25,318 million",SAR million,ead_abs_change,FALSE,artifact_cell,SUPPORTED_CORRECT,R:sector=Hospitality:ead:abs_change:2026Q2 vs 2026Q1
G-03-2,core,c5,13880.39000000048,"SAR 13,880 million",SAR million,ead_abs_change,FALSE,artifact_cell,SUPPORTED_CORRECT,R:sector=Information Technology:ead:abs_change:2026Q2 vs 2026Q1
G-03-2,core,c6,34534.489999997895,"SAR 34,534 million",SAR million,ead_abs_change,FALSE,artifact_cell,SUPPORTED_CORRECT,R:sector=Manufacturing:ead:abs_change:2026Q2 vs 2026Q1
G-03-2,core,c7,12615.629999998608,"SAR 12,616 million",SAR million,ead_abs_change,FALSE,artifact_cell,SUPPORTED_CORRECT,R:sector=Metals and Mining:ead:abs_change:2026Q2 vs 2026Q1
G-03-2,core,c8,13276.549999999115,"SAR 13,277 million",SAR million,ead_abs_change,FALSE,artifact_cell,SUPPORTED_CORRECT,R:sector=Power and Utilities:ead:abs_change:2026Q2 vs 2026Q1
G-03-2,core,c9,37358.64999999851,"SAR 37,359 million",SAR million,ead_abs_change,FALSE,artifact_cell,SUPPORTED_CORRECT,R:sector=Real Estate:ead:abs_change:2026Q2 vs 2026Q1
G-03-2,core,c10,22320.97999999998,"SAR 22,321 million",SAR million,ead_abs_change,FALSE,artifact_cell,SUPPORTED_CORRECT,R:sector=Retail Trade:ead:abs_change:2026Q2 vs 2026Q1
G-03-2,core,c11,15350.069999998203,"SAR 15,350 million",SAR million,ead_abs_change,FALSE,artifact_cell,SUPPORTED_CORRECT,R:sector=Telecommunications:ead:abs_change:2026Q2 vs 2026Q1
G-03-2,core,c12,19136.23000000068,"SAR 19,136 million",SAR million,ead_abs_change,FALSE,artifact_cell,SUPPORTED_CORRECT,R:sector=Transport and Logistics:ead:abs_change:2026Q2 vs 2026Q1
G-03-2,core,c13,20941.550000001327,"SAR 20,942 million",SAR million,ead_abs_change,FALSE,artifact_cell,SUPPORTED_CORRECT,R:sector=Wholesale Trade:ead:abs_change:2026Q2 vs 2026Q1
G-04-1,core,c0,1869524.5800000022,"SAR 1,869,525 million",SAR million,ead_latest,FALSE,artifact_cell,SUPPORTED_CORRECT,R:sector=Construction:ead:latest:2026Q2
G-04-1,core,c1,1815327.55,"SAR 1,815,328 million",SAR million,ead_base,FALSE,artifact_cell,SUPPORTED_CORRECT,R:sector=Construction:ead:base:2026Q1
G-04-1,core,c2,54197.03000000212,"SAR 54,197 million",SAR million,ead_abs_change,FALSE,artifact_cell,SUPPORTED_CORRECT,R:sector=Construction:ead:abs_change:2026Q2 vs 2026Q1
G-04-1,core,c3,0.02985523466550272,0.03x,ratio,ead_pct_change,FALSE,artifact_cell,SUPPORTED_CORRECT,R:sector=Construction:ead:pct_change:2026Q2 vs 2026Q1
G-04-1,core,c4,1114146.0300000017,"SAR 1,114,146 million",SAR million,ead_latest,FALSE,artifact_cell,SUPPORTED_CORRECT,R:sector=Hospitality:ead:latest:2026Q2
G-04-1,core,c5,1088828.3,"SAR 1,088,828 million",SAR million,ead_base,FALSE,artifact_cell,SUPPORTED_CORRECT,R:sector=Hospitality:ead:base:2026Q1
G-04-1,core,c6,25317.73000000161,"SAR 25,318 million",SAR million,ead_abs_change,FALSE,artifact_cell,SUPPORTED_CORRECT,R:sector=Hospitality:ead:abs_change:2026Q2 vs 2026Q1
G-04-1,core,c7,0.023252270353371244,0.02x,ratio,ead_pct_change,FALSE,artifact_cell,SUPPORTED_CORRECT,R:sector=Hospitality:ead:pct_change:2026Q2 vs 2026Q1
G-04-1,core,c8,1345476.2599999965,"SAR 1,345,476 million",SAR million,ead_latest,FALSE,artifact_cell,SUPPORTED_CORRECT,R:sector=Manufacturing:ead:latest:2026Q2
G-04-1,core,c9,1310941.7699999986,"SAR 1,310,942 million",SAR million,ead_base,FALSE,artifact_cell,SUPPORTED_CORRECT,R:sector=Manufacturing:ead:base:2026Q1
G-04-1,core,c10,34534.489999997895,"SAR 34,534 million",SAR million,ead_abs_change,FALSE,artifact_cell,SUPPORTED_CORRECT,R:sector=Manufacturing:ead:abs_change:2026Q2 vs 2026Q1
G-04-1,core,c11,0.026343267710508555,0.03x,ratio,ead_pct_change,FALSE,artifact_cell,SUPPORTED_CORRECT,R:sector=Manufacturing:ead:pct_change:2026Q2 vs 2026Q1
G-04-1,core,c12,1614126.7599999986,"SAR 1,614,127 million",SAR million,ead_latest,FALSE,artifact_cell,SUPPORTED_CORRECT,R:sector=Real Estate:ead:latest:2026Q2
G-04-1,core,c13,1576768.11,"SAR 1,576,768 million",SAR million,ead_base,FALSE,artifact_cell,SUPPORTED_CORRECT,R:sector=Real Estate:ead:base:2026Q1
G-04-1,core,c14,37358.64999999851,"SAR 37,359 million",SAR million,ead_abs_change,FALSE,artifact_cell,SUPPORTED_CORRECT,R:sector=Real Estate:ead:abs_change:2026Q2 vs 2026Q1
G-04-1,core,c15,0.023693179588721202,0.02x,ratio,ead_pct_change,FALSE,artifact_cell,SUPPORTED_CORRECT,R:sector=Real Estate:ead:pct_change:2026Q2 vs 2026Q1
G-04-1,core,c16,1139204.049999999,"SAR 1,139,204 million",SAR million,ead_latest,FALSE,artifact_cell,SUPPORTED_CORRECT,R:sector=Transport and Logistics:ead:latest:2026Q2
G-04-1,core,c17,1120067.8199999984,"SAR 1,120,068 million",SAR million,ead_base,FALSE,artifact_cell,SUPPORTED_CORRECT,R:sector=Transport and Logistics:ead:base:2026Q1
G-04-1,core,c18,19136.23000000068,"SAR 19,136 million",SAR million,ead_abs_change,FALSE,artifact_cell,SUPPORTED_CORRECT,R:sector=Transport and Logistics:ead:abs_change:2026Q2 vs 2026Q1
G-04-1,core,c19,0.017084885092048002,0.02x,ratio,ead_pct_change,FALSE,artifact_cell,SUPPORTED_CORRECT,R:sector=Transport and Logistics:ead:pct_change:2026Q2 vs 2026Q1
G-04-2,core,c0,1869524.5800000022,"SAR 1,869,525 million",SAR million,ead_latest,FALSE,artifact_cell,SUPPORTED_CORRECT,R:sector=Construction:ead:latest:2026Q2
G-04-2,core,c1,1815327.55,"SAR 1,815,328 million",SAR million,ead_base,FALSE,artifact_cell,SUPPORTED_CORRECT,R:sector=Construction:ead:base:2026Q1
G-04-2,core,c2,54197.03000000212,"SAR 54,197 million",SAR million,ead_abs_change,FALSE,artifact_cell,SUPPORTED_CORRECT,R:sector=Construction:ead:abs_change:2026Q2 vs 2026Q1
G-04-2,core,c3,0.02985523466550272,0.03x,ratio,ead_pct_change,FALSE,artifact_cell,SUPPORTED_CORRECT,R:sector=Construction:ead:pct_change:2026Q2 vs 2026Q1
G-04-2,core,c4,1114146.0300000017,"SAR 1,114,146 million",SAR million,ead_latest,FALSE,artifact_cell,SUPPORTED_CORRECT,R:sector=Hospitality:ead:latest:2026Q2
G-04-2,core,c5,1088828.3,"SAR 1,088,828 million",SAR million,ead_base,FALSE,artifact_cell,SUPPORTED_CORRECT,R:sector=Hospitality:ead:base:2026Q1
G-04-2,core,c6,25317.73000000161,"SAR 25,318 million",SAR million,ead_abs_change,FALSE,artifact_cell,SUPPORTED_CORRECT,R:sector=Hospitality:ead:abs_change:2026Q2 vs 2026Q1
G-04-2,core,c7,0.023252270353371244,0.02x,ratio,ead_pct_change,FALSE,artifact_cell,SUPPORTED_CORRECT,R:sector=Hospitality:ead:pct_change:2026Q2 vs 2026Q1
G-04-2,core,c8,1345476.2599999965,"SAR 1,345,476 million",SAR million,ead_latest,FALSE,artifact_cell,SUPPORTED_CORRECT,R:sector=Manufacturing:ead:latest:2026Q2
G-04-2,core,c9,1310941.7699999986,"SAR 1,310,942 million",SAR million,ead_base,FALSE,artifact_cell,SUPPORTED_CORRECT,R:sector=Manufacturing:ead:base:2026Q1
G-04-2,core,c10,34534.489999997895,"SAR 34,534 million",SAR million,ead_abs_change,FALSE,artifact_cell,SUPPORTED_CORRECT,R:sector=Manufacturing:ead:abs_change:2026Q2 vs 2026Q1
G-04-2,core,c11,0.026343267710508555,0.03x,ratio,ead_pct_change,FALSE,artifact_cell,SUPPORTED_CORRECT,R:sector=Manufacturing:ead:pct_change:2026Q2 vs 2026Q1
G-04-2,core,c12,1614126.7599999986,"SAR 1,614,127 million",SAR million,ead_latest,FALSE,artifact_cell,SUPPORTED_CORRECT,R:sector=Real Estate:ead:latest:2026Q2
G-04-2,core,c13,1576768.11,"SAR 1,576,768 million",SAR million,ead_base,FALSE,artifact_cell,SUPPORTED_CORRECT,R:sector=Real Estate:ead:base:2026Q1
G-04-2,core,c14,37358.64999999851,"SAR 37,359 million",SAR million,ead_abs_change,FALSE,artifact_cell,SUPPORTED_CORRECT,R:sector=Real Estate:ead:abs_change:2026Q2 vs 2026Q1
G-04-2,core,c15,0.023693179588721202,0.02x,ratio,ead_pct_change,FALSE,artifact_cell,SUPPORTED_CORRECT,R:sector=Real Estate:ead:pct_change:2026Q2 vs 2026Q1
G-04-2,core,c16,1139204.049999999,"SAR 1,139,204 million",SAR million,ead_latest,FALSE,artifact_cell,SUPPORTED_CORRECT,R:sector=Transport and Logistics:ead:latest:2026Q2
G-04-2,core,c17,1120067.8199999984,"SAR 1,120,068 million",SAR million,ead_base,FALSE,artifact_cell,SUPPORTED_CORRECT,R:sector=Transport and Logistics:ead:base:2026Q1
G-04-2,core,c18,19136.23000000068,"SAR 19,136 million",SAR million,ead_abs_change,FALSE,artifact_cell,SUPPORTED_CORRECT,R:sector=Transport and Logistics:ead:abs_change:2026Q2 vs 2026Q1
G-04-2,core,c19,0.017084885092048002,0.02x,ratio,ead_pct_change,FALSE,artifact_cell,SUPPORTED_CORRECT,R:sector=Transport and Logistics:ead:pct_change:2026Q2 vs 2026Q1
G-05-1,core,c0,148751.1099999991,"SAR 148,751 million",SAR million,total_abs_change,FALSE,artifact_cell,SUPPORTED_CORRECT,R:total:ead_s2:abs_change
G-05-1,core,c1,50905.329999999725,"SAR 50,905 million",SAR million,ead_s2_abs_change,FALSE,artifact_cell,SUPPORTED_CORRECT,R:sector=Retail Trade:ead_s2:abs_change:2026Q2 vs 2026Q1
G-05-1,core,c2,39982.92999999999,"SAR 39,983 million",SAR million,ead_s2_abs_change,FALSE,artifact_cell,SUPPORTED_CORRECT,R:sector=Hospitality:ead_s2:abs_change:2026Q2 vs 2026Q1
G-05-1,core,c3,29965.609999999928,"SAR 29,966 million",SAR million,ead_s2_abs_change,FALSE,artifact_cell,SUPPORTED_CORRECT,R:sector=Manufacturing:ead_s2:abs_change:2026Q2 vs 2026Q1
G-05-1,core,c4,-27196.230000002193,"SAR -27,196 million",SAR million,ead_s2_abs_change,FALSE,artifact_cell,SUPPORTED_CORRECT,R:sector=Construction:ead_s2:abs_change:2026Q2 vs 2026Q1
G-05-1,core,c5,16879.32999999993,"SAR 16,879 million",SAR million,ead_s2_abs_change,FALSE,artifact_cell,SUPPORTED_CORRECT,R:sector=Chemicals:ead_s2:abs_change:2026Q2 vs 2026Q1
G-05-2,core,c0,148751.1099999991,"SAR 148,751 million",SAR million,total_abs_change,FALSE,artifact_cell,SUPPORTED_CORRECT,R:total:ead_s2:abs_change
G-05-2,core,c1,50905.329999999725,"SAR 50,905 million",SAR million,ead_s2_abs_change,FALSE,artifact_cell,SUPPORTED_CORRECT,R:sector=Retail Trade:ead_s2:abs_change:2026Q2 vs 2026Q1
G-05-2,core,c2,39982.92999999999,"SAR 39,983 million",SAR million,ead_s2_abs_change,FALSE,artifact_cell,SUPPORTED_CORRECT,R:sector=Hospitality:ead_s2:abs_change:2026Q2 vs 2026Q1
G-05-2,core,c3,29965.609999999928,"SAR 29,966 million",SAR million,ead_s2_abs_change,FALSE,artifact_cell,SUPPORTED_CORRECT,R:sector=Manufacturing:ead_s2:abs_change:2026Q2 vs 2026Q1
G-05-2,core,c4,-27196.230000002193,"SAR -27,196 million",SAR million,ead_s2_abs_change,FALSE,artifact_cell,SUPPORTED_CORRECT,R:sector=Construction:ead_s2:abs_change:2026Q2 vs 2026Q1
G-05-2,core,c5,16879.32999999993,"SAR 16,879 million",SAR million,ead_s2_abs_change,FALSE,artifact_cell,SUPPORTED_CORRECT,R:sector=Chemicals:ead_s2:abs_change:2026Q2 vs 2026Q1
G-06-1,core,c0,16648.92203999996,"SAR 16,649 million",SAR million,ead,FALSE,artifact_cell,SUPPORTED_CORRECT,R:product=Mortgage:ead:2026-08
G-06-1,core,c1,1796.9443000000022,"SAR 1,797 million",SAR million,ead,FALSE,artifact_cell,SUPPORTED_CORRECT,R:product=Personal Finance:ead:2026-08
G-06-1,core,c2,740.8253000000019,SAR 741 million,SAR million,ead,FALSE,artifact_cell,SUPPORTED_CORRECT,R:product=Auto Finance:ead:2026-08
G-06-1,core,c3,513.1842799999981,SAR 513 million,SAR million,ead,FALSE,artifact_cell,SUPPORTED_CORRECT,R:product=Credit Card:ead:2026-08
G-06-1,core,c4,38.95622000000003,SAR 39 million,SAR million,ead,FALSE,artifact_cell,SUPPORTED_CORRECT,R:product=Buy Now Pay Later:ead:2026-08
G-06-2,core,c0,16648.92203999996,"SAR 16,649 million",SAR million,ead,FALSE,artifact_cell,SUPPORTED_CORRECT,R:product=Mortgage:ead:2026-08
G-06-2,core,c1,1796.9443000000022,"SAR 1,797 million",SAR million,ead,FALSE,artifact_cell,SUPPORTED_CORRECT,R:product=Personal Finance:ead:2026-08
G-06-2,core,c2,740.8253000000019,SAR 741 million,SAR million,ead,FALSE,artifact_cell,SUPPORTED_CORRECT,R:product=Auto Finance:ead:2026-08
G-06-2,core,c3,513.1842799999981,SAR 513 million,SAR million,ead,FALSE,artifact_cell,SUPPORTED_CORRECT,R:product=Credit Card:ead:2026-08
G-06-2,core,c4,38.95622000000003,SAR 39 million,SAR million,ead,FALSE,artifact_cell,SUPPORTED_CORRECT,R:product=Buy Now Pay Later:ead:2026-08
G-07-1,core,c0,19.18946199999928,SAR 19 million,SAR million,ecl_abs_change,FALSE,artifact_cell,SUPPORTED_CORRECT,R:total:ecl:abs_change:2026-08 vs 2026-07
G-07-1,core,c1,0.09343979880400743,0.09x,ratio,ecl_pct_change,FALSE,artifact_cell,SUPPORTED_CORRECT,R:total:ecl:pct_change:2026-08 vs 2026-07
G-07-2,core,c0,19.18946199999928,SAR 19 million,SAR million,ecl_abs_change,FALSE,artifact_cell,SUPPORTED_CORRECT,R:total:ecl:abs_change:2026-08 vs 2026-07
G-07-2,core,c1,0.09343979880400743,0.09x,ratio,ecl_pct_change,FALSE,artifact_cell,SUPPORTED_CORRECT,R:total:ecl:pct_change:2026-08 vs 2026-07
G-08-1,core,c0,0.21357881422244734,0.21x,ratio,s2_share,FALSE,artifact_cell,SUPPORTED_CORRECT,R:product=Credit Card:s2_share:2026-08
G-08-1,core,c1,0.19087965926878916,0.19x,ratio,s2_share,FALSE,artifact_cell,SUPPORTED_CORRECT,R:product=Buy Now Pay Later:s2_share:2026-08
G-08-1,core,c2,0.1188885932635751,0.12x,ratio,s2_share,FALSE,artifact_cell,SUPPORTED_CORRECT,R:product=Personal Finance:s2_share:2026-08
G-08-1,core,c3,0.03608342861818109,0.04x,ratio,s2_share,FALSE,artifact_cell,SUPPORTED_CORRECT,R:product=Mortgage:s2_share:2026-08
G-08-1,core,c4,0.021299772024524485,0.02x,ratio,s2_share,FALSE,artifact_cell,SUPPORTED_CORRECT,R:product=Auto Finance:s2_share:2026-08
G-08-2,core,c0,0.21357881422244734,0.21x,ratio,s2_share,FALSE,artifact_cell,SUPPORTED_CORRECT,R:product=Credit Card:s2_share:2026-08
G-08-2,core,c1,0.19087965926878916,0.19x,ratio,s2_share,FALSE,artifact_cell,SUPPORTED_CORRECT,R:product=Buy Now Pay Later:s2_share:2026-08
G-08-2,core,c2,0.1188885932635751,0.12x,ratio,s2_share,FALSE,artifact_cell,SUPPORTED_CORRECT,R:product=Personal Finance:s2_share:2026-08
G-08-2,core,c3,0.03608342861818109,0.04x,ratio,s2_share,FALSE,artifact_cell,SUPPORTED_CORRECT,R:product=Mortgage:s2_share:2026-08
G-08-2,core,c4,0.021299772024524485,0.02x,ratio,s2_share,FALSE,artifact_cell,SUPPORTED_CORRECT,R:product=Auto Finance:s2_share:2026-08
G-09-1,core,c0,19.189461999999807,SAR 19 million,SAR million,total_abs_change,FALSE,artifact_cell,SUPPORTED_CORRECT,R:total:ecl:abs_change
G-09-1,core,c1,7.189680999999837,SAR 7 million,SAR million,ecl_abs_change,FALSE,artifact_cell,SUPPORTED_CORRECT,R:product=Mortgage:ecl:abs_change:2026-08 vs 2026-07
G-09-1,core,c2,6.487052999999825,SAR 6 million,SAR million,ecl_abs_change,FALSE,artifact_cell,SUPPORTED_CORRECT,R:product=Credit Card:ecl:abs_change:2026-08 vs 2026-07
G-09-1,core,c3,3.9800900000001747,SAR 4 million,SAR million,ecl_abs_change,FALSE,artifact_cell,SUPPORTED_CORRECT,R:product=Personal Finance:ecl:abs_change:2026-08 vs 2026-07
G-09-1,core,c4,0.9871850000000062,SAR 1 million,SAR million,ecl_abs_change,FALSE,artifact_cell,SUPPORTED_CORRECT,R:product=Buy Now Pay Later:ecl:abs_change:2026-08 vs 2026-07
G-09-1,core,c5,0.5454529999999664,SAR 1 million,SAR million,ecl_abs_change,FALSE,artifact_cell,SUPPORTED_CORRECT,R:product=Auto Finance:ecl:abs_change:2026-08 vs 2026-07
G-09-2,core,c0,19.189461999999807,SAR 19 million,SAR million,total_abs_change,FALSE,artifact_cell,SUPPORTED_CORRECT,R:total:ecl:abs_change
G-09-2,core,c1,7.189680999999837,SAR 7 million,SAR million,ecl_abs_change,FALSE,artifact_cell,SUPPORTED_CORRECT,R:product=Mortgage:ecl:abs_change:2026-08 vs 2026-07
G-09-2,core,c2,6.487052999999825,SAR 6 million,SAR million,ecl_abs_change,FALSE,artifact_cell,SUPPORTED_CORRECT,R:product=Credit Card:ecl:abs_change:2026-08 vs 2026-07
G-09-2,core,c3,3.9800900000001747,SAR 4 million,SAR million,ecl_abs_change,FALSE,artifact_cell,SUPPORTED_CORRECT,R:product=Personal Finance:ecl:abs_change:2026-08 vs 2026-07
G-09-2,core,c4,0.9871850000000062,SAR 1 million,SAR million,ecl_abs_change,FALSE,artifact_cell,SUPPORTED_CORRECT,R:product=Buy Now Pay Later:ecl:abs_change:2026-08 vs 2026-07
G-09-2,core,c5,0.5454529999999664,SAR 1 million,SAR million,ecl_abs_change,FALSE,artifact_cell,SUPPORTED_CORRECT,R:product=Auto Finance:ecl:abs_change:2026-08 vs 2026-07
G-10-1,core,c0,19243.95666000003,"SAR 19,244 million",SAR million,ead,FALSE,artifact_cell,SUPPORTED_CORRECT,R:delinquency_bucket=Current:ead:2026-08
G-10-1,core,c1,184.85221999999996,SAR 185 million,SAR million,ead,FALSE,artifact_cell,SUPPORTED_CORRECT,R:delinquency_bucket=90+:ead:2026-08
G-10-1,core,c2,147.16340000000014,SAR 147 million,SAR million,ead,FALSE,artifact_cell,SUPPORTED_CORRECT,R:delinquency_bucket=1-29:ead:2026-08
G-10-1,core,c3,92.20270000000009,SAR 92 million,SAR million,ead,FALSE,artifact_cell,SUPPORTED_CORRECT,R:delinquency_bucket=30-59:ead:2026-08
G-10-1,core,c4,70.65715999999999,SAR 71 million,SAR million,ead,FALSE,artifact_cell,SUPPORTED_CORRECT,R:delinquency_bucket=60-89:ead:2026-08
G-10-2,core,c0,19243.95666000003,"SAR 19,244 million",SAR million,ead,FALSE,artifact_cell,SUPPORTED_CORRECT,R:delinquency_bucket=Current:ead:2026-08
G-10-2,core,c1,184.85221999999996,SAR 185 million,SAR million,ead,FALSE,artifact_cell,SUPPORTED_CORRECT,R:delinquency_bucket=90+:ead:2026-08
G-10-2,core,c2,147.16340000000014,SAR 147 million,SAR million,ead,FALSE,artifact_cell,SUPPORTED_CORRECT,R:delinquency_bucket=1-29:ead:2026-08
G-10-2,core,c3,92.20270000000009,SAR 92 million,SAR million,ead,FALSE,artifact_cell,SUPPORTED_CORRECT,R:delinquency_bucket=30-59:ead:2026-08
G-10-2,core,c4,70.65715999999999,SAR 71 million,SAR million,ead,FALSE,artifact_cell,SUPPORTED_CORRECT,R:delinquency_bucket=60-89:ead:2026-08
CAL-A-C01,calibration,c0,15370014.180000028,"SAR 15,370,014 million",SAR million,ead,FALSE,artifact_cell,SUPPORTED_CORRECT,R:total:ead:2026Q2
CAL-A-C07,calibration,c0,1016613.6399999993,"SAR 1,016,614 million",SAR million,ead_s2,FALSE,artifact_cell,SUPPORTED_CORRECT,R:sector=Construction:ead_s2:2026Q2
CAL-A-C07,calibration,c1,830809.330000001,"SAR 830,809 million",SAR million,ead_s2,FALSE,artifact_cell,SUPPORTED_CORRECT,R:sector=Real Estate:ead_s2:2026Q2
CAL-A-C07,calibration,c2,448103.25,"SAR 448,103 million",SAR million,ead_s2,FALSE,artifact_cell,SUPPORTED_CORRECT,R:sector=Hospitality:ead_s2:2026Q2
CAL-A-C07,calibration,c3,444209.83999999997,"SAR 444,210 million",SAR million,ead_s2,FALSE,artifact_cell,SUPPORTED_CORRECT,R:sector=Retail Trade:ead_s2:2026Q2
CAL-A-C07,calibration,c4,300040.6899999999,"SAR 300,041 million",SAR million,ead_s2,FALSE,artifact_cell,SUPPORTED_CORRECT,R:sector=Manufacturing:ead_s2:2026Q2
CAL-A-C07,calibration,c5,260060.50999999998,"SAR 260,061 million",SAR million,ead_s2,FALSE,artifact_cell,SUPPORTED_CORRECT,R:sector=Transport and Logistics:ead_s2:2026Q2
CAL-A-C07,calibration,c6,182535.55000000005,"SAR 182,536 million",SAR million,ead_s2,FALSE,artifact_cell,SUPPORTED_CORRECT,R:sector=Agriculture and Agri-processing:ead_s2:2026Q2
CAL-A-C07,calibration,c7,141124.11999999997,"SAR 141,124 million",SAR million,ead_s2,FALSE,artifact_cell,SUPPORTED_CORRECT,R:sector=Wholesale Trade:ead_s2:2026Q2
CAL-A-C07,calibration,c8,134516.96000000002,"SAR 134,517 million",SAR million,ead_s2,FALSE,artifact_cell,SUPPORTED_CORRECT,R:sector=Metals and Mining:ead_s2:2026Q2
CAL-A-C07,calibration,c9,100017.29,"SAR 100,017 million",SAR million,ead_s2,FALSE,artifact_cell,SUPPORTED_CORRECT,R:sector=Information Technology:ead_s2:2026Q2
CAL-A-C07,calibration,c10,97638.81999999996,"SAR 97,639 million",SAR million,ead_s2,FALSE,artifact_cell,SUPPORTED_CORRECT,R:sector=Chemicals:ead_s2:2026Q2
CAL-A-C07,calibration,c11,96312.14000000001,"SAR 96,312 million",SAR million,ead_s2,FALSE,artifact_cell,SUPPORTED_CORRECT,R:sector=Healthcare:ead_s2:2026Q2
CAL-A-C07,calibration,c12,92096.88000000002,"SAR 92,097 million",SAR million,ead_s2,FALSE,artifact_cell,SUPPORTED_CORRECT,R:sector=Telecommunications:ead_s2:2026Q2
CAL-A-C07,calibration,c13,53934.46999999998,"SAR 53,934 million",SAR million,ead_s2,FALSE,artifact_cell,SUPPORTED_CORRECT,R:sector=Power and Utilities:ead_s2:2026Q2
CAL-A-R01,calibration,c0,19738.832140000075,"SAR 19,739 million",SAR million,ead,FALSE,artifact_cell,SUPPORTED_CORRECT,R:total:ead:2026-08
CAL-A-R05,calibration,c0,16648.92203999996,"SAR 16,649 million",SAR million,ead,FALSE,artifact_cell,SUPPORTED_CORRECT,R:product=Mortgage:ead:2026-08
CAL-A-R05,calibration,c1,1796.9443000000022,"SAR 1,797 million",SAR million,ead,FALSE,artifact_cell,SUPPORTED_CORRECT,R:product=Personal Finance:ead:2026-08
CAL-A-R05,calibration,c2,740.8253000000019,SAR 741 million,SAR million,ead,FALSE,artifact_cell,SUPPORTED_CORRECT,R:product=Auto Finance:ead:2026-08
CAL-A-R05,calibration,c3,513.1842799999981,SAR 513 million,SAR million,ead,FALSE,artifact_cell,SUPPORTED_CORRECT,R:product=Credit Card:ead:2026-08
CAL-A-R05,calibration,c4,38.95622000000003,SAR 39 million,SAR million,ead,FALSE,artifact_cell,SUPPORTED_CORRECT,R:product=Buy Now Pay Later:ead:2026-08
CAL-B-C03-1,calibration,c0,1016613.6399999993,"SAR 1,016,614 million",SAR million,ead_s2,FALSE,artifact_cell,SUPPORTED_CORRECT,R:sector=Construction:ead_s2:2026Q2
CAL-B-C03-1,calibration,c1,830809.330000001,"SAR 830,809 million",SAR million,ead_s2,FALSE,artifact_cell,SUPPORTED_CORRECT,R:sector=Real Estate:ead_s2:2026Q2
CAL-B-C03-1,calibration,c2,448103.25,"SAR 448,103 million",SAR million,ead_s2,FALSE,artifact_cell,SUPPORTED_CORRECT,R:sector=Hospitality:ead_s2:2026Q2
CAL-B-C03-1,calibration,c3,444209.83999999997,"SAR 444,210 million",SAR million,ead_s2,FALSE,artifact_cell,SUPPORTED_CORRECT,R:sector=Retail Trade:ead_s2:2026Q2
CAL-B-C03-1,calibration,c4,300040.6899999999,"SAR 300,041 million",SAR million,ead_s2,FALSE,artifact_cell,SUPPORTED_CORRECT,R:sector=Manufacturing:ead_s2:2026Q2
CAL-B-C03-1,calibration,c5,260060.50999999998,"SAR 260,061 million",SAR million,ead_s2,FALSE,artifact_cell,SUPPORTED_CORRECT,R:sector=Transport and Logistics:ead_s2:2026Q2
CAL-B-C03-1,calibration,c6,182535.55000000005,"SAR 182,536 million",SAR million,ead_s2,FALSE,artifact_cell,SUPPORTED_CORRECT,R:sector=Agriculture and Agri-processing:ead_s2:2026Q2
CAL-B-C03-1,calibration,c7,141124.11999999997,"SAR 141,124 million",SAR million,ead_s2,FALSE,artifact_cell,SUPPORTED_CORRECT,R:sector=Wholesale Trade:ead_s2:2026Q2
CAL-B-C03-1,calibration,c8,134516.96000000002,"SAR 134,517 million",SAR million,ead_s2,FALSE,artifact_cell,SUPPORTED_CORRECT,R:sector=Metals and Mining:ead_s2:2026Q2
CAL-B-C03-1,calibration,c9,100017.29,"SAR 100,017 million",SAR million,ead_s2,FALSE,artifact_cell,SUPPORTED_CORRECT,R:sector=Information Technology:ead_s2:2026Q2
CAL-B-C03-1,calibration,c10,97638.81999999996,"SAR 97,639 million",SAR million,ead_s2,FALSE,artifact_cell,SUPPORTED_CORRECT,R:sector=Chemicals:ead_s2:2026Q2
CAL-B-C03-1,calibration,c11,96312.14000000001,"SAR 96,312 million",SAR million,ead_s2,FALSE,artifact_cell,SUPPORTED_CORRECT,R:sector=Healthcare:ead_s2:2026Q2
CAL-B-C03-1,calibration,c12,92096.88000000002,"SAR 92,097 million",SAR million,ead_s2,FALSE,artifact_cell,SUPPORTED_CORRECT,R:sector=Telecommunications:ead_s2:2026Q2
CAL-B-C03-1,calibration,c13,53934.46999999998,"SAR 53,934 million",SAR million,ead_s2,FALSE,artifact_cell,SUPPORTED_CORRECT,R:sector=Power and Utilities:ead_s2:2026Q2
CAL-B-R03-2,calibration,c0,16648.92203999996,"SAR 16,649 million",SAR million,ead,FALSE,artifact_cell,SUPPORTED_CORRECT,R:product=Mortgage:ead:2026-08
CAL-B-R03-2,calibration,c1,1796.9443000000022,"SAR 1,797 million",SAR million,ead,FALSE,artifact_cell,SUPPORTED_CORRECT,R:product=Personal Finance:ead:2026-08
CAL-B-R03-2,calibration,c2,740.8253000000019,SAR 741 million,SAR million,ead,FALSE,artifact_cell,SUPPORTED_CORRECT,R:product=Auto Finance:ead:2026-08
CAL-B-R03-2,calibration,c3,513.1842799999981,SAR 513 million,SAR million,ead,FALSE,artifact_cell,SUPPORTED_CORRECT,R:product=Credit Card:ead:2026-08
CAL-B-R03-2,calibration,c4,38.95622000000003,SAR 39 million,SAR million,ead,FALSE,artifact_cell,SUPPORTED_CORRECT,R:product=Buy Now Pay Later:ead:2026-08
CAL-C-C02,calibration,c0,1869524.5800000022,"SAR 1,869,525 million",SAR million,ead_latest,FALSE,artifact_cell,SUPPORTED_CORRECT,R:sector=Construction:ead:latest:2026Q2
CAL-C-C02,calibration,c1,1815327.55,"SAR 1,815,328 million",SAR million,ead_base,FALSE,artifact_cell,SUPPORTED_CORRECT,R:sector=Construction:ead:base:2026Q1
CAL-C-C02,calibration,c2,54197.03000000212,"SAR 54,197 million",SAR million,ead_abs_change,FALSE,artifact_cell,SUPPORTED_CORRECT,R:sector=Construction:ead:abs_change:2026Q2 vs 2026Q1
CAL-C-C02,calibration,c3,0.02985523466550272,0.03x,ratio,ead_pct_change,FALSE,artifact_cell,SUPPORTED_CORRECT,R:sector=Construction:ead:pct_change:2026Q2 vs 2026Q1
CAL-C-C02,calibration,c4,1114146.0300000017,"SAR 1,114,146 million",SAR million,ead_latest,FALSE,artifact_cell,SUPPORTED_CORRECT,R:sector=Hospitality:ead:latest:2026Q2
CAL-C-C02,calibration,c5,1088828.3,"SAR 1,088,828 million",SAR million,ead_base,FALSE,artifact_cell,SUPPORTED_CORRECT,R:sector=Hospitality:ead:base:2026Q1
CAL-C-C02,calibration,c6,25317.73000000161,"SAR 25,318 million",SAR million,ead_abs_change,FALSE,artifact_cell,SUPPORTED_CORRECT,R:sector=Hospitality:ead:abs_change:2026Q2 vs 2026Q1
CAL-C-C02,calibration,c7,0.023252270353371244,0.02x,ratio,ead_pct_change,FALSE,artifact_cell,SUPPORTED_CORRECT,R:sector=Hospitality:ead:pct_change:2026Q2 vs 2026Q1
CAL-C-C02,calibration,c8,1345476.2599999965,"SAR 1,345,476 million",SAR million,ead_latest,FALSE,artifact_cell,SUPPORTED_CORRECT,R:sector=Manufacturing:ead:latest:2026Q2
CAL-C-C02,calibration,c9,1310941.7699999986,"SAR 1,310,942 million",SAR million,ead_base,FALSE,artifact_cell,SUPPORTED_CORRECT,R:sector=Manufacturing:ead:base:2026Q1
CAL-C-C02,calibration,c10,34534.489999997895,"SAR 34,534 million",SAR million,ead_abs_change,FALSE,artifact_cell,SUPPORTED_CORRECT,R:sector=Manufacturing:ead:abs_change:2026Q2 vs 2026Q1
CAL-C-C02,calibration,c11,0.026343267710508555,0.03x,ratio,ead_pct_change,FALSE,artifact_cell,SUPPORTED_CORRECT,R:sector=Manufacturing:ead:pct_change:2026Q2 vs 2026Q1
CAL-C-C02,calibration,c12,1614126.7599999986,"SAR 1,614,127 million",SAR million,ead_latest,FALSE,artifact_cell,SUPPORTED_CORRECT,R:sector=Real Estate:ead:latest:2026Q2
CAL-C-C02,calibration,c13,1576768.11,"SAR 1,576,768 million",SAR million,ead_base,FALSE,artifact_cell,SUPPORTED_CORRECT,R:sector=Real Estate:ead:base:2026Q1
CAL-C-C02,calibration,c14,37358.64999999851,"SAR 37,359 million",SAR million,ead_abs_change,FALSE,artifact_cell,SUPPORTED_CORRECT,R:sector=Real Estate:ead:abs_change:2026Q2 vs 2026Q1
CAL-C-C02,calibration,c15,0.023693179588721202,0.02x,ratio,ead_pct_change,FALSE,artifact_cell,SUPPORTED_CORRECT,R:sector=Real Estate:ead:pct_change:2026Q2 vs 2026Q1
CAL-C-C02,calibration,c16,1139204.049999999,"SAR 1,139,204 million",SAR million,ead_latest,FALSE,artifact_cell,SUPPORTED_CORRECT,R:sector=Transport and Logistics:ead:latest:2026Q2
CAL-C-C02,calibration,c17,1120067.8199999984,"SAR 1,120,068 million",SAR million,ead_base,FALSE,artifact_cell,SUPPORTED_CORRECT,R:sector=Transport and Logistics:ead:base:2026Q1
CAL-C-C02,calibration,c18,19136.23000000068,"SAR 19,136 million",SAR million,ead_abs_change,FALSE,artifact_cell,SUPPORTED_CORRECT,R:sector=Transport and Logistics:ead:abs_change:2026Q2 vs 2026Q1
CAL-C-C02,calibration,c19,0.017084885092048002,0.02x,ratio,ead_pct_change,FALSE,artifact_cell,SUPPORTED_CORRECT,R:sector=Transport and Logistics:ead:pct_change:2026Q2 vs 2026Q1
CAL-C-R06,calibration,c0,19.189461999999807,SAR 19 million,SAR million,total_abs_change,FALSE,artifact_cell,SUPPORTED_CORRECT,R:total:ecl:abs_change
CAL-C-R06,calibration,c1,7.189680999999837,SAR 7 million,SAR million,ecl_abs_change,FALSE,artifact_cell,SUPPORTED_CORRECT,R:product=Mortgage:ecl:abs_change:2026-08 vs 2026-07
CAL-C-R06,calibration,c2,6.487052999999825,SAR 6 million,SAR million,ecl_abs_change,FALSE,artifact_cell,SUPPORTED_CORRECT,R:product=Credit Card:ecl:abs_change:2026-08 vs 2026-07
CAL-C-R06,calibration,c3,3.9800900000001747,SAR 4 million,SAR million,ecl_abs_change,FALSE,artifact_cell,SUPPORTED_CORRECT,R:product=Personal Finance:ecl:abs_change:2026-08 vs 2026-07
CAL-C-R06,calibration,c4,0.9871850000000062,SAR 1 million,SAR million,ecl_abs_change,FALSE,artifact_cell,SUPPORTED_CORRECT,R:product=Buy Now Pay Later:ecl:abs_change:2026-08 vs 2026-07
CAL-C-R06,calibration,c5,0.5454529999999664,SAR 1 million,SAR million,ecl_abs_change,FALSE,artifact_cell,SUPPORTED_CORRECT,R:product=Auto Finance:ecl:abs_change:2026-08 vs 2026-07
CAL-D-TD04-1,calibration,c0,16648.92203999996,"SAR 16,649 million",SAR million,ead,FALSE,artifact_cell,SUPPORTED_CORRECT,R:product=Mortgage:ead:2026-08
CAL-D-TD04-1,calibration,c1,1796.9443000000022,"SAR 1,797 million",SAR million,ead,FALSE,artifact_cell,SUPPORTED_CORRECT,R:product=Personal Finance:ead:2026-08
CAL-D-TD04-1,calibration,c2,740.8253000000019,SAR 741 million,SAR million,ead,FALSE,artifact_cell,SUPPORTED_CORRECT,R:product=Auto Finance:ead:2026-08
CAL-D-TD04-1,calibration,c3,513.1842799999981,SAR 513 million,SAR million,ead,FALSE,artifact_cell,SUPPORTED_CORRECT,R:product=Credit Card:ead:2026-08
CAL-D-TD04-1,calibration,c4,38.95622000000003,SAR 39 million,SAR million,ead,FALSE,artifact_cell,SUPPORTED_CORRECT,R:product=Buy Now Pay Later:ead:2026-08
CAL-D-TD04-2,calibration,c0,16648.92203999996,"SAR 16,649 million",SAR million,ead,FALSE,artifact_cell,SUPPORTED_CORRECT,R:product=Mortgage:ead:2026-08
CAL-D-TD04-2,calibration,c1,740.8253000000019,SAR 741 million,SAR million,ead,FALSE,artifact_cell,SUPPORTED_CORRECT,R:product=Auto Finance:ead:2026-08
