case_id,phase,fact_id,key,metric,part,period,expected,status,matched_value,matched_ref,distractor_reason
A-C01,core,R:total:ead:2026Q2,{},ead,value,2026Q2,15370014.18,PUBLISHED_EXACT,15370014.180000028,c0,
A-C02,core,R:total:ead_s2:2026Q2,{},ead_s2,value,2026Q2,4198013.49,PUBLISHED_EXACT,4198013.49,c0,
A-C03,core,R:total:ead_s3:2026Q2,{},ead_s3,value,2026Q2,1252521.72,PUBLISHED_EXACT,1252521.7199999997,c0,
A-C04,core,R:total:ead_s1:2026Q2,{},ead_s1,value,2026Q2,9919478.97,PUBLISHED_EXACT,9919478.970000017,c0,
A-C05,core,R:total:ecl:2026Q2,{},ecl,value,2026Q2,779475.3499,PUBLISHED_EXACT,779475.349899997,c0,
A-C06,core,R:stage=1:ead:2026Q2,"{""stage"": ""1""}",ead,value,2026Q2,9919478.97,PUBLISHED_EXACT,9919478.970000017,c0,
A-C06,core,R:stage=2:ead:2026Q2,"{""stage"": ""2""}",ead,value,2026Q2,4198013.49,PUBLISHED_EXACT,4198013.49,c1,
A-C06,core,R:stage=3:ead:2026Q2,"{""stage"": ""3""}",ead,value,2026Q2,1252521.72,PUBLISHED_EXACT,1252521.7199999997,c2,
A-C07,core,R:sector=Construction:ead_s2:2026Q2,"{""sector"": ""Construction""}",ead_s2,value,2026Q2,1016613.64,PUBLISHED_EXACT,1016613.6399999993,c0,
A-C07,core,R:sector=Real Estate:ead_s2:2026Q2,"{""sector"": ""Real Estate""}",ead_s2,value,2026Q2,830809.33,PUBLISHED_EXACT,830809.330000001,c1,
A-C07,core,R:sector=Hospitality:ead_s2:2026Q2,"{""sector"": ""Hospitality""}",ead_s2,value,2026Q2,448103.25,PUBLISHED_EXACT,448103.25,c2,
A-C07,core,R:sector=Retail Trade:ead_s2:2026Q2,"{""sector"": ""Retail Trade""}",ead_s2,value,2026Q2,444209.84,PUBLISHED_EXACT,444209.83999999997,c3,
A-C07,core,R:sector=Manufacturing:ead_s2:2026Q2,"{""sector"": ""Manufacturing""}",ead_s2,value,2026Q2,300040.69,PUBLISHED_EXACT,300040.6899999999,c4,
A-C07,core,R:sector=Transport and Logistics:ead_s2:2026Q2,"{""sector"": ""Transport and Logistics""}",ead_s2,value,2026Q2,260060.51,PUBLISHED_EXACT,260060.50999999998,c5,
A-C07,core,R:sector=Agriculture and Agri-processing:ead_s2:2026Q2,"{""sector"": ""Agriculture and Agri-processing""}",ead_s2,value,2026Q2,182535.55,PUBLISHED_EXACT,182535.55000000005,c6,
A-C07,core,R:sector=Wholesale Trade:ead_s2:2026Q2,"{""sector"": ""Wholesale Trade""}",ead_s2,value,2026Q2,141124.12,PUBLISHED_EXACT,141124.11999999997,c7,
A-C07,core,R:sector=Metals and Mining:ead_s2:2026Q2,"{""sector"": ""Metals and Mining""}",ead_s2,value,2026Q2,134516.96,PUBLISHED_EXACT,134516.96000000002,c8,
A-C07,core,R:sector=Information Technology:ead_s2:2026Q2,"{""sector"": ""Information Technology""}",ead_s2,value,2026Q2,100017.29,PUBLISHED_EXACT,100017.29,c9,
A-C07,core,R:sector=Chemicals:ead_s2:2026Q2,"{""sector"": ""Chemicals""}",ead_s2,value,2026Q2,97638.82,PUBLISHED_EXACT,97638.81999999996,c10,
A-C07,core,R:sector=Healthcare:ead_s2:2026Q2,"{""sector"": ""Healthcare""}",ead_s2,value,2026Q2,96312.14,PUBLISHED_EXACT,96312.14000000001,c11,
A-C07,core,R:sector=Telecommunications:ead_s2:2026Q2,"{""sector"": ""Telecommunications""}",ead_s2,value,2026Q2,92096.88,PUBLISHED_EXACT,92096.88000000002,c12,
A-C07,core,R:sector=Power and Utilities:ead_s2:2026Q2,"{""sector"": ""Power and Utilities""}",ead_s2,value,2026Q2,53934.47,PUBLISHED_EXACT,53934.46999999998,c13,
A-C08,core,R:sector=Construction:ead:2026Q2,"{""sector"": ""Construction""}",ead,value,2026Q2,1869524.58,PUBLISHED_EXACT,1869524.5800000012,c0,
A-C08,core,R:sector=Real Estate:ead:2026Q2,"{""sector"": ""Real Estate""}",ead,value,2026Q2,1614126.76,PUBLISHED_EXACT,1614126.7599999988,c1,
A-C08,core,R:sector=Manufacturing:ead:2026Q2,"{""sector"": ""Manufacturing""}",ead,value,2026Q2,1345476.26,PUBLISHED_EXACT,1345476.259999997,c2,
A-C08,core,R:sector=Transport and Logistics:ead:2026Q2,"{""sector"": ""Transport and Logistics""}",ead,value,2026Q2,1139204.05,PUBLISHED_EXACT,1139204.0499999986,c3,
A-C08,core,R:sector=Hospitality:ead:2026Q2,"{""sector"": ""Hospitality""}",ead,value,2026Q2,1114146.03,PUBLISHED_EXACT,1114146.0300000005,c4,
A-C08,core,R:sector=Retail Trade:ead:2026Q2,"{""sector"": ""Retail Trade""}",ead,value,2026Q2,1084802.61,PUBLISHED_EXACT,1084802.6099999985,c5,
A-C08,core,R:sector=Chemicals:ead:2026Q2,"{""sector"": ""Chemicals""}",ead,value,2026Q2,1044725.42,PUBLISHED_EXACT,1044725.419999999,c6,
A-C08,core,R:sector=Wholesale Trade:ead:2026Q2,"{""sector"": ""Wholesale Trade""}",ead,value,2026Q2,967189.97,PUBLISHED_EXACT,967189.9700000006,c7,
A-C08,core,R:sector=Information Technology:ead:2026Q2,"{""sector"": ""Information Technology""}",ead,value,2026Q2,960477.91,PUBLISHED_EXACT,960477.909999999,c8,
A-C08,core,R:sector=Power and Utilities:ead:2026Q2,"{""sector"": ""Power and Utilities""}",ead,value,2026Q2,948211.23,PUBLISHED_EXACT,948211.2299999989,c9,
A-C08,core,R:sector=Healthcare:ead:2026Q2,"{""sector"": ""Healthcare""}",ead,value,2026Q2,938348.6,PUBLISHED_EXACT,938348.6000000003,c10,
A-C08,core,R:sector=Agriculture and Agri-processing:ead:2026Q2,"{""sector"": ""Agriculture and Agri-processing""}",ead,value,2026Q2,895138.3,PUBLISHED_EXACT,895138.3000000005,c11,
A-C08,core,R:sector=Metals and Mining:ead:2026Q2,"{""sector"": ""Metals and Mining""}",ead,value,2026Q2,763418.88,PUBLISHED_EXACT,763418.8799999993,c12,
A-C08,core,R:sector=Telecommunications:ead:2026Q2,"{""sector"": ""Telecommunications""}",ead,value,2026Q2,685223.58,PUBLISHED_EXACT,685223.5799999989,c13,
A-C08,core,RANKING,,,,,"[{""sector"": ""Construction""}, {""sector"": ""Real Estate""}, {""sector"": ""Manufacturing""}, {""sector"": ""Transport and Logistics""}, {""sector"": ""Hospitality""}, {""sector"": ""Retail Trade""}, {""sector"": ""Chemicals""}, {""sector"": ""Wholesale Trade""}, {""sector"": ""Information Technology""}, {""sector"": ""Power and Utilities""}, {""sector"": ""Healthcare""}, {""sector"": ""Agriculture and Agri-processing""}, {""sector"": ""Metals and Mining""}, {""sector"": ""Telecommunications""}]",OK,"[{""sector"": ""Construction""}, {""sector"": ""Real Estate""}, {""sector"": ""Manufacturing""}, {""sector"": ""Transport and Logistics""}, {""sector"": ""Hospitality""}, {""sector"": ""Retail Trade""}, {""sector"": ""Chemicals""}, {""sector"": ""Wholesale Trade""}, {""sector"": ""Information Technology""}, {""sector"": ""Power and Utilities""}, {""sector"": ""Healthcare""}, {""sector"": ""Agriculture and Agri-processing""}, {""sector"": ""Metals and Mining""}, {""sector"": ""Telecommunications""}]",,
A-C09,core,R:sector=Construction:ecl:2026Q2,"{""sector"": ""Construction""}",ecl,value,2026Q2,275511.7424,PUBLISHED_EXACT,275511.74239999935,c0,
A-C09,core,R:sector=Real Estate:ecl:2026Q2,"{""sector"": ""Real Estate""}",ecl,value,2026Q2,185429.6386,PUBLISHED_EXACT,185429.63859999974,c1,
A-C09,core,R:sector=Hospitality:ecl:2026Q2,"{""sector"": ""Hospitality""}",ecl,value,2026Q2,58920.0258,PUBLISHED_EXACT,58920.025799999945,c2,
A-C09,core,R:sector=Retail Trade:ecl:2026Q2,"{""sector"": ""Retail Trade""}",ecl,value,2026Q2,50052.1579,PUBLISHED_EXACT,50052.15790000002,c3,
A-C09,core,R:sector=Transport and Logistics:ecl:2026Q2,"{""sector"": ""Transport and Logistics""}",ecl,value,2026Q2,39188.2542,PUBLISHED_EXACT,39188.25420000007,c4,
A-C09,core,RANKING,,,,,"[{""sector"": ""Construction""}, {""sector"": ""Real Estate""}, {""sector"": ""Hospitality""}, {""sector"": ""Retail Trade""}, {""sector"": ""Transport and Logistics""}]",OK,"[{""sector"": ""Construction""}, {""sector"": ""Real Estate""}, {""sector"": ""Hospitality""}, {""sector"": ""Retail Trade""}, {""sector"": ""Transport and Logistics""}]",,
A-C10,core,R:sector=Power and Utilities:ead_s3:2026Q2,"{""sector"": ""Power and Utilities""}",ead_s3,value,2026Q2,12938.51,PUBLISHED_EXACT,12938.509999999997,c0,
A-C10,core,R:sector=Information Technology:ead_s3:2026Q2,"{""sector"": ""Information Technology""}",ead_s3,value,2026Q2,13259.33,PUBLISHED_EXACT,13259.330000000005,c1,
A-C10,core,R:sector=Telecommunications:ead_s3:2026Q2,"{""sector"": ""Telecommunications""}",ead_s3,value,2026Q2,14786.74,PUBLISHED_EXACT,14786.740000000003,c2,
A-C10,core,RANKING,,,,,"[{""sector"": ""Power and Utilities""}, {""sector"": ""Information Technology""}, {""sector"": ""Telecommunications""}]",OK,"[{""sector"": ""Power and Utilities""}, {""sector"": ""Information Technology""}, {""sector"": ""Telecommunications""}]",,
A-C11,core,R:region=Eastern Province:ead:2026Q2,"{""region"": ""Eastern Province""}",ead,value,2026Q2,3672296.86,PUBLISHED_EXACT,3672296.8600000003,c0,
A-C11,core,R:region=Riyadh:ead:2026Q2,"{""region"": ""Riyadh""}",ead,value,2026Q2,3602758.55,PUBLISHED_EXACT,3602758.5500000017,c1,
A-C11,core,R:region=Makkah:ead:2026Q2,"{""region"": ""Makkah""}",ead,value,2026Q2,2718546.13,PUBLISHED_EXACT,2718546.130000003,c2,
A-C11,core,R:region=Madinah:ead:2026Q2,"{""region"": ""Madinah""}",ead,value,2026Q2,1538066.73,PUBLISHED_EXACT,1538066.730000001,c3,
A-C11,core,R:region=Qassim:ead:2026Q2,"{""region"": ""Qassim""}",ead,value,2026Q2,1036610.71,PUBLISHED_EXACT,1036610.7099999988,c4,
A-C11,core,R:region=Hail:ead:2026Q2,"{""region"": ""Hail""}",ead,value,2026Q2,766866.74,PUBLISHED_EXACT,766866.74,c5,
A-C11,core,R:region=Asir:ead:2026Q2,"{""region"": ""Asir""}",ead,value,2026Q2,760991.51,PUBLISHED_EXACT,760991.5100000006,c6,
A-C11,core,R:region=Tabuk:ead:2026Q2,"{""region"": ""Tabuk""}",ead,value,2026Q2,521424.97,PUBLISHED_EXACT,521424.9699999998,c7,
A-C11,core,R:region=Northern Borders:ead:2026Q2,"{""region"": ""Northern Borders""}",ead,value,2026Q2,492210.87,PUBLISHED_EXACT,492210.8699999997,c8,
A-C11,core,R:region=Najran:ead:2026Q2,"{""region"": ""Najran""}",ead,value,2026Q2,260241.11,PUBLISHED_EXACT,260241.10999999996,c9,
A-C12,core,R:total:coverage:2026Q2,{},coverage,value,2026Q2,0.05071402933,PUBLISHED_EXACT,0.05071402932824071,c0,
A-C13,core,R:total:s2_share:2026Q2,{},s2_share,value,2026Q2,0.2731300987,PUBLISHED_EXACT,0.2731300986997523,c0,
A-C14,core,R:sector=Construction:s2_share:2026Q2,"{""sector"": ""Construction""}",s2_share,value,2026Q2,0.5437819063,PUBLISHED_EXACT,0.5437819063068957,c0,
A-C14,core,R:sector=Real Estate:s2_share:2026Q2,"{""sector"": ""Real Estate""}",s2_share,value,2026Q2,0.5147113291,PUBLISHED_EXACT,0.5147113291151939,c1,
A-C14,core,R:sector=Retail Trade:s2_share:2026Q2,"{""sector"": ""Retail Trade""}",s2_share,value,2026Q2,0.4094844868,PUBLISHED_EXACT,0.40948448676759786,c2,
A-C14,core,R:sector=Hospitality:s2_share:2026Q2,"{""sector"": ""Hospitality""}",s2_share,value,2026Q2,0.4021943605,PUBLISHED_EXACT,0.4021943604645791,c3,
A-C14,core,R:sector=Transport and Logistics:s2_share:2026Q2,"{""sector"": ""Transport and Logistics""}",s2_share,value,2026Q2,0.2282826417,PUBLISHED_EXACT,0.22828264172691476,c4,
A-C14,core,R:sector=Manufacturing:s2_share:2026Q2,"{""sector"": ""Manufacturing""}",s2_share,value,2026Q2,0.2229996165,PUBLISHED_EXACT,0.22299961650754102,c5,
A-C14,core,R:sector=Agriculture and Agri-processing:s2_share:2026Q2,"{""sector"": ""Agriculture and Agri-processing""}",s2_share,value,2026Q2,0.2039188246,PUBLISHED_EXACT,0.20391882461067742,c6,
A-C14,core,R:sector=Metals and Mining:s2_share:2026Q2,"{""sector"": ""Metals and Mining""}",s2_share,value,2026Q2,0.1762033446,PUBLISHED_EXACT,0.1762033446173091,c7,
A-C14,core,R:sector=Wholesale Trade:s2_share:2026Q2,"{""sector"": ""Wholesale Trade""}",s2_share,value,2026Q2,0.14591148,PUBLISHED_EXACT,0.14591148003737042,c8,
A-C14,core,R:sector=Telecommunications:s2_share:2026Q2,"{""sector"": ""Telecommunications""}",s2_share,value,2026Q2,0.1344041313,PUBLISHED_EXACT,0.13440413127639328,c9,
A-C14,core,R:sector=Information Technology:s2_share:2026Q2,"{""sector"": ""Information Technology""}",s2_share,value,2026Q2,0.1041328374,PUBLISHED_EXACT,0.10413283737051288,c10,
A-C14,core,R:sector=Healthcare:s2_share:2026Q2,"{""sector"": ""Healthcare""}",s2_share,value,2026Q2,0.1026400423,PUBLISHED_EXACT,0.10264004230410743,c11,
A-C14,core,R:sector=Chemicals:s2_share:2026Q2,"{""sector"": ""Chemicals""}",s2_share,value,2026Q2,0.09345883438,PUBLISHED_EXACT,0.09345883437965935,c12,
A-C14,core,R:sector=Power and Utilities:s2_share:2026Q2,"{""sector"": ""Power and Utilities""}",s2_share,value,2026Q2,0.05688022699,PUBLISHED_EXACT,0.056880226993304056,c13,
A-C15,core,R:total:ead:2026Q1,{},ead,value,2026Q1,15041509.34,PUBLISHED_EXACT,15041509.339999994,c0,
A-C16,core,R:total:ead_s2:abs_change:2026Q2 vs 2026Q1,{},ead_s2,abs_change,2026Q2 vs 2026Q1,148751.11000000034,PUBLISHED_EXACT,148751.1100000213,c0,
A-C17,core,R:sector=Agriculture and Agri-processing:ead:abs_change:2026Q2 vs 2026Q1,"{""sector"": ""Agriculture and Agri-processing""}",ead,abs_change,2026Q2 vs 2026Q1,18999.530000000028,PUBLISHED_EXACT,18999.53000000096,c0,
A-C17,core,R:sector=Chemicals:ead:abs_change:2026Q2 vs 2026Q1,"{""sector"": ""Chemicals""}",ead,abs_change,2026Q2 vs 2026Q1,24740.369999999995,PUBLISHED_EXACT,24740.36999999825,c1,
A-C17,core,R:sector=Construction:ead:abs_change:2026Q2 vs 2026Q1,"{""sector"": ""Construction""}",ead,abs_change,2026Q2 vs 2026Q1,54197.03000000003,PUBLISHED_EXACT,54197.03000000119,c2,
A-C17,core,R:sector=Healthcare:ead:abs_change:2026Q2 vs 2026Q1,"{""sector"": ""Healthcare""}",ead,abs_change,2026Q2 vs 2026Q1,15835.640000000014,PUBLISHED_EXACT,15835.639999999548,c3,
A-C17,core,R:sector=Hospitality:ead:abs_change:2026Q2 vs 2026Q1,"{""sector"": ""Hospitality""}",ead,abs_change,2026Q2 vs 2026Q1,25317.72999999998,PUBLISHED_EXACT,25317.730000000447,c4,
A-C17,core,R:sector=Information Technology:ead:abs_change:2026Q2 vs 2026Q1,"{""sector"": ""Information Technology""}",ead,abs_change,2026Q2 vs 2026Q1,13880.390000000014,PUBLISHED_EXACT,13880.390000000363,c5,
A-C17,core,R:sector=Manufacturing:ead:abs_change:2026Q2 vs 2026Q1,"{""sector"": ""Manufacturing""}",ead,abs_change,2026Q2 vs 2026Q1,34534.48999999999,PUBLISHED_EXACT,34534.48999999836,c6,
A-C17,core,R:sector=Metals and Mining:ead:abs_change:2026Q2 vs 2026Q1,"{""sector"": ""Metals and Mining""}",ead,abs_change,2026Q2 vs 2026Q1,12615.630000000005,PUBLISHED_EXACT,12615.629999998491,c7,
A-C17,core,R:sector=Power and Utilities:ead:abs_change:2026Q2 vs 2026Q1,"{""sector"": ""Power and Utilities""}",ead,abs_change,2026Q2 vs 2026Q1,13276.54999999993,PUBLISHED_EXACT,13276.549999999232,c8,
A-C17,core,R:sector=Real Estate:ead:abs_change:2026Q2 vs 2026Q1,"{""sector"": ""Real Estate""}",ead,abs_change,2026Q2 vs 2026Q1,37358.64999999991,PUBLISHED_EXACT,37358.64999999874,c9,
A-C17,core,R:sector=Retail Trade:ead:abs_change:2026Q2 vs 2026Q1,"{""sector"": ""Retail Trade""}",ead,abs_change,2026Q2 vs 2026Q1,22320.980000000214,PUBLISHED_EXACT,22320.979999999516,c10,
A-C17,core,R:sector=Telecommunications:ead:abs_change:2026Q2 vs 2026Q1,"{""sector"": ""Telecommunications""}",ead,abs_change,2026Q2 vs 2026Q1,15350.069999999949,PUBLISHED_EXACT,15350.069999998435,c11,
A-C17,core,R:sector=Transport and Logistics:ead:abs_change:2026Q2 vs 2026Q1,"{""sector"": ""Transport and Logistics""}",ead,abs_change,2026Q2 vs 2026Q1,19136.22999999998,PUBLISHED_EXACT,19136.230000000214,c12,
A-C17,core,R:sector=Wholesale Trade:ead:abs_change:2026Q2 vs 2026Q1,"{""sector"": ""Wholesale Trade""}",ead,abs_change,2026Q2 vs 2026Q1,20941.54999999993,PUBLISHED_EXACT,20941.550000001444,c13,
A-C18,core,R:total:pd_w:2026Q2,{},pd_w,value,2026Q2,0.09275806044,PUBLISHED_EXACT,0.09275806044284704,c0,
A-C19,core,R:sector=Construction:lgd_w:2026Q2,"{""sector"": ""Construction""}",lgd_w,value,2026Q2,48.05632436,PUBLISHED_EXACT,48.056324356040285,c0,
A-C19,core,R:sector=Real Estate:lgd_w:2026Q2,"{""sector"": ""Real Estate""}",lgd_w,value,2026Q2,47.23662175,PUBLISHED_EXACT,47.23662175004774,c1,
A-C19,core,R:sector=Hospitality:lgd_w:2026Q2,"{""sector"": ""Hospitality""}",lgd_w,value,2026Q2,45.25245389,PUBLISHED_EXACT,45.25245389453116,c2,
A-C19,core,R:sector=Retail Trade:lgd_w:2026Q2,"{""sector"": ""Retail Trade""}",lgd_w,value,2026Q2,44.70980284,PUBLISHED_EXACT,44.70980283699727,c3,
A-C19,core,R:sector=Manufacturing:lgd_w:2026Q2,"{""sector"": ""Manufacturing""}",lgd_w,value,2026Q2,43.20240436,PUBLISHED_EXACT,43.20240435855784,c4,
A-C19,core,R:sector=Transport and Logistics:lgd_w:2026Q2,"{""sector"": ""Transport and Logistics""}",lgd_w,value,2026Q2,43.10346576,PUBLISHED_EXACT,43.103465763653226,c5,
A-C19,core,R:sector=Agriculture and Agri-processing:lgd_w:2026Q2,"{""sector"": ""Agriculture and Agri-processing""}",lgd_w,value,2026Q2,42.56714595,PUBLISHED_EXACT,42.56714594835231,c6,
A-C19,core,R:sector=Telecommunications:lgd_w:2026Q2,"{""sector"": ""Telecommunications""}",lgd_w,value,2026Q2,42.37301462,PUBLISHED_EXACT,42.37301462245368,c7,
A-C19,core,R:sector=Wholesale Trade:lgd_w:2026Q2,"{""sector"": ""Wholesale Trade""}",lgd_w,value,2026Q2,42.29443261,PUBLISHED_EXACT,42.294432614360055,c8,
A-C19,core,R:sector=Metals and Mining:lgd_w:2026Q2,"{""sector"": ""Metals and Mining""}",lgd_w,value,2026Q2,41.94866869,PUBLISHED_EXACT,41.94866869350942,c9,
A-C19,core,R:sector=Healthcare:lgd_w:2026Q2,"{""sector"": ""Healthcare""}",lgd_w,value,2026Q2,41.40756266,PUBLISHED_EXACT,41.40756265825937,c10,
A-C19,core,R:sector=Chemicals:lgd_w:2026Q2,"{""sector"": ""Chemicals""}",lgd_w,value,2026Q2,41.28845676,PUBLISHED_EXACT,41.28845675576651,c11,
A-C19,core,R:sector=Information Technology:lgd_w:2026Q2,"{""sector"": ""Information Technology""}",lgd_w,value,2026Q2,40.57761715,PUBLISHED_EXACT,40.577617145989294,c12,
A-C19,core,R:sector=Power and Utilities:lgd_w:2026Q2,"{""sector"": ""Power and Utilities""}",lgd_w,value,2026Q2,40.17055359,PUBLISHED_EXACT,40.17055358644085,c13,
A-C20,core,R:total:dpd90_ead:2026Q2,{},dpd90_ead,value,2026Q2,705555.93,PUBLISHED_EXACT,705555.93,c0,
A-C21,core,R:product_type=project_finance:ecl:2026Q2,"{""product_type"": ""project_finance""}",ecl,value,2026Q2,143665.5909,PUBLISHED_EXACT,143665.59090000004,c0,
A-C21,core,R:product_type=term_loan:ecl:2026Q2,"{""product_type"": ""term_loan""}",ecl,value,2026Q2,137328.3135,PUBLISHED_EXACT,137328.31350000005,c1,
A-C21,core,R:product_type=working_capital:ecl:2026Q2,"{""product_type"": ""working_capital""}",ecl,value,2026Q2,125611.8753,PUBLISHED_EXACT,125611.87530000013,c2,
A-C21,core,R:product_type=supply_chain_finance:ecl:2026Q2,"{""product_type"": ""supply_chain_finance""}",ecl,value,2026Q2,89900.8456,PUBLISHED_EXACT,89900.8456000001,c3,
A-C21,core,R:product_type=trade_finance:ecl:2026Q2,"{""product_type"": ""trade_finance""}",ecl,value,2026Q2,86805.5122,PUBLISHED_EXACT,86805.51219999988,c4,
A-C21,core,R:product_type=revolving_credit:ecl:2026Q2,"{""product_type"": ""revolving_credit""}",ecl,value,2026Q2,82819.6659,PUBLISHED_EXACT,82819.66589999999,c5,
A-C21,core,R:product_type=asset_finance:ecl:2026Q2,"{""product_type"": ""asset_finance""}",ecl,value,2026Q2,58901.1023,PUBLISHED_EXACT,58901.102299999955,c6,
A-C21,core,R:product_type=overdraft:ecl:2026Q2,"{""product_type"": ""overdraft""}",ecl,value,2026Q2,54442.4442,PUBLISHED_EXACT,54442.444200000005,c7,
A-C22,core,R:borrower_name=Rawabi Industrial Works:ead,"{""borrower_name"": ""Rawabi Industrial Works""}",ead,value,2026Q2,14432.08,PUBLISHED_EXACT,14432.08,c0,
A-C22,core,R:borrower_name=Najd Manufacturing:ead,"{""borrower_name"": ""Najd Manufacturing""}",ead,value,2026Q2,11550.9,PUBLISHED_EXACT,11550.900000000001,c1,
A-C22,core,R:borrower_name=Tuwaiq Construction:ead,"{""borrower_name"": ""Tuwaiq Construction""}",ead,value,2026Q2,10728.23,PUBLISHED_EXACT,10728.23,c2,
A-C22,core,R:borrower_name=Gulf Horizon Trading:ead,"{""borrower_name"": ""Gulf Horizon Trading""}",ead,value,2026Q2,8176.72,PUBLISHED_EXACT,8176.719999999999,c3,
A-C22,core,R:borrower_name=Al Rawdah Real Estate:ead,"{""borrower_name"": ""Al Rawdah Real Estate""}",ead,value,2026Q2,7329.26,PUBLISHED_EXACT,7329.26,c4,
A-C22,core,R:borrower_name=Taif Western Properties:ead,"{""borrower_name"": ""Taif Western Properties""}",ead,value,2026Q2,6825.91,PUBLISHED_EXACT,6825.910000000001,c5,
A-C22,core,R:borrower_name=Arar National Medical:ead,"{""borrower_name"": ""Arar National Medical""}",ead,value,2026Q2,6623.97,PUBLISHED_EXACT,6623.97,c6,
A-C22,core,R:borrower_name=Arar Eastern Hospitality:ead,"{""borrower_name"": ""Arar Eastern Hospitality""}",ead,value,2026Q2,6576.0,PUBLISHED_EXACT,6576.0,c7,
A-C22,core,R:borrower_name=Al Kharj United Engineering:ead,"{""borrower_name"": ""Al Kharj United Engineering""}",ead,value,2026Q2,6571.01,PUBLISHED_EXACT,6571.010000000001,c8,
A-C22,core,R:borrower_name=Khamis Mushait Prime Telecom:ead,"{""borrower_name"": ""Khamis Mushait Prime Telecom""}",ead,value,2026Q2,6514.38,PUBLISHED_EXACT,6514.379999999999,c9,
A-C22,core,RANKING,,,,,"[{""borrower_name"": ""Rawabi Industrial Works""}, {""borrower_name"": ""Najd Manufacturing""}, {""borrower_name"": ""Tuwaiq Construction""}, {""borrower_name"": ""Gulf Horizon Trading""}, {""borrower_name"": ""Al Rawdah Real Estate""}, {""borrower_name"": ""Taif Western Properties""}, {""borrower_name"": ""Arar National Medical""}, {""borrower_name"": ""Arar Eastern Hospitality""}, {""borrower_name"": ""Al Kharj United Engineering""}, {""borrower_name"": ""Khamis Mushait Prime Telecom""}]",OK,"[{""borrower_name"": ""Rawabi Industrial Works""}, {""borrower_name"": ""Najd Manufacturing""}, {""borrower_name"": ""Tuwaiq Construction""}, {""borrower_name"": ""Gulf Horizon Trading""}, {""borrower_name"": ""Al Rawdah Real Estate""}, {""borrower_name"": ""Taif Western Properties""}, {""borrower_name"": ""Arar National Medical""}, {""borrower_name"": ""Arar Eastern Hospitality""}, {""borrower_name"": ""Al Kharj United Engineering""}, {""borrower_name"": ""Khamis Mushait Prime Telecom""}]",,
A-C23,core,R:total:n_s3:2026Q2,{},n_s3,value,2026Q2,1862.0,PUBLISHED_EXACT,1862.0,c0,
A-C24,core,R:relationship_tier=Strategic:ead:2026Q2,"{""relationship_tier"": ""Strategic""}",ead,value,2026Q2,5164537.99,PUBLISHED_EXACT,5164537.989999988,c0,
A-C24,core,R:relationship_tier=Core:ead:2026Q2,"{""relationship_tier"": ""Core""}",ead,value,2026Q2,5112087.88,PUBLISHED_EXACT,5112087.88000001,c1,
A-C24,core,R:relationship_tier=Transactional:ead:2026Q2,"{""relationship_tier"": ""Transactional""}",ead,value,2026Q2,5093388.31,PUBLISHED_EXACT,5093388.310000008,c2,
A-C25,core,R:total:ead_s1:2026Q2,{},ead_s1,value,2026Q2,9919478.97,PUBLISHED_EXACT,9919478.970000017,c0,
A-C25,core,R:total:ead_s2:2026Q2,{},ead_s2,value,2026Q2,4198013.49,PUBLISHED_EXACT,4198013.49,c1,
A-C25,core,R:total:ead_s3:2026Q2,{},ead_s3,value,2026Q2,1252521.72,PUBLISHED_EXACT,1252521.7199999997,c2,
A-C25,core,R:total:ead:2026Q2,{},ead,value,2026Q2,15370014.18,PUBLISHED_EXACT,15370014.180000028,c3,
A-R01,core,R:total:ead:2026-08,{},ead,value,2026-08,19738.83214,PUBLISHED_EXACT,19738.832140000075,c0,
A-R02,core,R:total:ead_s2:2026-08,{},ead_s2,value,2026-08,947.20702,PUBLISHED_EXACT,947.207019999999,c0,
A-R03,core,R:total:ead_s3:2026-08,{},ead_s3,value,2026-08,184.85222,PUBLISHED_EXACT,184.85221999999996,c0,
A-R04,core,R:total:ecl:2026-08,{},ecl,value,2026-08,224.556578,PUBLISHED_EXACT,224.55657799999955,c0,
A-R05,core,R:product=Mortgage:ead:2026-08,"{""product"": ""Mortgage""}",ead,value,2026-08,16648.92204,PUBLISHED_EXACT,16648.92203999996,c0,
A-R05,core,R:product=Personal Finance:ead:2026-08,"{""product"": ""Personal Finance""}",ead,value,2026-08,1796.9443,PUBLISHED_EXACT,1796.9443000000022,c1,
A-R05,core,R:product=Auto Finance:ead:2026-08,"{""product"": ""Auto Finance""}",ead,value,2026-08,740.8253,PUBLISHED_EXACT,740.8253000000019,c2,
A-R05,core,R:product=Credit Card:ead:2026-08,"{""product"": ""Credit Card""}",ead,value,2026-08,513.18428,PUBLISHED_EXACT,513.1842799999981,c3,
A-R05,core,R:product=Buy Now Pay Later:ead:2026-08,"{""product"": ""Buy Now Pay Later""}",ead,value,2026-08,38.95622,PUBLISHED_EXACT,38.95622000000003,c4,
A-R06,core,R:product=Mortgage:ead_s2:2026-08,"{""product"": ""Mortgage""}",ead_s2,value,2026-08,600.75019,PUBLISHED_EXACT,600.7501900000005,c0,
A-R06,core,R:product=Personal Finance:ead_s2:2026-08,"{""product"": ""Personal Finance""}",ead_s2,value,2026-08,213.63618,PUBLISHED_EXACT,213.63617999999994,c1,
A-R06,core,R:product=Credit Card:ead_s2:2026-08,"{""product"": ""Credit Card""}",ead_s2,value,2026-08,109.60529,PUBLISHED_EXACT,109.60529,c2,
A-R06,core,R:product=Auto Finance:ead_s2:2026-08,"{""product"": ""Auto Finance""}",ead_s2,value,2026-08,15.77941,PUBLISHED_EXACT,15.77941,c3,
A-R06,core,R:product=Buy Now Pay Later:ead_s2:2026-08,"{""product"": ""Buy Now Pay Later""}",ead_s2,value,2026-08,7.43595,PUBLISHED_EXACT,7.435949999999996,c4,
A-R07,core,R:product=Personal Finance:ecl:2026-08,"{""product"": ""Personal Finance""}",ecl,value,2026-08,108.162217,PUBLISHED_EXACT,108.16221700000004,c0,
A-R07,core,R:product=Credit Card:ecl:2026-08,"{""product"": ""Credit Card""}",ecl,value,2026-08,59.750233,PUBLISHED_EXACT,59.75023299999997,c1,
A-R07,core,R:product=Mortgage:ecl:2026-08,"{""product"": ""Mortgage""}",ecl,value,2026-08,45.144157,PUBLISHED_EXACT,45.1441569999999,c2,
A-R07,core,R:product=Auto Finance:ecl:2026-08,"{""product"": ""Auto Finance""}",ecl,value,2026-08,8.820381,PUBLISHED_EXACT,8.820380999999976,c3,
A-R07,core,R:product=Buy Now Pay Later:ecl:2026-08,"{""product"": ""Buy Now Pay Later""}",ecl,value,2026-08,2.67959,PUBLISHED_EXACT,2.6795900000000055,c4,
A-R07,core,RANKING,,,,,"[{""product"": ""Personal Finance""}, {""product"": ""Credit Card""}, {""product"": ""Mortgage""}, {""product"": ""Auto Finance""}, {""product"": ""Buy Now Pay Later""}]",OK,"[{""product"": ""Personal Finance""}, {""product"": ""Credit Card""}, {""product"": ""Mortgage""}, {""product"": ""Auto Finance""}, {""product"": ""Buy Now Pay Later""}]",,
A-R08,core,R:stage=1:ead:2026-08,"{""stage"": ""1""}",ead,value,2026-08,18606.7729,PUBLISHED_EXACT,18606.772899999996,c0,
A-R08,core,R:stage=2:ead:2026-08,"{""stage"": ""2""}",ead,value,2026-08,947.20702,PUBLISHED_EXACT,947.207019999999,c1,
A-R08,core,R:stage=3:ead:2026-08,"{""stage"": ""3""}",ead,value,2026-08,184.85222,PUBLISHED_EXACT,184.85221999999996,c2,
A-R09,core,R:region=Tabuk:ead:2026-08,"{""region"": ""Tabuk""}",ead,value,2026-08,2523.00004,PUBLISHED_EXACT,2523.000039999996,c0,
A-R09,core,R:region=Eastern Province:ead:2026-08,"{""region"": ""Eastern Province""}",ead,value,2026-08,2500.69363,PUBLISHED_EXACT,2500.69363,c1,
A-R09,core,R:region=Madinah:ead:2026-08,"{""region"": ""Madinah""}",ead,value,2026-08,2469.29039,PUBLISHED_EXACT,2469.290389999998,c2,
A-R09,core,R:region=Qassim:ead:2026-08,"{""region"": ""Qassim""}",ead,value,2026-08,2468.35052,PUBLISHED_EXACT,2468.3505200000045,c3,
A-R09,core,R:region=Riyadh:ead:2026-08,"{""region"": ""Riyadh""}",ead,value,2026-08,2459.47042,PUBLISHED_EXACT,2459.470420000005,c4,
A-R09,core,R:region=Hail:ead:2026-08,"{""region"": ""Hail""}",ead,value,2026-08,2443.35318,PUBLISHED_EXACT,2443.3531800000037,c5,
A-R09,core,R:region=Asir:ead:2026-08,"{""region"": ""Asir""}",ead,value,2026-08,2440.68481,PUBLISHED_EXACT,2440.6848099999997,c6,
A-R09,core,R:region=Makkah:ead:2026-08,"{""region"": ""Makkah""}",ead,value,2026-08,2433.98915,PUBLISHED_EXACT,2433.9891500000053,c7,
A-R10,core,R:region=Asir:ecl:2026-08,"{""region"": ""Asir""}",ecl,value,2026-08,30.45411,PUBLISHED_EXACT,30.454109999999915,c0,
A-R10,core,R:region=Qassim:ecl:2026-08,"{""region"": ""Qassim""}",ecl,value,2026-08,28.980584,PUBLISHED_EXACT,28.980584000000036,c1,
A-R10,core,R:region=Madinah:ecl:2026-08,"{""region"": ""Madinah""}",ecl,value,2026-08,28.46811,PUBLISHED_EXACT,28.468110000000035,c2,
A-R10,core,RANKING,,,,,"[{""region"": ""Asir""}, {""region"": ""Qassim""}, {""region"": ""Madinah""}]",OK,"[{""region"": ""Asir""}, {""region"": ""Qassim""}, {""region"": ""Madinah""}]",,
A-R11,core,R:total:coverage:2026-08,{},coverage,value,2026-08,0.01137638622,PUBLISHED_EXACT,0.01137638622220933,c0,
A-R12,core,R:product=Credit Card:coverage:2026-08,"{""product"": ""Credit Card""}",coverage,value,2026-08,0.1164303649,PUBLISHED_EXACT,0.11643036493635422,c0,
A-R12,core,R:product=Buy Now Pay Later:coverage:2026-08,"{""product"": ""Buy Now Pay Later""}",coverage,value,2026-08,0.06878465108,PUBLISHED_EXACT,0.06878465107754303,c1,
A-R12,core,R:product=Personal Finance:coverage:2026-08,"{""product"": ""Personal Finance""}",coverage,value,2026-08,0.06019230368,PUBLISHED_EXACT,0.06019230367908449,c2,
A-R12,core,R:product=Auto Finance:coverage:2026-08,"{""product"": ""Auto Finance""}",coverage,value,2026-08,0.0119061552,PUBLISHED_EXACT,0.011906155202852755,c3,
A-R12,core,R:product=Mortgage:coverage:2026-08,"{""product"": ""Mortgage""}",coverage,value,2026-08,0.002711536332,PUBLISHED_EXACT,0.0027115363319942607,c4,
A-R13,core,R:total:s2_share:2026-08,{},s2_share,value,2026-08,0.04798698389,PUBLISHED_EXACT,0.047986983894579865,c0,
A-R14,core,R:product=Credit Card:s2_share:2026-08,"{""product"": ""Credit Card""}",s2_share,value,2026-08,0.2135788142,PUBLISHED_EXACT,0.21357881422244734,c0,
A-R14,core,R:product=Buy Now Pay Later:s2_share:2026-08,"{""product"": ""Buy Now Pay Later""}",s2_share,value,2026-08,0.1908796593,PUBLISHED_EXACT,0.19087965926878916,c1,
A-R14,core,R:product=Personal Finance:s2_share:2026-08,"{""product"": ""Personal Finance""}",s2_share,value,2026-08,0.1188885933,PUBLISHED_EXACT,0.1188885932635751,c2,
A-R14,core,R:product=Mortgage:s2_share:2026-08,"{""product"": ""Mortgage""}",s2_share,value,2026-08,0.03608342862,PUBLISHED_EXACT,0.03608342861818109,c3,
A-R14,core,R:product=Auto Finance:s2_share:2026-08,"{""product"": ""Auto Finance""}",s2_share,value,2026-08,0.02129977202,PUBLISHED_EXACT,0.021299772024524485,c4,
A-R15,core,R:total:ead:2026-07,{},ead,value,2026-07,18820.26973,PUBLISHED_EXACT,18820.269729999876,c0,
A-R16,core,R:total:ecl:abs_change:2026-08 vs 2026-07,{},ecl,abs_change,2026-08 vs 2026-07,19.189461999999992,PUBLISHED_EXACT,19.18946199999928,c0,
A-R16,core,R:total:ecl:pct_change:2026-08 vs 2026-07,{},ecl,pct_change,2026-08 vs 2026-07,0.09343979880401102,PUBLISHED_EXACT,0.09343979880400743,c1,
A-R17,core,R:product=Auto Finance:ead_s2:abs_change:2026-08 vs 2026-07,"{""product"": ""Auto Finance""}",ead_s2,abs_change,2026-08 vs 2026-07,3.1040400000000012,PUBLISHED_EXACT,3.104039999999996,c0,
A-R17,core,R:product=Buy Now Pay Later:ead_s2:abs_change:2026-08 vs 2026-07,"{""product"": ""Buy Now Pay Later""}",ead_s2,abs_change,2026-08 vs 2026-07,2.19097,PUBLISHED_EXACT,2.1909699999999965,c1,
A-R17,core,R:product=Credit Card:ead_s2:abs_change:2026-08 vs 2026-07,"{""product"": ""Credit Card""}",ead_s2,abs_change,2026-08 vs 2026-07,18.80274,PUBLISHED_EXACT,18.802739999999886,c2,
A-R17,core,R:product=Mortgage:ead_s2:abs_change:2026-08 vs 2026-07,"{""product"": ""Mortgage""}",ead_s2,abs_change,2026-08 vs 2026-07,202.69633999999996,PUBLISHED_EXACT,202.69634000000042,c3,
A-R17,core,R:product=Personal Finance:ead_s2:abs_change:2026-08 vs 2026-07,"{""product"": ""Personal Finance""}",ead_s2,abs_change,2026-08 vs 2026-07,27.582570000000004,PUBLISHED_EXACT,27.582569999999976,c4,
A-R18,core,R:total:dpd30_ead:2026-08,{},dpd30_ead,value,2026-08,347.71208,PUBLISHED_EXACT,347.7120799999998,c0,
A-R19,core,R:delinquency_bucket=Current:ead:2026-08,"{""delinquency_bucket"": ""Current""}",ead,value,2026-08,19243.95666,PUBLISHED_EXACT,19243.95666000003,c0,
A-R19,core,R:delinquency_bucket=90+:ead:2026-08,"{""delinquency_bucket"": ""90+""}",ead,value,2026-08,184.85222,PUBLISHED_EXACT,184.85221999999996,c1,
A-R19,core,R:delinquency_bucket=1-29:ead:2026-08,"{""delinquency_bucket"": ""1-29""}",ead,value,2026-08,147.1634,PUBLISHED_EXACT,147.16340000000014,c2,
A-R19,core,R:delinquency_bucket=30-59:ead:2026-08,"{""delinquency_bucket"": ""30-59""}",ead,value,2026-08,92.2027,PUBLISHED_EXACT,92.20270000000009,c3,
A-R19,core,R:delinquency_bucket=60-89:ead:2026-08,"{""delinquency_bucket"": ""60-89""}",ead,value,2026-08,70.65716,PUBLISHED_EXACT,70.65715999999999,c4,
A-R20,core,R:total:n_s3:2026-08,{},n_s3,value,2026-08,1128.0,PUBLISHED_EXACT,1128.0,c0,
A-R21,core,R:customer_segment=Private:ead:2026-08,"{""customer_segment"": ""Private""}",ead,value,2026-08,5023.69367,PUBLISHED_EXACT,5023.693670000004,c0,
A-R21,core,R:customer_segment=Mass:ead:2026-08,"{""customer_segment"": ""Mass""}",ead,value,2026-08,4927.82094,PUBLISHED_EXACT,4927.820940000001,c1,
A-R21,core,R:customer_segment=Affluent:ead:2026-08,"{""customer_segment"": ""Affluent""}",ead,value,2026-08,4912.64357,PUBLISHED_EXACT,4912.643570000013,c2,
A-R21,core,R:customer_segment=Payroll:ead:2026-08,"{""customer_segment"": ""Payroll""}",ead,value,2026-08,4874.67396,PUBLISHED_EXACT,4874.67396,c3,
A-R22,core,R:product=Credit Card:pd_w:2026-08,"{""product"": ""Credit Card""}",pd_w,value,2026-08,0.110174714,PUBLISHED_EXACT,0.11017471403970149,c0,
A-R22,core,R:product=Personal Finance:pd_w:2026-08,"{""product"": ""Personal Finance""}",pd_w,value,2026-08,0.07811982783,PUBLISHED_EXACT,0.07811982783249326,c1,
A-R22,core,R:product=Buy Now Pay Later:pd_w:2026-08,"{""product"": ""Buy Now Pay Later""}",pd_w,value,2026-08,0.06807973279,PUBLISHED_EXACT,0.06807973278926957,c2,
A-R22,core,R:product=Auto Finance:pd_w:2026-08,"{""product"": ""Auto Finance""}",pd_w,value,2026-08,0.03880137554,PUBLISHED_EXACT,0.03880137553934764,c3,
A-R22,core,R:product=Mortgage:pd_w:2026-08,"{""product"": ""Mortgage""}",pd_w,value,2026-08,0.03478115395,PUBLISHED_EXACT,0.03478115394668577,c4,
A-R23,core,R:sub_product=Classic:ecl:2026-08,"{""sub_product"": ""Classic""}",ecl,value,2026-08,30.131826,PUBLISHED_EXACT,30.131825999999993,c0,
A-R23,core,R:sub_product=Gold:ecl:2026-08,"{""sub_product"": ""Gold""}",ecl,value,2026-08,21.555297,PUBLISHED_EXACT,21.555296999999992,c1,
A-R23,core,R:sub_product=Signature:ecl:2026-08,"{""sub_product"": ""Signature""}",ecl,value,2026-08,8.06311,PUBLISHED_EXACT,8.063110000000004,c2,
A-R24,core,R:product=Mortgage:coverage:2026-08,"{""product"": ""Mortgage""}",coverage,value,2026-08,0.002711536332,PUBLISHED_EXACT,0.0027115363319942607,c0,
A-R24,core,R:product=Auto Finance:coverage:2026-08,"{""product"": ""Auto Finance""}",coverage,value,2026-08,0.0119061552,PUBLISHED_EXACT,0.011906155202852755,c1,
A-R24,core,RANKING,,,,,"[{""product"": ""Mortgage""}, {""product"": ""Auto Finance""}]",OK,"[{""product"": ""Mortgage""}, {""product"": ""Auto Finance""}]",,
A-R25,core,R:total:ead_s1:2026-08,{},ead_s1,value,2026-08,18606.7729,PUBLISHED_EXACT,18606.772899999996,c0,
A-R25,core,R:total:ead_s2:2026-08,{},ead_s2,value,2026-08,947.20702,PUBLISHED_EXACT,947.207019999999,c1,
A-R25,core,R:total:ead_s3:2026-08,{},ead_s3,value,2026-08,184.85222,PUBLISHED_EXACT,184.85221999999996,c2,
A-R25,core,R:total:ead:2026-08,{},ead,value,2026-08,19738.83214,PUBLISHED_EXACT,19738.832140000075,c3,
B-C01-1,core,R:total:ead:2026Q2,{},ead,value,2026Q2,15370014.18,PUBLISHED_EXACT,15370014.180000028,c0,
B-C01-2,core,R:total:ead:2026Q2,{},ead,value,2026Q2,15370014.18,PUBLISHED_EXACT,15370014.180000028,c0,
B-C02-1,core,R:total:ead_s2:2026Q2,{},ead_s2,value,2026Q2,4198013.49,PUBLISHED_EXACT,4198013.49,c0,
B-C02-2,core,R:total:ead_s2:2026Q2,{},ead_s2,value,2026Q2,4198013.49,PUBLISHED_EXACT,4198013.49,c0,
B-C03-1,core,R:sector=Construction:ead_s2:2026Q2,"{""sector"": ""Construction""}",ead_s2,value,2026Q2,1016613.64,PUBLISHED_EXACT,1016613.6399999993,c0,
B-C03-1,core,R:sector=Real Estate:ead_s2:2026Q2,"{""sector"": ""Real Estate""}",ead_s2,value,2026Q2,830809.33,PUBLISHED_EXACT,830809.330000001,c1,
B-C03-1,core,R:sector=Hospitality:ead_s2:2026Q2,"{""sector"": ""Hospitality""}",ead_s2,value,2026Q2,448103.25,PUBLISHED_EXACT,448103.25,c2,
B-C03-1,core,R:sector=Retail Trade:ead_s2:2026Q2,"{""sector"": ""Retail Trade""}",ead_s2,value,2026Q2,444209.84,PUBLISHED_EXACT,444209.83999999997,c3,
B-C03-1,core,R:sector=Manufacturing:ead_s2:2026Q2,"{""sector"": ""Manufacturing""}",ead_s2,value,2026Q2,300040.69,PUBLISHED_EXACT,300040.6899999999,c4,
B-C03-1,core,R:sector=Transport and Logistics:ead_s2:2026Q2,"{""sector"": ""Transport and Logistics""}",ead_s2,value,2026Q2,260060.51,PUBLISHED_EXACT,260060.50999999998,c5,
B-C03-1,core,R:sector=Agriculture and Agri-processing:ead_s2:2026Q2,"{""sector"": ""Agriculture and Agri-processing""}",ead_s2,value,2026Q2,182535.55,PUBLISHED_EXACT,182535.55000000005,c6,
B-C03-1,core,R:sector=Wholesale Trade:ead_s2:2026Q2,"{""sector"": ""Wholesale Trade""}",ead_s2,value,2026Q2,141124.12,PUBLISHED_EXACT,141124.11999999997,c7,
B-C03-1,core,R:sector=Metals and Mining:ead_s2:2026Q2,"{""sector"": ""Metals and Mining""}",ead_s2,value,2026Q2,134516.96,PUBLISHED_EXACT,134516.96000000002,c8,
B-C03-1,core,R:sector=Information Technology:ead_s2:2026Q2,"{""sector"": ""Information Technology""}",ead_s2,value,2026Q2,100017.29,PUBLISHED_EXACT,100017.29,c9,
B-C03-1,core,R:sector=Chemicals:ead_s2:2026Q2,"{""sector"": ""Chemicals""}",ead_s2,value,2026Q2,97638.82,PUBLISHED_EXACT,97638.81999999996,c10,
B-C03-1,core,R:sector=Healthcare:ead_s2:2026Q2,"{""sector"": ""Healthcare""}",ead_s2,value,2026Q2,96312.14,PUBLISHED_EXACT,96312.14000000001,c11,
B-C03-1,core,R:sector=Telecommunications:ead_s2:2026Q2,"{""sector"": ""Telecommunications""}",ead_s2,value,2026Q2,92096.88,PUBLISHED_EXACT,92096.88000000002,c12,
B-C03-1,core,R:sector=Power and Utilities:ead_s2:2026Q2,"{""sector"": ""Power and Utilities""}",ead_s2,value,2026Q2,53934.47,PUBLISHED_EXACT,53934.46999999998,c13,
B-C03-2,core,R:sector=Construction:ead_s2:2026Q2,"{""sector"": ""Construction""}",ead_s2,value,2026Q2,1016613.64,PUBLISHED_EXACT,1016613.6399999993,c0,
B-C03-2,core,R:sector=Real Estate:ead_s2:2026Q2,"{""sector"": ""Real Estate""}",ead_s2,value,2026Q2,830809.33,PUBLISHED_EXACT,830809.330000001,c1,
B-C03-2,core,R:sector=Hospitality:ead_s2:2026Q2,"{""sector"": ""Hospitality""}",ead_s2,value,2026Q2,448103.25,PUBLISHED_EXACT,448103.25,c2,
B-C03-2,core,R:sector=Retail Trade:ead_s2:2026Q2,"{""sector"": ""Retail Trade""}",ead_s2,value,2026Q2,444209.84,PUBLISHED_EXACT,444209.83999999997,c3,
B-C03-2,core,R:sector=Manufacturing:ead_s2:2026Q2,"{""sector"": ""Manufacturing""}",ead_s2,value,2026Q2,300040.69,PUBLISHED_EXACT,300040.6899999999,c4,
B-C03-2,core,R:sector=Transport and Logistics:ead_s2:2026Q2,"{""sector"": ""Transport and Logistics""}",ead_s2,value,2026Q2,260060.51,PUBLISHED_EXACT,260060.50999999998,c5,
B-C03-2,core,R:sector=Agriculture and Agri-processing:ead_s2:2026Q2,"{""sector"": ""Agriculture and Agri-processing""}",ead_s2,value,2026Q2,182535.55,PUBLISHED_EXACT,182535.55000000005,c6,
B-C03-2,core,R:sector=Wholesale Trade:ead_s2:2026Q2,"{""sector"": ""Wholesale Trade""}",ead_s2,value,2026Q2,141124.12,PUBLISHED_EXACT,141124.11999999997,c7,
B-C03-2,core,R:sector=Metals and Mining:ead_s2:2026Q2,"{""sector"": ""Metals and Mining""}",ead_s2,value,2026Q2,134516.96,PUBLISHED_EXACT,134516.96000000002,c8,
B-C03-2,core,R:sector=Information Technology:ead_s2:2026Q2,"{""sector"": ""Information Technology""}",ead_s2,value,2026Q2,100017.29,PUBLISHED_EXACT,100017.29,c9,
B-C03-2,core,R:sector=Chemicals:ead_s2:2026Q2,"{""sector"": ""Chemicals""}",ead_s2,value,2026Q2,97638.82,PUBLISHED_EXACT,97638.81999999996,c10,
B-C03-2,core,R:sector=Healthcare:ead_s2:2026Q2,"{""sector"": ""Healthcare""}",ead_s2,value,2026Q2,96312.14,PUBLISHED_EXACT,96312.14000000001,c11,
B-C03-2,core,R:sector=Telecommunications:ead_s2:2026Q2,"{""sector"": ""Telecommunications""}",ead_s2,value,2026Q2,92096.88,PUBLISHED_EXACT,92096.88000000002,c12,
B-C03-2,core,R:sector=Power and Utilities:ead_s2:2026Q2,"{""sector"": ""Power and Utilities""}",ead_s2,value,2026Q2,53934.47,PUBLISHED_EXACT,53934.46999999998,c13,
B-C04-1,core,R:sector=Construction:ecl:2026Q2,"{""sector"": ""Construction""}",ecl,value,2026Q2,275511.7424,PUBLISHED_EXACT,275511.74239999935,c0,
B-C04-1,core,R:sector=Real Estate:ecl:2026Q2,"{""sector"": ""Real Estate""}",ecl,value,2026Q2,185429.6386,PUBLISHED_EXACT,185429.63859999974,c1,
B-C04-1,core,R:sector=Hospitality:ecl:2026Q2,"{""sector"": ""Hospitality""}",ecl,value,2026Q2,58920.0258,PUBLISHED_EXACT,58920.025799999945,c2,
B-C04-1,core,R:sector=Retail Trade:ecl:2026Q2,"{""sector"": ""Retail Trade""}",ecl,value,2026Q2,50052.1579,PUBLISHED_EXACT,50052.15790000002,c3,
B-C04-1,core,R:sector=Transport and Logistics:ecl:2026Q2,"{""sector"": ""Transport and Logistics""}",ecl,value,2026Q2,39188.2542,PUBLISHED_EXACT,39188.25420000007,c4,
B-C04-1,core,RANKING,,,,,"[{""sector"": ""Construction""}, {""sector"": ""Real Estate""}, {""sector"": ""Hospitality""}, {""sector"": ""Retail Trade""}, {""sector"": ""Transport and Logistics""}]",OK,"[{""sector"": ""Construction""}, {""sector"": ""Real Estate""}, {""sector"": ""Hospitality""}, {""sector"": ""Retail Trade""}, {""sector"": ""Transport and Logistics""}]",,
B-C04-2,core,R:sector=Construction:ecl:2026Q2,"{""sector"": ""Construction""}",ecl,value,2026Q2,275511.7424,PUBLISHED_EXACT,275511.74239999935,c0,
B-C04-2,core,R:sector=Real Estate:ecl:2026Q2,"{""sector"": ""Real Estate""}",ecl,value,2026Q2,185429.6386,PUBLISHED_EXACT,185429.63859999974,c1,
B-C04-2,core,R:sector=Hospitality:ecl:2026Q2,"{""sector"": ""Hospitality""}",ecl,value,2026Q2,58920.0258,PUBLISHED_EXACT,58920.025799999945,c2,
B-C04-2,core,R:sector=Retail Trade:ecl:2026Q2,"{""sector"": ""Retail Trade""}",ecl,value,2026Q2,50052.1579,PUBLISHED_EXACT,50052.15790000002,c3,
B-C04-2,core,R:sector=Transport and Logistics:ecl:2026Q2,"{""sector"": ""Transport and Logistics""}",ecl,value,2026Q2,39188.2542,PUBLISHED_EXACT,39188.25420000007,c4,
B-C04-2,core,RANKING,,,,,"[{""sector"": ""Construction""}, {""sector"": ""Real Estate""}, {""sector"": ""Hospitality""}, {""sector"": ""Retail Trade""}, {""sector"": ""Transport and Logistics""}]",OK,"[{""sector"": ""Construction""}, {""sector"": ""Real Estate""}, {""sector"": ""Hospitality""}, {""sector"": ""Retail Trade""}, {""sector"": ""Transport and Logistics""}]",,
B-C05-1,core,R:total:coverage:2026Q2,{},coverage,value,2026Q2,0.05071402933,PUBLISHED_EXACT,0.05071402932824071,c0,
B-C05-2,core,R:total:coverage:2026Q2,{},coverage,value,2026Q2,0.05071402933,PUBLISHED_EXACT,0.05071402932824071,c0,
B-C06-1,core,R:total:s2_share:2026Q2,{},s2_share,value,2026Q2,0.2731300987,PUBLISHED_EXACT,0.2731300986997523,c0,
B-C06-2,core,R:total:s2_share:2026Q2,{},s2_share,value,2026Q2,0.2731300987,PUBLISHED_EXACT,0.2731300986997523,c0,
B-C07-1,core,R:total:ead_s2:abs_change:2026Q2 vs 2026Q1,{},ead_s2,abs_change,2026Q2 vs 2026Q1,148751.11000000034,PUBLISHED_EXACT,148751.11000003433,c0,
B-C07-2,core,R:total:ead_s2:abs_change:2026Q2 vs 2026Q1,{},ead_s2,abs_change,2026Q2 vs 2026Q1,148751.11000000034,PUBLISHED_EXACT,148751.1100000213,c0,
B-C08-1,core,R:sector=Agriculture and Agri-processing:ead:abs_change:2026Q2 vs 2026Q1,"{""sector"": ""Agriculture and Agri-processing""}",ead,abs_change,2026Q2 vs 2026Q1,18999.530000000028,PUBLISHED_EXACT,18999.53000000096,c0,
B-C08-1,core,R:sector=Chemicals:ead:abs_change:2026Q2 vs 2026Q1,"{""sector"": ""Chemicals""}",ead,abs_change,2026Q2 vs 2026Q1,24740.369999999995,PUBLISHED_EXACT,24740.36999999825,c1,
B-C08-1,core,R:sector=Construction:ead:abs_change:2026Q2 vs 2026Q1,"{""sector"": ""Construction""}",ead,abs_change,2026Q2 vs 2026Q1,54197.03000000003,PUBLISHED_EXACT,54197.03000000119,c2,
B-C08-1,core,R:sector=Healthcare:ead:abs_change:2026Q2 vs 2026Q1,"{""sector"": ""Healthcare""}",ead,abs_change,2026Q2 vs 2026Q1,15835.640000000014,PUBLISHED_EXACT,15835.639999999548,c3,
B-C08-1,core,R:sector=Hospitality:ead:abs_change:2026Q2 vs 2026Q1,"{""sector"": ""Hospitality""}",ead,abs_change,2026Q2 vs 2026Q1,25317.72999999998,PUBLISHED_EXACT,25317.730000000447,c4,
B-C08-1,core,R:sector=Information Technology:ead:abs_change:2026Q2 vs 2026Q1,"{""sector"": ""Information Technology""}",ead,abs_change,2026Q2 vs 2026Q1,13880.390000000014,PUBLISHED_EXACT,13880.390000000363,c5,
B-C08-1,core,R:sector=Manufacturing:ead:abs_change:2026Q2 vs 2026Q1,"{""sector"": ""Manufacturing""}",ead,abs_change,2026Q2 vs 2026Q1,34534.48999999999,PUBLISHED_EXACT,34534.48999999836,c6,
B-C08-1,core,R:sector=Metals and Mining:ead:abs_change:2026Q2 vs 2026Q1,"{""sector"": ""Metals and Mining""}",ead,abs_change,2026Q2 vs 2026Q1,12615.630000000005,PUBLISHED_EXACT,12615.629999998491,c7,
B-C08-1,core,R:sector=Power and Utilities:ead:abs_change:2026Q2 vs 2026Q1,"{""sector"": ""Power and Utilities""}",ead,abs_change,2026Q2 vs 2026Q1,13276.54999999993,PUBLISHED_EXACT,13276.549999999232,c8,
B-C08-1,core,R:sector=Real Estate:ead:abs_change:2026Q2 vs 2026Q1,"{""sector"": ""Real Estate""}",ead,abs_change,2026Q2 vs 2026Q1,37358.64999999991,PUBLISHED_EXACT,37358.64999999874,c9,
B-C08-1,core,R:sector=Retail Trade:ead:abs_change:2026Q2 vs 2026Q1,"{""sector"": ""Retail Trade""}",ead,abs_change,2026Q2 vs 2026Q1,22320.980000000214,PUBLISHED_EXACT,22320.979999999516,c10,
B-C08-1,core,R:sector=Telecommunications:ead:abs_change:2026Q2 vs 2026Q1,"{""sector"": ""Telecommunications""}",ead,abs_change,2026Q2 vs 2026Q1,15350.069999999949,PUBLISHED_EXACT,15350.069999998435,c11,
B-C08-1,core,R:sector=Transport and Logistics:ead:abs_change:2026Q2 vs 2026Q1,"{""sector"": ""Transport and Logistics""}",ead,abs_change,2026Q2 vs 2026Q1,19136.22999999998,PUBLISHED_EXACT,19136.230000000214,c12,
B-C08-1,core,R:sector=Wholesale Trade:ead:abs_change:2026Q2 vs 2026Q1,"{""sector"": ""Wholesale Trade""}",ead,abs_change,2026Q2 vs 2026Q1,20941.54999999993,PUBLISHED_EXACT,20941.550000001444,c13,
B-C08-2,core,R:sector=Agriculture and Agri-processing:ead:abs_change:2026Q2 vs 2026Q1,"{""sector"": ""Agriculture and Agri-processing""}",ead,abs_change,2026Q2 vs 2026Q1,18999.530000000028,PUBLISHED_EXACT,18999.53000000096,c0,
B-C08-2,core,R:sector=Chemicals:ead:abs_change:2026Q2 vs 2026Q1,"{""sector"": ""Chemicals""}",ead,abs_change,2026Q2 vs 2026Q1,24740.369999999995,PUBLISHED_EXACT,24740.36999999825,c1,
B-C08-2,core,R:sector=Construction:ead:abs_change:2026Q2 vs 2026Q1,"{""sector"": ""Construction""}",ead,abs_change,2026Q2 vs 2026Q1,54197.03000000003,PUBLISHED_EXACT,54197.03000000119,c2,
B-C08-2,core,R:sector=Healthcare:ead:abs_change:2026Q2 vs 2026Q1,"{""sector"": ""Healthcare""}",ead,abs_change,2026Q2 vs 2026Q1,15835.640000000014,PUBLISHED_EXACT,15835.639999999548,c3,
B-C08-2,core,R:sector=Hospitality:ead:abs_change:2026Q2 vs 2026Q1,"{""sector"": ""Hospitality""}",ead,abs_change,2026Q2 vs 2026Q1,25317.72999999998,PUBLISHED_EXACT,25317.730000000447,c4,
B-C08-2,core,R:sector=Information Technology:ead:abs_change:2026Q2 vs 2026Q1,"{""sector"": ""Information Technology""}",ead,abs_change,2026Q2 vs 2026Q1,13880.390000000014,PUBLISHED_EXACT,13880.390000000363,c5,
B-C08-2,core,R:sector=Manufacturing:ead:abs_change:2026Q2 vs 2026Q1,"{""sector"": ""Manufacturing""}",ead,abs_change,2026Q2 vs 2026Q1,34534.48999999999,PUBLISHED_EXACT,34534.48999999836,c6,
B-C08-2,core,R:sector=Metals and Mining:ead:abs_change:2026Q2 vs 2026Q1,"{""sector"": ""Metals and Mining""}",ead,abs_change,2026Q2 vs 2026Q1,12615.630000000005,PUBLISHED_EXACT,12615.629999998491,c7,
B-C08-2,core,R:sector=Power and Utilities:ead:abs_change:2026Q2 vs 2026Q1,"{""sector"": ""Power and Utilities""}",ead,abs_change,2026Q2 vs 2026Q1,13276.54999999993,PUBLISHED_EXACT,13276.549999999232,c8,
B-C08-2,core,R:sector=Real Estate:ead:abs_change:2026Q2 vs 2026Q1,"{""sector"": ""Real Estate""}",ead,abs_change,2026Q2 vs 2026Q1,37358.64999999991,PUBLISHED_EXACT,37358.64999999874,c9,
B-C08-2,core,R:sector=Retail Trade:ead:abs_change:2026Q2 vs 2026Q1,"{""sector"": ""Retail Trade""}",ead,abs_change,2026Q2 vs 2026Q1,22320.980000000214,PUBLISHED_EXACT,22320.979999999516,c10,
B-C08-2,core,R:sector=Telecommunications:ead:abs_change:2026Q2 vs 2026Q1,"{""sector"": ""Telecommunications""}",ead,abs_change,2026Q2 vs 2026Q1,15350.069999999949,PUBLISHED_EXACT,15350.069999998435,c11,
B-C08-2,core,R:sector=Transport and Logistics:ead:abs_change:2026Q2 vs 2026Q1,"{""sector"": ""Transport and Logistics""}",ead,abs_change,2026Q2 vs 2026Q1,19136.22999999998,PUBLISHED_EXACT,19136.230000000214,c12,
B-C08-2,core,R:sector=Wholesale Trade:ead:abs_change:2026Q2 vs 2026Q1,"{""sector"": ""Wholesale Trade""}",ead,abs_change,2026Q2 vs 2026Q1,20941.54999999993,PUBLISHED_EXACT,20941.550000001444,c13,
B-C09-1,core,R:borrower_name=Rawabi Industrial Works:ead,"{""borrower_name"": ""Rawabi Industrial Works""}",ead,value,2026Q2,14432.08,PUBLISHED_EXACT,14432.08,c0,
B-C09-1,core,R:borrower_name=Najd Manufacturing:ead,"{""borrower_name"": ""Najd Manufacturing""}",ead,value,2026Q2,11550.9,PUBLISHED_EXACT,11550.900000000001,c1,
B-C09-1,core,R:borrower_name=Tuwaiq Construction:ead,"{""borrower_name"": ""Tuwaiq Construction""}",ead,value,2026Q2,10728.23,PUBLISHED_EXACT,10728.23,c2,
B-C09-1,core,R:borrower_name=Gulf Horizon Trading:ead,"{""borrower_name"": ""Gulf Horizon Trading""}",ead,value,2026Q2,8176.72,PUBLISHED_EXACT,8176.719999999999,c3,
B-C09-1,core,R:borrower_name=Al Rawdah Real Estate:ead,"{""borrower_name"": ""Al Rawdah Real Estate""}",ead,value,2026Q2,7329.26,PUBLISHED_EXACT,7329.26,c4,
B-C09-1,core,R:borrower_name=Taif Western Properties:ead,"{""borrower_name"": ""Taif Western Properties""}",ead,value,2026Q2,6825.91,PUBLISHED_EXACT,6825.910000000001,c5,
B-C09-1,core,R:borrower_name=Arar National Medical:ead,"{""borrower_name"": ""Arar National Medical""}",ead,value,2026Q2,6623.97,PUBLISHED_EXACT,6623.97,c6,
B-C09-1,core,R:borrower_name=Arar Eastern Hospitality:ead,"{""borrower_name"": ""Arar Eastern Hospitality""}",ead,value,2026Q2,6576.0,PUBLISHED_EXACT,6576.0,c7,
B-C09-1,core,R:borrower_name=Al Kharj United Engineering:ead,"{""borrower_name"": ""Al Kharj United Engineering""}",ead,value,2026Q2,6571.01,PUBLISHED_EXACT,6571.010000000001,c8,
B-C09-1,core,R:borrower_name=Khamis Mushait Prime Telecom:ead,"{""borrower_name"": ""Khamis Mushait Prime Telecom""}",ead,value,2026Q2,6514.38,PUBLISHED_EXACT,6514.379999999999,c9,
B-C09-1,core,RANKING,,,,,"[{""borrower_name"": ""Rawabi Industrial Works""}, {""borrower_name"": ""Najd Manufacturing""}, {""borrower_name"": ""Tuwaiq Construction""}, {""borrower_name"": ""Gulf Horizon Trading""}, {""borrower_name"": ""Al Rawdah Real Estate""}, {""borrower_name"": ""Taif Western Properties""}, {""borrower_name"": ""Arar National Medical""}, {""borrower_name"": ""Arar Eastern Hospitality""}, {""borrower_name"": ""Al Kharj United Engineering""}, {""borrower_name"": ""Khamis Mushait Prime Telecom""}]",OK,"[{""borrower_name"": ""Rawabi Industrial Works""}, {""borrower_name"": ""Najd Manufacturing""}, {""borrower_name"": ""Tuwaiq Construction""}, {""borrower_name"": ""Gulf Horizon Trading""}, {""borrower_name"": ""Al Rawdah Real Estate""}, {""borrower_name"": ""Taif Western Properties""}, {""borrower_name"": ""Arar National Medical""}, {""borrower_name"": ""Arar Eastern Hospitality""}, {""borrower_name"": ""Al Kharj United Engineering""}, {""borrower_name"": ""Khamis Mushait Prime Telecom""}]",,
B-C09-2,core,R:borrower_name=Rawabi Industrial Works:ead,"{""borrower_name"": ""Rawabi Industrial Works""}",ead,value,2026Q2,14432.08,PUBLISHED_EXACT,14432.08,c0,
B-C09-2,core,R:borrower_name=Najd Manufacturing:ead,"{""borrower_name"": ""Najd Manufacturing""}",ead,value,2026Q2,11550.9,PUBLISHED_EXACT,11550.900000000001,c1,
B-C09-2,core,R:borrower_name=Tuwaiq Construction:ead,"{""borrower_name"": ""Tuwaiq Construction""}",ead,value,2026Q2,10728.23,PUBLISHED_EXACT,10728.23,c2,
B-C09-2,core,R:borrower_name=Gulf Horizon Trading:ead,"{""borrower_name"": ""Gulf Horizon Trading""}",ead,value,2026Q2,8176.72,PUBLISHED_EXACT,8176.719999999999,c3,
B-C09-2,core,R:borrower_name=Al Rawdah Real Estate:ead,"{""borrower_name"": ""Al Rawdah Real Estate""}",ead,value,2026Q2,7329.26,PUBLISHED_EXACT,7329.26,c4,
B-C09-2,core,R:borrower_name=Taif Western Properties:ead,"{""borrower_name"": ""Taif Western Properties""}",ead,value,2026Q2,6825.91,PUBLISHED_EXACT,6825.910000000001,c5,
B-C09-2,core,R:borrower_name=Arar National Medical:ead,"{""borrower_name"": ""Arar National Medical""}",ead,value,2026Q2,6623.97,PUBLISHED_EXACT,6623.97,c6,
B-C09-2,core,R:borrower_name=Arar Eastern Hospitality:ead,"{""borrower_name"": ""Arar Eastern Hospitality""}",ead,value,2026Q2,6576.0,PUBLISHED_EXACT,6576.0,c7,
B-C09-2,core,R:borrower_name=Al Kharj United Engineering:ead,"{""borrower_name"": ""Al Kharj United Engineering""}",ead,value,2026Q2,6571.01,PUBLISHED_EXACT,6571.010000000001,c8,
B-C09-2,core,R:borrower_name=Khamis Mushait Prime Telecom:ead,"{""borrower_name"": ""Khamis Mushait Prime Telecom""}",ead,value,2026Q2,6514.38,PUBLISHED_EXACT,6514.379999999999,c9,
B-C09-2,core,RANKING,,,,,"[{""borrower_name"": ""Rawabi Industrial Works""}, {""borrower_name"": ""Najd Manufacturing""}, {""borrower_name"": ""Tuwaiq Construction""}, {""borrower_name"": ""Gulf Horizon Trading""}, {""borrower_name"": ""Al Rawdah Real Estate""}, {""borrower_name"": ""Taif Western Properties""}, {""borrower_name"": ""Arar National Medical""}, {""borrower_name"": ""Arar Eastern Hospitality""}, {""borrower_name"": ""Al Kharj United Engineering""}, {""borrower_name"": ""Khamis Mushait Prime Telecom""}]",OK,"[{""borrower_name"": ""Rawabi Industrial Works""}, {""borrower_name"": ""Najd Manufacturing""}, {""borrower_name"": ""Tuwaiq Construction""}, {""borrower_name"": ""Gulf Horizon Trading""}, {""borrower_name"": ""Al Rawdah Real Estate""}, {""borrower_name"": ""Taif Western Properties""}, {""borrower_name"": ""Arar National Medical""}, {""borrower_name"": ""Arar Eastern Hospitality""}, {""borrower_name"": ""Al Kharj United Engineering""}, {""borrower_name"": ""Khamis Mushait Prime Telecom""}]",,
B-C10-1,core,R:sector=Construction:s2_share:2026Q2,"{""sector"": ""Construction""}",s2_share,value,2026Q2,0.5437819063,PUBLISHED_EXACT,0.5437819063068957,c0,
B-C10-1,core,R:sector=Real Estate:s2_share:2026Q2,"{""sector"": ""Real Estate""}",s2_share,value,2026Q2,0.5147113291,PUBLISHED_EXACT,0.5147113291151939,c1,
B-C10-1,core,R:sector=Retail Trade:s2_share:2026Q2,"{""sector"": ""Retail Trade""}",s2_share,value,2026Q2,0.4094844868,PUBLISHED_EXACT,0.40948448676759786,c2,
B-C10-1,core,R:sector=Hospitality:s2_share:2026Q2,"{""sector"": ""Hospitality""}",s2_share,value,2026Q2,0.4021943605,PUBLISHED_EXACT,0.4021943604645791,c3,
B-C10-1,core,R:sector=Transport and Logistics:s2_share:2026Q2,"{""sector"": ""Transport and Logistics""}",s2_share,value,2026Q2,0.2282826417,PUBLISHED_EXACT,0.22828264172691476,c4,
B-C10-1,core,R:sector=Manufacturing:s2_share:2026Q2,"{""sector"": ""Manufacturing""}",s2_share,value,2026Q2,0.2229996165,PUBLISHED_EXACT,0.22299961650754102,c5,
B-C10-1,core,R:sector=Agriculture and Agri-processing:s2_share:2026Q2,"{""sector"": ""Agriculture and Agri-processing""}",s2_share,value,2026Q2,0.2039188246,PUBLISHED_EXACT,0.20391882461067742,c6,
B-C10-1,core,R:sector=Metals and Mining:s2_share:2026Q2,"{""sector"": ""Metals and Mining""}",s2_share,value,2026Q2,0.1762033446,PUBLISHED_EXACT,0.1762033446173091,c7,
B-C10-1,core,R:sector=Wholesale Trade:s2_share:2026Q2,"{""sector"": ""Wholesale Trade""}",s2_share,value,2026Q2,0.14591148,PUBLISHED_EXACT,0.14591148003737042,c8,
B-C10-1,core,R:sector=Telecommunications:s2_share:2026Q2,"{""sector"": ""Telecommunications""}",s2_share,value,2026Q2,0.1344041313,PUBLISHED_EXACT,0.13440413127639328,c9,
B-C10-1,core,R:sector=Information Technology:s2_share:2026Q2,"{""sector"": ""Information Technology""}",s2_share,value,2026Q2,0.1041328374,PUBLISHED_EXACT,0.10413283737051288,c10,
B-C10-1,core,R:sector=Healthcare:s2_share:2026Q2,"{""sector"": ""Healthcare""}",s2_share,value,2026Q2,0.1026400423,PUBLISHED_EXACT,0.10264004230410743,c11,
B-C10-1,core,R:sector=Chemicals:s2_share:2026Q2,"{""sector"": ""Chemicals""}",s2_share,value,2026Q2,0.09345883438,PUBLISHED_EXACT,0.09345883437965935,c12,
B-C10-1,core,R:sector=Power and Utilities:s2_share:2026Q2,"{""sector"": ""Power and Utilities""}",s2_share,value,2026Q2,0.05688022699,PUBLISHED_EXACT,0.056880226993304056,c13,
B-C10-1,core,RANKING,,,,,"[{""sector"": ""Construction""}, {""sector"": ""Real Estate""}, {""sector"": ""Retail Trade""}, {""sector"": ""Hospitality""}, {""sector"": ""Transport and Logistics""}, {""sector"": ""Manufacturing""}, {""sector"": ""Agriculture and Agri-processing""}, {""sector"": ""Metals and Mining""}, {""sector"": ""Wholesale Trade""}, {""sector"": ""Telecommunications""}, {""sector"": ""Information Technology""}, {""sector"": ""Healthcare""}, {""sector"": ""Chemicals""}, {""sector"": ""Power and Utilities""}]",OK,"[{""sector"": ""Construction""}, {""sector"": ""Real Estate""}, {""sector"": ""Retail Trade""}, {""sector"": ""Hospitality""}, {""sector"": ""Transport and Logistics""}, {""sector"": ""Manufacturing""}, {""sector"": ""Agriculture and Agri-processing""}, {""sector"": ""Metals and Mining""}, {""sector"": ""Wholesale Trade""}, {""sector"": ""Telecommunications""}, {""sector"": ""Information Technology""}, {""sector"": ""Healthcare""}, {""sector"": ""Chemicals""}, {""sector"": ""Power and Utilities""}]",,
B-C10-2,core,R:sector=Construction:s2_share:2026Q2,"{""sector"": ""Construction""}",s2_share,value,2026Q2,0.5437819063,PUBLISHED_EXACT,0.5437819063068957,c0,
B-C10-2,core,R:sector=Real Estate:s2_share:2026Q2,"{""sector"": ""Real Estate""}",s2_share,value,2026Q2,0.5147113291,PUBLISHED_EXACT,0.5147113291151939,c1,
B-C10-2,core,R:sector=Retail Trade:s2_share:2026Q2,"{""sector"": ""Retail Trade""}",s2_share,value,2026Q2,0.4094844868,PUBLISHED_EXACT,0.40948448676759786,c2,
B-C10-2,core,R:sector=Hospitality:s2_share:2026Q2,"{""sector"": ""Hospitality""}",s2_share,value,2026Q2,0.4021943605,PUBLISHED_EXACT,0.4021943604645791,c3,
B-C10-2,core,R:sector=Transport and Logistics:s2_share:2026Q2,"{""sector"": ""Transport and Logistics""}",s2_share,value,2026Q2,0.2282826417,PUBLISHED_EXACT,0.22828264172691476,c4,
B-C10-2,core,R:sector=Manufacturing:s2_share:2026Q2,"{""sector"": ""Manufacturing""}",s2_share,value,2026Q2,0.2229996165,PUBLISHED_EXACT,0.22299961650754102,c5,
B-C10-2,core,R:sector=Agriculture and Agri-processing:s2_share:2026Q2,"{""sector"": ""Agriculture and Agri-processing""}",s2_share,value,2026Q2,0.2039188246,PUBLISHED_EXACT,0.20391882461067742,c6,
B-C10-2,core,R:sector=Metals and Mining:s2_share:2026Q2,"{""sector"": ""Metals and Mining""}",s2_share,value,2026Q2,0.1762033446,PUBLISHED_EXACT,0.1762033446173091,c7,
B-C10-2,core,R:sector=Wholesale Trade:s2_share:2026Q2,"{""sector"": ""Wholesale Trade""}",s2_share,value,2026Q2,0.14591148,PUBLISHED_EXACT,0.14591148003737042,c8,
B-C10-2,core,R:sector=Telecommunications:s2_share:2026Q2,"{""sector"": ""Telecommunications""}",s2_share,value,2026Q2,0.1344041313,PUBLISHED_EXACT,0.13440413127639328,c9,
B-C10-2,core,R:sector=Information Technology:s2_share:2026Q2,"{""sector"": ""Information Technology""}",s2_share,value,2026Q2,0.1041328374,PUBLISHED_EXACT,0.10413283737051288,c10,
B-C10-2,core,R:sector=Healthcare:s2_share:2026Q2,"{""sector"": ""Healthcare""}",s2_share,value,2026Q2,0.1026400423,PUBLISHED_EXACT,0.10264004230410743,c11,
B-C10-2,core,R:sector=Chemicals:s2_share:2026Q2,"{""sector"": ""Chemicals""}",s2_share,value,2026Q2,0.09345883438,PUBLISHED_EXACT,0.09345883437965935,c12,
B-C10-2,core,R:sector=Power and Utilities:s2_share:2026Q2,"{""sector"": ""Power and Utilities""}",s2_share,value,2026Q2,0.05688022699,PUBLISHED_EXACT,0.056880226993304056,c13,
B-C10-2,core,RANKING,,,,,"[{""sector"": ""Construction""}, {""sector"": ""Real Estate""}, {""sector"": ""Retail Trade""}, {""sector"": ""Hospitality""}, {""sector"": ""Transport and Logistics""}, {""sector"": ""Manufacturing""}, {""sector"": ""Agriculture and Agri-processing""}, {""sector"": ""Metals and Mining""}, {""sector"": ""Wholesale Trade""}, {""sector"": ""Telecommunications""}, {""sector"": ""Information Technology""}, {""sector"": ""Healthcare""}, {""sector"": ""Chemicals""}, {""sector"": ""Power and Utilities""}]",OK,"[{""sector"": ""Construction""}, {""sector"": ""Real Estate""}, {""sector"": ""Retail Trade""}, {""sector"": ""Hospitality""}, {""sector"": ""Transport and Logistics""}, {""sector"": ""Manufacturing""}, {""sector"": ""Agriculture and Agri-processing""}, {""sector"": ""Metals and Mining""}, {""sector"": ""Wholesale Trade""}, {""sector"": ""Telecommunications""}, {""sector"": ""Information Technology""}, {""sector"": ""Healthcare""}, {""sector"": ""Chemicals""}, {""sector"": ""Power and Utilities""}]",,
B-C11-1,core,R:sector=Construction:ead:latest:2026Q2,"{""sector"": ""Construction""}",ead,latest,2026Q2,1869524.58,PUBLISHED_EXACT,1869524.5800000022,c0,
B-C11-1,core,R:sector=Construction:ead:base:2026Q1,"{""sector"": ""Construction""}",ead,base,2026Q1,1815327.55,PUBLISHED_EXACT,1815327.55,c1,
B-C11-1,core,R:sector=Construction:ead:abs_change:2026Q2 vs 2026Q1,"{""sector"": ""Construction""}",ead,abs_change,2026Q2 vs 2026Q1,54197.03000000003,PUBLISHED_EXACT,54197.03000000212,c2,
B-C11-1,core,R:sector=Construction:ead:pct_change:2026Q2 vs 2026Q1,"{""sector"": ""Construction""}",ead,pct_change,2026Q2 vs 2026Q1,0.029855234665501565,PUBLISHED_EXACT,0.02985523466550272,c3,
B-C11-1,core,R:sector=Hospitality:ead:latest:2026Q2,"{""sector"": ""Hospitality""}",ead,latest,2026Q2,1114146.03,PUBLISHED_EXACT,1114146.0300000017,c4,
B-C11-1,core,R:sector=Hospitality:ead:base:2026Q1,"{""sector"": ""Hospitality""}",ead,base,2026Q1,1088828.3,PUBLISHED_EXACT,1088828.3,c5,
B-C11-1,core,R:sector=Hospitality:ead:abs_change:2026Q2 vs 2026Q1,"{""sector"": ""Hospitality""}",ead,abs_change,2026Q2 vs 2026Q1,25317.72999999998,PUBLISHED_EXACT,25317.73000000161,c6,
B-C11-1,core,R:sector=Hospitality:ead:pct_change:2026Q2 vs 2026Q1,"{""sector"": ""Hospitality""}",ead,pct_change,2026Q2 vs 2026Q1,0.023252270353369745,PUBLISHED_EXACT,0.023252270353371244,c7,
B-C11-1,core,R:sector=Manufacturing:ead:latest:2026Q2,"{""sector"": ""Manufacturing""}",ead,latest,2026Q2,1345476.26,PUBLISHED_EXACT,1345476.2599999965,c8,
B-C11-1,core,R:sector=Manufacturing:ead:base:2026Q1,"{""sector"": ""Manufacturing""}",ead,base,2026Q1,1310941.77,PUBLISHED_EXACT,1310941.7699999986,c9,
B-C11-1,core,R:sector=Manufacturing:ead:abs_change:2026Q2 vs 2026Q1,"{""sector"": ""Manufacturing""}",ead,abs_change,2026Q2 vs 2026Q1,34534.48999999999,PUBLISHED_EXACT,34534.489999997895,c10,
B-C11-1,core,R:sector=Manufacturing:ead:pct_change:2026Q2 vs 2026Q1,"{""sector"": ""Manufacturing""}",ead,pct_change,2026Q2 vs 2026Q1,0.026343267710510123,PUBLISHED_EXACT,0.026343267710508555,c11,
B-C11-1,core,R:sector=Real Estate:ead:latest:2026Q2,"{""sector"": ""Real Estate""}",ead,latest,2026Q2,1614126.76,PUBLISHED_EXACT,1614126.7599999986,c12,
B-C11-1,core,R:sector=Real Estate:ead:base:2026Q1,"{""sector"": ""Real Estate""}",ead,base,2026Q1,1576768.11,PUBLISHED_EXACT,1576768.11,c13,
B-C11-1,core,R:sector=Real Estate:ead:abs_change:2026Q2 vs 2026Q1,"{""sector"": ""Real Estate""}",ead,abs_change,2026Q2 vs 2026Q1,37358.64999999991,PUBLISHED_EXACT,37358.64999999851,c14,
B-C11-1,core,R:sector=Real Estate:ead:pct_change:2026Q2 vs 2026Q1,"{""sector"": ""Real Estate""}",ead,pct_change,2026Q2 vs 2026Q1,0.023693179588722087,PUBLISHED_EXACT,0.023693179588721202,c15,
B-C11-1,core,R:sector=Transport and Logistics:ead:latest:2026Q2,"{""sector"": ""Transport and Logistics""}",ead,latest,2026Q2,1139204.05,PUBLISHED_EXACT,1139204.049999999,c16,
B-C11-1,core,R:sector=Transport and Logistics:ead:base:2026Q1,"{""sector"": ""Transport and Logistics""}",ead,base,2026Q1,1120067.82,PUBLISHED_EXACT,1120067.8199999984,c17,
B-C11-1,core,R:sector=Transport and Logistics:ead:abs_change:2026Q2 vs 2026Q1,"{""sector"": ""Transport and Logistics""}",ead,abs_change,2026Q2 vs 2026Q1,19136.22999999998,PUBLISHED_EXACT,19136.23000000068,c18,
B-C11-1,core,R:sector=Transport and Logistics:ead:pct_change:2026Q2 vs 2026Q1,"{""sector"": ""Transport and Logistics""}",ead,pct_change,2026Q2 vs 2026Q1,0.017084885092047353,PUBLISHED_EXACT,0.017084885092048002,c19,
B-C11-1,core,RANKING,,,,,"[{""sector"": ""Construction""}, {""sector"": ""Real Estate""}, {""sector"": ""Manufacturing""}, {""sector"": ""Transport and Logistics""}, {""sector"": ""Hospitality""}]",OK,"[{""sector"": ""Construction""}, {""sector"": ""Real Estate""}, {""sector"": ""Manufacturing""}, {""sector"": ""Transport and Logistics""}, {""sector"": ""Hospitality""}]",,
B-C11-2,core,R:sector=Construction:ead:latest:2026Q2,"{""sector"": ""Construction""}",ead,latest,2026Q2,1869524.58,PUBLISHED_EXACT,1869524.5800000022,c0,
B-C11-2,core,R:sector=Construction:ead:base:2026Q1,"{""sector"": ""Construction""}",ead,base,2026Q1,1815327.55,PUBLISHED_EXACT,1815327.55,c1,
B-C11-2,core,R:sector=Construction:ead:abs_change:2026Q2 vs 2026Q1,"{""sector"": ""Construction""}",ead,abs_change,2026Q2 vs 2026Q1,54197.03000000003,PUBLISHED_EXACT,54197.03000000212,c2,
B-C11-2,core,R:sector=Construction:ead:pct_change:2026Q2 vs 2026Q1,"{""sector"": ""Construction""}",ead,pct_change,2026Q2 vs 2026Q1,0.029855234665501565,PUBLISHED_EXACT,0.02985523466550272,c3,
B-C11-2,core,R:sector=Hospitality:ead:latest:2026Q2,"{""sector"": ""Hospitality""}",ead,latest,2026Q2,1114146.03,PUBLISHED_EXACT,1114146.0300000017,c4,
B-C11-2,core,R:sector=Hospitality:ead:base:2026Q1,"{""sector"": ""Hospitality""}",ead,base,2026Q1,1088828.3,PUBLISHED_EXACT,1088828.3,c5,
B-C11-2,core,R:sector=Hospitality:ead:abs_change:2026Q2 vs 2026Q1,"{""sector"": ""Hospitality""}",ead,abs_change,2026Q2 vs 2026Q1,25317.72999999998,PUBLISHED_EXACT,25317.73000000161,c6,
B-C11-2,core,R:sector=Hospitality:ead:pct_change:2026Q2 vs 2026Q1,"{""sector"": ""Hospitality""}",ead,pct_change,2026Q2 vs 2026Q1,0.023252270353369745,PUBLISHED_EXACT,0.023252270353371244,c7,
B-C11-2,core,R:sector=Manufacturing:ead:latest:2026Q2,"{""sector"": ""Manufacturing""}",ead,latest,2026Q2,1345476.26,PUBLISHED_EXACT,1345476.2599999965,c8,
B-C11-2,core,R:sector=Manufacturing:ead:base:2026Q1,"{""sector"": ""Manufacturing""}",ead,base,2026Q1,1310941.77,PUBLISHED_EXACT,1310941.7699999986,c9,
B-C11-2,core,R:sector=Manufacturing:ead:abs_change:2026Q2 vs 2026Q1,"{""sector"": ""Manufacturing""}",ead,abs_change,2026Q2 vs 2026Q1,34534.48999999999,PUBLISHED_EXACT,34534.489999997895,c10,
B-C11-2,core,R:sector=Manufacturing:ead:pct_change:2026Q2 vs 2026Q1,"{""sector"": ""Manufacturing""}",ead,pct_change,2026Q2 vs 2026Q1,0.026343267710510123,PUBLISHED_EXACT,0.026343267710508555,c11,
B-C11-2,core,R:sector=Real Estate:ead:latest:2026Q2,"{""sector"": ""Real Estate""}",ead,latest,2026Q2,1614126.76,PUBLISHED_EXACT,1614126.7599999986,c12,
B-C11-2,core,R:sector=Real Estate:ead:base:2026Q1,"{""sector"": ""Real Estate""}",ead,base,2026Q1,1576768.11,PUBLISHED_EXACT,1576768.11,c13,
B-C11-2,core,R:sector=Real Estate:ead:abs_change:2026Q2 vs 2026Q1,"{""sector"": ""Real Estate""}",ead,abs_change,2026Q2 vs 2026Q1,37358.64999999991,PUBLISHED_EXACT,37358.64999999851,c14,
B-C11-2,core,R:sector=Real Estate:ead:pct_change:2026Q2 vs 2026Q1,"{""sector"": ""Real Estate""}",ead,pct_change,2026Q2 vs 2026Q1,0.023693179588722087,PUBLISHED_EXACT,0.023693179588721202,c15,
B-C11-2,core,R:sector=Transport and Logistics:ead:latest:2026Q2,"{""sector"": ""Transport and Logistics""}",ead,latest,2026Q2,1139204.05,PUBLISHED_EXACT,1139204.049999999,c16,
B-C11-2,core,R:sector=Transport and Logistics:ead:base:2026Q1,"{""sector"": ""Transport and Logistics""}",ead,base,2026Q1,1120067.82,PUBLISHED_EXACT,1120067.8199999984,c17,
B-C11-2,core,R:sector=Transport and Logistics:ead:abs_change:2026Q2 vs 2026Q1,"{""sector"": ""Transport and Logistics""}",ead,abs_change,2026Q2 vs 2026Q1,19136.22999999998,PUBLISHED_EXACT,19136.23000000068,c18,
B-C11-2,core,R:sector=Transport and Logistics:ead:pct_change:2026Q2 vs 2026Q1,"{""sector"": ""Transport and Logistics""}",ead,pct_change,2026Q2 vs 2026Q1,0.017084885092047353,PUBLISHED_EXACT,0.017084885092048002,c19,
B-C11-2,core,RANKING,,,,,"[{""sector"": ""Construction""}, {""sector"": ""Real Estate""}, {""sector"": ""Manufacturing""}, {""sector"": ""Transport and Logistics""}, {""sector"": ""Hospitality""}]",OK,"[{""sector"": ""Construction""}, {""sector"": ""Real Estate""}, {""sector"": ""Manufacturing""}, {""sector"": ""Transport and Logistics""}, {""sector"": ""Hospitality""}]",,
B-C12-1,core,R:sector=Construction:ead:2026Q2,"{""sector"": ""Construction""}",ead,value,2026Q2,1869524.58,PUBLISHED_EXACT,1869524.5800000012,c0,
B-C12-1,core,R:sector=Construction:ead_s2:2026Q2,"{""sector"": ""Construction""}",ead_s2,value,2026Q2,1016613.64,PUBLISHED_EXACT,1016613.6399999993,c1,
B-C12-1,core,R:sector=Construction:ead_s3:2026Q2,"{""sector"": ""Construction""}",ead_s3,value,2026Q2,463682.1,PUBLISHED_EXACT,463682.1000000001,c2,
B-C12-1,core,R:sector=Construction:ecl:2026Q2,"{""sector"": ""Construction""}",ecl,value,2026Q2,275511.7424,PUBLISHED_EXACT,275511.74239999935,c3,
B-C12-1,core,R:sector=Construction:coverage:2026Q2,"{""sector"": ""Construction""}",coverage,value,2026Q2,0.1473699492,PUBLISHED_EXACT,0.14736994920922578,c4,
B-C12-1,core,R:sector=Real Estate:ead:2026Q2,"{""sector"": ""Real Estate""}",ead,value,2026Q2,1614126.76,PUBLISHED_EXACT,1614126.7599999988,c5,
B-C12-1,core,R:sector=Real Estate:ead_s2:2026Q2,"{""sector"": ""Real Estate""}",ead_s2,value,2026Q2,830809.33,PUBLISHED_EXACT,830809.330000001,c6,
B-C12-1,core,R:sector=Real Estate:ead_s3:2026Q2,"{""sector"": ""Real Estate""}",ead_s3,value,2026Q2,307375.38,PUBLISHED_EXACT,307375.3799999998,c7,
B-C12-1,core,R:sector=Real Estate:ecl:2026Q2,"{""sector"": ""Real Estate""}",ecl,value,2026Q2,185429.6386,PUBLISHED_EXACT,185429.63859999974,c8,
B-C12-1,core,R:sector=Real Estate:coverage:2026Q2,"{""sector"": ""Real Estate""}",coverage,value,2026Q2,0.1148792296,PUBLISHED_EXACT,0.11487922955939339,c9,
B-C12-1,core,R:sector=Manufacturing:ead:2026Q2,"{""sector"": ""Manufacturing""}",ead,value,2026Q2,1345476.26,PUBLISHED_EXACT,1345476.259999997,c10,
B-C12-1,core,R:sector=Manufacturing:ead_s2:2026Q2,"{""sector"": ""Manufacturing""}",ead_s2,value,2026Q2,300040.69,PUBLISHED_EXACT,300040.6899999999,c11,
B-C12-1,core,R:sector=Manufacturing:ead_s3:2026Q2,"{""sector"": ""Manufacturing""}",ead_s3,value,2026Q2,54723.08,PUBLISHED_EXACT,54723.079999999994,c12,
B-C12-1,core,R:sector=Manufacturing:ecl:2026Q2,"{""sector"": ""Manufacturing""}",ecl,value,2026Q2,36037.6179,PUBLISHED_EXACT,36037.61789999996,c13,
B-C12-1,core,R:sector=Manufacturing:coverage:2026Q2,"{""sector"": ""Manufacturing""}",coverage,value,2026Q2,0.02678428373,PUBLISHED_EXACT,0.02678428373013437,c14,
B-C12-1,core,R:sector=Transport and Logistics:ead:2026Q2,"{""sector"": ""Transport and Logistics""}",ead,value,2026Q2,1139204.05,PUBLISHED_EXACT,1139204.0499999986,c15,
B-C12-1,core,R:sector=Transport and Logistics:ead_s2:2026Q2,"{""sector"": ""Transport and Logistics""}",ead_s2,value,2026Q2,260060.51,PUBLISHED_EXACT,260060.50999999998,c16,
B-C12-1,core,R:sector=Transport and Logistics:ead_s3:2026Q2,"{""sector"": ""Transport and Logistics""}",ead_s3,value,2026Q2,65275.73,PUBLISHED_EXACT,65275.73000000002,c17,
B-C12-1,core,R:sector=Transport and Logistics:ecl:2026Q2,"{""sector"": ""Transport and Logistics""}",ecl,value,2026Q2,39188.2542,PUBLISHED_EXACT,39188.25420000007,c18,
B-C12-1,core,R:sector=Transport and Logistics:coverage:2026Q2,"{""sector"": ""Transport and Logistics""}",coverage,value,2026Q2,0.0343996795,PUBLISHED_EXACT,0.03439967949552156,c19,
B-C12-1,core,R:sector=Hospitality:ead:2026Q2,"{""sector"": ""Hospitality""}",ead,value,2026Q2,1114146.03,PUBLISHED_EXACT,1114146.0300000005,c20,
B-C12-1,core,R:sector=Hospitality:ead_s2:2026Q2,"{""sector"": ""Hospitality""}",ead_s2,value,2026Q2,448103.25,PUBLISHED_EXACT,448103.25,c21,
B-C12-1,core,R:sector=Hospitality:ead_s3:2026Q2,"{""sector"": ""Hospitality""}",ead_s3,value,2026Q2,87820.85,PUBLISHED_EXACT,87820.84999999998,c22,
B-C12-1,core,R:sector=Hospitality:ecl:2026Q2,"{""sector"": ""Hospitality""}",ecl,value,2026Q2,58920.0258,PUBLISHED_EXACT,58920.025799999945,c23,
B-C12-1,core,R:sector=Hospitality:coverage:2026Q2,"{""sector"": ""Hospitality""}",coverage,value,2026Q2,0.05288357559,PUBLISHED_EXACT,0.05288357559376657,c24,
B-C12-1,core,R:sector=Retail Trade:ead:2026Q2,"{""sector"": ""Retail Trade""}",ead,value,2026Q2,1084802.61,PUBLISHED_EXACT,1084802.6099999985,c25,
B-C12-1,core,R:sector=Retail Trade:ead_s2:2026Q2,"{""sector"": ""Retail Trade""}",ead_s2,value,2026Q2,444209.84,PUBLISHED_EXACT,444209.83999999997,c26,
B-C12-1,core,R:sector=Retail Trade:ead_s3:2026Q2,"{""sector"": ""Retail Trade""}",ead_s3,value,2026Q2,74202.79,PUBLISHED_EXACT,74202.79000000005,c27,
B-C12-1,core,R:sector=Retail Trade:ecl:2026Q2,"{""sector"": ""Retail Trade""}",ecl,value,2026Q2,50052.1579,PUBLISHED_EXACT,50052.15790000002,c28,
B-C12-1,core,R:sector=Retail Trade:coverage:2026Q2,"{""sector"": ""Retail Trade""}",coverage,value,2026Q2,0.04613941508,PUBLISHED_EXACT,0.04613941507755046,c29,
B-C12-1,core,R:sector=Chemicals:ead:2026Q2,"{""sector"": ""Chemicals""}",ead,value,2026Q2,1044725.42,PUBLISHED_EXACT,1044725.419999999,c30,
B-C12-1,core,R:sector=Chemicals:ead_s2:2026Q2,"{""sector"": ""Chemicals""}",ead_s2,value,2026Q2,97638.82,PUBLISHED_EXACT,97638.81999999996,c31,
B-C12-1,core,R:sector=Chemicals:ead_s3:2026Q2,"{""sector"": ""Chemicals""}",ead_s3,value,2026Q2,35684.4,PUBLISHED_EXACT,35684.4,c32,
B-C12-1,core,R:sector=Chemicals:ecl:2026Q2,"{""sector"": ""Chemicals""}",ecl,value,2026Q2,20882.8811,PUBLISHED_EXACT,20882.88109999998,c33,
B-C12-1,core,R:sector=Chemicals:coverage:2026Q2,"{""sector"": ""Chemicals""}",coverage,value,2026Q2,0.01998887047,PUBLISHED_EXACT,0.019988870472779346,c34,
B-C12-1,core,R:sector=Wholesale Trade:ead:2026Q2,"{""sector"": ""Wholesale Trade""}",ead,value,2026Q2,967189.97,PUBLISHED_EXACT,967189.9700000006,c35,
B-C12-1,core,R:sector=Wholesale Trade:ead_s2:2026Q2,"{""sector"": ""Wholesale Trade""}",ead_s2,value,2026Q2,141124.12,PUBLISHED_EXACT,141124.11999999997,c36,
B-C12-1,core,R:sector=Wholesale Trade:ead_s3:2026Q2,"{""sector"": ""Wholesale Trade""}",ead_s3,value,2026Q2,48579.51,PUBLISHED_EXACT,48579.509999999995,c37,
B-C12-1,core,R:sector=Wholesale Trade:ecl:2026Q2,"{""sector"": ""Wholesale Trade""}",ecl,value,2026Q2,26758.485,PUBLISHED_EXACT,26758.484999999986,c38,
B-C12-1,core,R:sector=Wholesale Trade:coverage:2026Q2,"{""sector"": ""Wholesale Trade""}",coverage,value,2026Q2,0.02766621432,PUBLISHED_EXACT,0.02766621432188753,c39,
B-C12-1,core,R:sector=Information Technology:ead:2026Q2,"{""sector"": ""Information Technology""}",ead,value,2026Q2,960477.91,PUBLISHED_EXACT,960477.909999999,c40,
B-C12-1,core,R:sector=Information Technology:ead_s2:2026Q2,"{""sector"": ""Information Technology""}",ead_s2,value,2026Q2,100017.29,PUBLISHED_EXACT,100017.29,c41,
B-C12-1,core,R:sector=Information Technology:ead_s3:2026Q2,"{""sector"": ""Information Technology""}",ead_s3,value,2026Q2,13259.33,PUBLISHED_EXACT,13259.330000000005,c42,
B-C12-1,core,R:sector=Information Technology:ecl:2026Q2,"{""sector"": ""Information Technology""}",ecl,value,2026Q2,11314.1339,PUBLISHED_EXACT,11314.133900000003,c43,
B-C12-1,core,R:sector=Information Technology:coverage:2026Q2,"{""sector"": ""Information Technology""}",coverage,value,2026Q2,0.01177969195,PUBLISHED_EXACT,0.011779691945231738,c44,
B-C12-1,core,R:sector=Power and Utilities:ead:2026Q2,"{""sector"": ""Power and Utilities""}",ead,value,2026Q2,948211.23,PUBLISHED_EXACT,948211.2299999989,c45,
B-C12-1,core,R:sector=Power and Utilities:ead_s2:2026Q2,"{""sector"": ""Power and Utilities""}",ead_s2,value,2026Q2,53934.47,PUBLISHED_EXACT,53934.46999999998,c46,
B-C12-1,core,R:sector=Power and Utilities:ead_s3:2026Q2,"{""sector"": ""Power and Utilities""}",ead_s3,value,2026Q2,12938.51,PUBLISHED_EXACT,12938.509999999997,c47,
B-C12-1,core,R:sector=Power and Utilities:ecl:2026Q2,"{""sector"": ""Power and Utilities""}",ecl,value,2026Q2,10358.8423,PUBLISHED_EXACT,10358.8423,c48,
B-C12-1,core,R:sector=Power and Utilities:coverage:2026Q2,"{""sector"": ""Power and Utilities""}",coverage,value,2026Q2,0.01092461466,PUBLISHED_EXACT,0.01092461465574502,c49,
B-C12-1,core,R:sector=Healthcare:ead:2026Q2,"{""sector"": ""Healthcare""}",ead,value,2026Q2,938348.6,PUBLISHED_EXACT,938348.6000000003,c50,
B-C12-1,core,R:sector=Healthcare:ead_s2:2026Q2,"{""sector"": ""Healthcare""}",ead_s2,value,2026Q2,96312.14,PUBLISHED_EXACT,96312.14000000001,c51,
B-C12-1,core,R:sector=Healthcare:ead_s3:2026Q2,"{""sector"": ""Healthcare""}",ead_s3,value,2026Q2,17352.37,PUBLISHED_EXACT,17352.370000000003,c52,
B-C12-1,core,R:sector=Healthcare:ecl:2026Q2,"{""sector"": ""Healthcare""}",ecl,value,2026Q2,14014.5711,PUBLISHED_EXACT,14014.571100000001,c53,
B-C12-1,core,R:sector=Healthcare:coverage:2026Q2,"{""sector"": ""Healthcare""}",coverage,value,2026Q2,0.01493535675,PUBLISHED_EXACT,0.01493535675334305,c54,
B-C12-1,core,R:sector=Agriculture and Agri-processing:ead:2026Q2,"{""sector"": ""Agriculture and Agri-processing""}",ead,value,2026Q2,895138.3,PUBLISHED_EXACT,895138.3000000005,c55,
B-C12-1,core,R:sector=Agriculture and Agri-processing:ead_s2:2026Q2,"{""sector"": ""Agriculture and Agri-processing""}",ead_s2,value,2026Q2,182535.55,PUBLISHED_EXACT,182535.55000000005,c56,
B-C12-1,core,R:sector=Agriculture and Agri-processing:ead_s3:2026Q2,"{""sector"": ""Agriculture and Agri-processing""}",ead_s3,value,2026Q2,40200.28,PUBLISHED_EXACT,40200.28000000002,c57,
B-C12-1,core,R:sector=Agriculture and Agri-processing:ecl:2026Q2,"{""sector"": ""Agriculture and Agri-processing""}",ecl,value,2026Q2,26130.7813,PUBLISHED_EXACT,26130.781300000053,c58,
B-C12-1,core,R:sector=Agriculture and Agri-processing:coverage:2026Q2,"{""sector"": ""Agriculture and Agri-processing""}",coverage,value,2026Q2,0.02919189281,PUBLISHED_EXACT,0.02919189280583798,c59,
B-C12-1,core,R:sector=Metals and Mining:ead:2026Q2,"{""sector"": ""Metals and Mining""}",ead,value,2026Q2,763418.88,PUBLISHED_EXACT,763418.8799999993,c60,
B-C12-1,core,R:sector=Metals and Mining:ead_s2:2026Q2,"{""sector"": ""Metals and Mining""}",ead_s2,value,2026Q2,134516.96,PUBLISHED_EXACT,134516.96000000002,c61,
B-C12-1,core,R:sector=Metals and Mining:ead_s3:2026Q2,"{""sector"": ""Metals and Mining""}",ead_s3,value,2026Q2,16640.65,PUBLISHED_EXACT,16640.65,c62,
B-C12-1,core,R:sector=Metals and Mining:ecl:2026Q2,"{""sector"": ""Metals and Mining""}",ecl,value,2026Q2,12842.2291,PUBLISHED_EXACT,12842.2291,c63,
B-C12-1,core,R:sector=Metals and Mining:coverage:2026Q2,"{""sector"": ""Metals and Mining""}",coverage,value,2026Q2,0.01682199568,PUBLISHED_EXACT,0.016821995678178686,c64,
B-C12-1,core,R:sector=Telecommunications:ead:2026Q2,"{""sector"": ""Telecommunications""}",ead,value,2026Q2,685223.58,PUBLISHED_EXACT,685223.5799999989,c65,
B-C12-1,core,R:sector=Telecommunications:ead_s2:2026Q2,"{""sector"": ""Telecommunications""}",ead_s2,value,2026Q2,92096.88,PUBLISHED_EXACT,92096.88000000002,c66,
B-C12-1,core,R:sector=Telecommunications:ead_s3:2026Q2,"{""sector"": ""Telecommunications""}",ead_s3,value,2026Q2,14786.74,PUBLISHED_EXACT,14786.740000000003,c67,
B-C12-1,core,R:sector=Telecommunications:ecl:2026Q2,"{""sector"": ""Telecommunications""}",ecl,value,2026Q2,12033.9893,PUBLISHED_EXACT,12033.989299999974,c68,
B-C12-1,core,R:sector=Telecommunications:coverage:2026Q2,"{""sector"": ""Telecommunications""}",coverage,value,2026Q2,0.01756213541,PUBLISHED_EXACT,0.017562135412794746,c69,
B-C12-2,core,R:sector=Construction:ead:2026Q2,"{""sector"": ""Construction""}",ead,value,2026Q2,1869524.58,PUBLISHED_EXACT,1869524.5800000012,c0,
B-C12-2,core,R:sector=Construction:ead_s2:2026Q2,"{""sector"": ""Construction""}",ead_s2,value,2026Q2,1016613.64,PUBLISHED_EXACT,1016613.6399999993,c1,
B-C12-2,core,R:sector=Construction:ead_s3:2026Q2,"{""sector"": ""Construction""}",ead_s3,value,2026Q2,463682.1,PUBLISHED_EXACT,463682.1000000001,c2,
B-C12-2,core,R:sector=Construction:ecl:2026Q2,"{""sector"": ""Construction""}",ecl,value,2026Q2,275511.7424,PUBLISHED_EXACT,275511.74239999935,c3,
B-C12-2,core,R:sector=Construction:coverage:2026Q2,"{""sector"": ""Construction""}",coverage,value,2026Q2,0.1473699492,PUBLISHED_EXACT,0.14736994920922578,c4,
B-C12-2,core,R:sector=Real Estate:ead:2026Q2,"{""sector"": ""Real Estate""}",ead,value,2026Q2,1614126.76,PUBLISHED_EXACT,1614126.7599999988,c5,
B-C12-2,core,R:sector=Real Estate:ead_s2:2026Q2,"{""sector"": ""Real Estate""}",ead_s2,value,2026Q2,830809.33,PUBLISHED_EXACT,830809.330000001,c6,
B-C12-2,core,R:sector=Real Estate:ead_s3:2026Q2,"{""sector"": ""Real Estate""}",ead_s3,value,2026Q2,307375.38,PUBLISHED_EXACT,307375.3799999998,c7,
B-C12-2,core,R:sector=Real Estate:ecl:2026Q2,"{""sector"": ""Real Estate""}",ecl,value,2026Q2,185429.6386,PUBLISHED_EXACT,185429.63859999974,c8,
B-C12-2,core,R:sector=Real Estate:coverage:2026Q2,"{""sector"": ""Real Estate""}",coverage,value,2026Q2,0.1148792296,PUBLISHED_EXACT,0.11487922955939339,c9,
B-C12-2,core,R:sector=Manufacturing:ead:2026Q2,"{""sector"": ""Manufacturing""}",ead,value,2026Q2,1345476.26,PUBLISHED_EXACT,1345476.259999997,c10,
B-C12-2,core,R:sector=Manufacturing:ead_s2:2026Q2,"{""sector"": ""Manufacturing""}",ead_s2,value,2026Q2,300040.69,PUBLISHED_EXACT,300040.6899999999,c11,
B-C12-2,core,R:sector=Manufacturing:ead_s3:2026Q2,"{""sector"": ""Manufacturing""}",ead_s3,value,2026Q2,54723.08,PUBLISHED_EXACT,54723.079999999994,c12,
B-C12-2,core,R:sector=Manufacturing:ecl:2026Q2,"{""sector"": ""Manufacturing""}",ecl,value,2026Q2,36037.6179,PUBLISHED_EXACT,36037.61789999996,c13,
B-C12-2,core,R:sector=Manufacturing:coverage:2026Q2,"{""sector"": ""Manufacturing""}",coverage,value,2026Q2,0.02678428373,PUBLISHED_EXACT,0.02678428373013437,c14,
B-C12-2,core,R:sector=Transport and Logistics:ead:2026Q2,"{""sector"": ""Transport and Logistics""}",ead,value,2026Q2,1139204.05,PUBLISHED_EXACT,1139204.0499999986,c15,
B-C12-2,core,R:sector=Transport and Logistics:ead_s2:2026Q2,"{""sector"": ""Transport and Logistics""}",ead_s2,value,2026Q2,260060.51,PUBLISHED_EXACT,260060.50999999998,c16,
B-C12-2,core,R:sector=Transport and Logistics:ead_s3:2026Q2,"{""sector"": ""Transport and Logistics""}",ead_s3,value,2026Q2,65275.73,PUBLISHED_EXACT,65275.73000000002,c17,
B-C12-2,core,R:sector=Transport and Logistics:ecl:2026Q2,"{""sector"": ""Transport and Logistics""}",ecl,value,2026Q2,39188.2542,PUBLISHED_EXACT,39188.25420000007,c18,
B-C12-2,core,R:sector=Transport and Logistics:coverage:2026Q2,"{""sector"": ""Transport and Logistics""}",coverage,value,2026Q2,0.0343996795,PUBLISHED_EXACT,0.03439967949552156,c19,
B-C12-2,core,R:sector=Hospitality:ead:2026Q2,"{""sector"": ""Hospitality""}",ead,value,2026Q2,1114146.03,PUBLISHED_EXACT,1114146.0300000005,c20,
B-C12-2,core,R:sector=Hospitality:ead_s2:2026Q2,"{""sector"": ""Hospitality""}",ead_s2,value,2026Q2,448103.25,PUBLISHED_EXACT,448103.25,c21,
B-C12-2,core,R:sector=Hospitality:ead_s3:2026Q2,"{""sector"": ""Hospitality""}",ead_s3,value,2026Q2,87820.85,PUBLISHED_EXACT,87820.84999999998,c22,
B-C12-2,core,R:sector=Hospitality:ecl:2026Q2,"{""sector"": ""Hospitality""}",ecl,value,2026Q2,58920.0258,PUBLISHED_EXACT,58920.025799999945,c23,
B-C12-2,core,R:sector=Hospitality:coverage:2026Q2,"{""sector"": ""Hospitality""}",coverage,value,2026Q2,0.05288357559,PUBLISHED_EXACT,0.05288357559376657,c24,
B-C12-2,core,R:sector=Retail Trade:ead:2026Q2,"{""sector"": ""Retail Trade""}",ead,value,2026Q2,1084802.61,PUBLISHED_EXACT,1084802.6099999985,c25,
B-C12-2,core,R:sector=Retail Trade:ead_s2:2026Q2,"{""sector"": ""Retail Trade""}",ead_s2,value,2026Q2,444209.84,PUBLISHED_EXACT,444209.83999999997,c26,
B-C12-2,core,R:sector=Retail Trade:ead_s3:2026Q2,"{""sector"": ""Retail Trade""}",ead_s3,value,2026Q2,74202.79,PUBLISHED_EXACT,74202.79000000005,c27,
B-C12-2,core,R:sector=Retail Trade:ecl:2026Q2,"{""sector"": ""Retail Trade""}",ecl,value,2026Q2,50052.1579,PUBLISHED_EXACT,50052.15790000002,c28,
B-C12-2,core,R:sector=Retail Trade:coverage:2026Q2,"{""sector"": ""Retail Trade""}",coverage,value,2026Q2,0.04613941508,PUBLISHED_EXACT,0.04613941507755046,c29,
B-C12-2,core,R:sector=Chemicals:ead:2026Q2,"{""sector"": ""Chemicals""}",ead,value,2026Q2,1044725.42,PUBLISHED_EXACT,1044725.419999999,c30,
B-C12-2,core,R:sector=Chemicals:ead_s2:2026Q2,"{""sector"": ""Chemicals""}",ead_s2,value,2026Q2,97638.82,PUBLISHED_EXACT,97638.81999999996,c31,
B-C12-2,core,R:sector=Chemicals:ead_s3:2026Q2,"{""sector"": ""Chemicals""}",ead_s3,value,2026Q2,35684.4,PUBLISHED_EXACT,35684.4,c32,
B-C12-2,core,R:sector=Chemicals:ecl:2026Q2,"{""sector"": ""Chemicals""}",ecl,value,2026Q2,20882.8811,PUBLISHED_EXACT,20882.88109999998,c33,
B-C12-2,core,R:sector=Chemicals:coverage:2026Q2,"{""sector"": ""Chemicals""}",coverage,value,2026Q2,0.01998887047,PUBLISHED_EXACT,0.019988870472779346,c34,
B-C12-2,core,R:sector=Wholesale Trade:ead:2026Q2,"{""sector"": ""Wholesale Trade""}",ead,value,2026Q2,967189.97,PUBLISHED_EXACT,967189.9700000006,c35,
B-C12-2,core,R:sector=Wholesale Trade:ead_s2:2026Q2,"{""sector"": ""Wholesale Trade""}",ead_s2,value,2026Q2,141124.12,PUBLISHED_EXACT,141124.11999999997,c36,
B-C12-2,core,R:sector=Wholesale Trade:ead_s3:2026Q2,"{""sector"": ""Wholesale Trade""}",ead_s3,value,2026Q2,48579.51,PUBLISHED_EXACT,48579.509999999995,c37,
B-C12-2,core,R:sector=Wholesale Trade:ecl:2026Q2,"{""sector"": ""Wholesale Trade""}",ecl,value,2026Q2,26758.485,PUBLISHED_EXACT,26758.484999999986,c38,
B-C12-2,core,R:sector=Wholesale Trade:coverage:2026Q2,"{""sector"": ""Wholesale Trade""}",coverage,value,2026Q2,0.02766621432,PUBLISHED_EXACT,0.02766621432188753,c39,
B-C12-2,core,R:sector=Information Technology:ead:2026Q2,"{""sector"": ""Information Technology""}",ead,value,2026Q2,960477.91,PUBLISHED_EXACT,960477.909999999,c40,
B-C12-2,core,R:sector=Information Technology:ead_s2:2026Q2,"{""sector"": ""Information Technology""}",ead_s2,value,2026Q2,100017.29,PUBLISHED_EXACT,100017.29,c41,
B-C12-2,core,R:sector=Information Technology:ead_s3:2026Q2,"{""sector"": ""Information Technology""}",ead_s3,value,2026Q2,13259.33,PUBLISHED_EXACT,13259.330000000005,c42,
B-C12-2,core,R:sector=Information Technology:ecl:2026Q2,"{""sector"": ""Information Technology""}",ecl,value,2026Q2,11314.1339,PUBLISHED_EXACT,11314.133900000003,c43,
B-C12-2,core,R:sector=Information Technology:coverage:2026Q2,"{""sector"": ""Information Technology""}",coverage,value,2026Q2,0.01177969195,PUBLISHED_EXACT,0.011779691945231738,c44,
B-C12-2,core,R:sector=Power and Utilities:ead:2026Q2,"{""sector"": ""Power and Utilities""}",ead,value,2026Q2,948211.23,PUBLISHED_EXACT,948211.2299999989,c45,
B-C12-2,core,R:sector=Power and Utilities:ead_s2:2026Q2,"{""sector"": ""Power and Utilities""}",ead_s2,value,2026Q2,53934.47,PUBLISHED_EXACT,53934.46999999998,c46,
B-C12-2,core,R:sector=Power and Utilities:ead_s3:2026Q2,"{""sector"": ""Power and Utilities""}",ead_s3,value,2026Q2,12938.51,PUBLISHED_EXACT,12938.509999999997,c47,
B-C12-2,core,R:sector=Power and Utilities:ecl:2026Q2,"{""sector"": ""Power and Utilities""}",ecl,value,2026Q2,10358.8423,PUBLISHED_EXACT,10358.8423,c48,
B-C12-2,core,R:sector=Power and Utilities:coverage:2026Q2,"{""sector"": ""Power and Utilities""}",coverage,value,2026Q2,0.01092461466,PUBLISHED_EXACT,0.01092461465574502,c49,
B-C12-2,core,R:sector=Healthcare:ead:2026Q2,"{""sector"": ""Healthcare""}",ead,value,2026Q2,938348.6,PUBLISHED_EXACT,938348.6000000003,c50,
B-C12-2,core,R:sector=Healthcare:ead_s2:2026Q2,"{""sector"": ""Healthcare""}",ead_s2,value,2026Q2,96312.14,PUBLISHED_EXACT,96312.14000000001,c51,
B-C12-2,core,R:sector=Healthcare:ead_s3:2026Q2,"{""sector"": ""Healthcare""}",ead_s3,value,2026Q2,17352.37,PUBLISHED_EXACT,17352.370000000003,c52,
B-C12-2,core,R:sector=Healthcare:ecl:2026Q2,"{""sector"": ""Healthcare""}",ecl,value,2026Q2,14014.5711,PUBLISHED_EXACT,14014.571100000001,c53,
B-C12-2,core,R:sector=Healthcare:coverage:2026Q2,"{""sector"": ""Healthcare""}",coverage,value,2026Q2,0.01493535675,PUBLISHED_EXACT,0.01493535675334305,c54,
B-C12-2,core,R:sector=Agriculture and Agri-processing:ead:2026Q2,"{""sector"": ""Agriculture and Agri-processing""}",ead,value,2026Q2,895138.3,PUBLISHED_EXACT,895138.3000000005,c55,
B-C12-2,core,R:sector=Agriculture and Agri-processing:ead_s2:2026Q2,"{""sector"": ""Agriculture and Agri-processing""}",ead_s2,value,2026Q2,182535.55,PUBLISHED_EXACT,182535.55000000005,c56,
B-C12-2,core,R:sector=Agriculture and Agri-processing:ead_s3:2026Q2,"{""sector"": ""Agriculture and Agri-processing""}",ead_s3,value,2026Q2,40200.28,PUBLISHED_EXACT,40200.28000000002,c57,
B-C12-2,core,R:sector=Agriculture and Agri-processing:ecl:2026Q2,"{""sector"": ""Agriculture and Agri-processing""}",ecl,value,2026Q2,26130.7813,PUBLISHED_EXACT,26130.781300000053,c58,
B-C12-2,core,R:sector=Agriculture and Agri-processing:coverage:2026Q2,"{""sector"": ""Agriculture and Agri-processing""}",coverage,value,2026Q2,0.02919189281,PUBLISHED_EXACT,0.02919189280583798,c59,
B-C12-2,core,R:sector=Metals and Mining:ead:2026Q2,"{""sector"": ""Metals and Mining""}",ead,value,2026Q2,763418.88,PUBLISHED_EXACT,763418.8799999993,c60,
B-C12-2,core,R:sector=Metals and Mining:ead_s2:2026Q2,"{""sector"": ""Metals and Mining""}",ead_s2,value,2026Q2,134516.96,PUBLISHED_EXACT,134516.96000000002,c61,
B-C12-2,core,R:sector=Metals and Mining:ead_s3:2026Q2,"{""sector"": ""Metals and Mining""}",ead_s3,value,2026Q2,16640.65,PUBLISHED_EXACT,16640.65,c62,
B-C12-2,core,R:sector=Metals and Mining:ecl:2026Q2,"{""sector"": ""Metals and Mining""}",ecl,value,2026Q2,12842.2291,PUBLISHED_EXACT,12842.2291,c63,
B-C12-2,core,R:sector=Metals and Mining:coverage:2026Q2,"{""sector"": ""Metals and Mining""}",coverage,value,2026Q2,0.01682199568,PUBLISHED_EXACT,0.016821995678178686,c64,
B-C12-2,core,R:sector=Telecommunications:ead:2026Q2,"{""sector"": ""Telecommunications""}",ead,value,2026Q2,685223.58,PUBLISHED_EXACT,685223.5799999989,c65,
B-C12-2,core,R:sector=Telecommunications:ead_s2:2026Q2,"{""sector"": ""Telecommunications""}",ead_s2,value,2026Q2,92096.88,PUBLISHED_EXACT,92096.88000000002,c66,
B-C12-2,core,R:sector=Telecommunications:ead_s3:2026Q2,"{""sector"": ""Telecommunications""}",ead_s3,value,2026Q2,14786.74,PUBLISHED_EXACT,14786.740000000003,c67,
B-C12-2,core,R:sector=Telecommunications:ecl:2026Q2,"{""sector"": ""Telecommunications""}",ecl,value,2026Q2,12033.9893,PUBLISHED_EXACT,12033.989299999974,c68,
B-C12-2,core,R:sector=Telecommunications:coverage:2026Q2,"{""sector"": ""Telecommunications""}",coverage,value,2026Q2,0.01756213541,PUBLISHED_EXACT,0.017562135412794746,c69,
B-C13-1,core,R:total:ead_s2:abs_change,{},ead_s2,abs_change,2026Q2 vs 2026Q1,148751.11,PUBLISHED_EXACT,148751.1099999991,c0,
B-C13-1,core,R:sector=Retail Trade:ead_s2:abs_change:2026Q2 vs 2026Q1,"{""sector"": ""Retail Trade""}",ead_s2,abs_change,2026Q2 vs 2026Q1,50905.330000000016,PUBLISHED_EXACT,50905.329999999725,c1,
B-C13-1,core,R:sector=Hospitality:ead_s2:abs_change:2026Q2 vs 2026Q1,"{""sector"": ""Hospitality""}",ead_s2,abs_change,2026Q2 vs 2026Q1,39982.92999999999,PUBLISHED_EXACT,39982.92999999999,c2,
B-C13-1,core,R:sector=Manufacturing:ead_s2:abs_change:2026Q2 vs 2026Q1,"{""sector"": ""Manufacturing""}",ead_s2,abs_change,2026Q2 vs 2026Q1,29965.609999999986,PUBLISHED_EXACT,29965.609999999928,c3,
B-C13-1,core,R:sector=Construction:ead_s2:abs_change:2026Q2 vs 2026Q1,"{""sector"": ""Construction""}",ead_s2,abs_change,2026Q2 vs 2026Q1,-27196.22999999998,PUBLISHED_EXACT,-27196.230000002193,c4,
B-C13-1,core,R:sector=Chemicals:ead_s2:abs_change:2026Q2 vs 2026Q1,"{""sector"": ""Chemicals""}",ead_s2,abs_change,2026Q2 vs 2026Q1,16879.33,PUBLISHED_EXACT,16879.32999999993,c5,
B-C13-1,core,RANKING,,,,,"[{""sector"": ""Retail Trade""}, {""sector"": ""Hospitality""}, {""sector"": ""Manufacturing""}, {""sector"": ""Construction""}, {""sector"": ""Chemicals""}]",OK,"[{""sector"": ""Retail Trade""}, {""sector"": ""Hospitality""}, {""sector"": ""Manufacturing""}, {""sector"": ""Construction""}, {""sector"": ""Chemicals""}]",,
B-C13-2,core,R:total:ead_s2:abs_change,{},ead_s2,abs_change,2026Q2 vs 2026Q1,148751.11,PUBLISHED_EXACT,148751.1099999991,c0,
B-C13-2,core,R:sector=Retail Trade:ead_s2:abs_change:2026Q2 vs 2026Q1,"{""sector"": ""Retail Trade""}",ead_s2,abs_change,2026Q2 vs 2026Q1,50905.330000000016,PUBLISHED_EXACT,50905.329999999725,c1,
B-C13-2,core,R:sector=Hospitality:ead_s2:abs_change:2026Q2 vs 2026Q1,"{""sector"": ""Hospitality""}",ead_s2,abs_change,2026Q2 vs 2026Q1,39982.92999999999,PUBLISHED_EXACT,39982.92999999999,c2,
B-C13-2,core,R:sector=Manufacturing:ead_s2:abs_change:2026Q2 vs 2026Q1,"{""sector"": ""Manufacturing""}",ead_s2,abs_change,2026Q2 vs 2026Q1,29965.609999999986,PUBLISHED_EXACT,29965.609999999928,c3,
B-C13-2,core,R:sector=Construction:ead_s2:abs_change:2026Q2 vs 2026Q1,"{""sector"": ""Construction""}",ead_s2,abs_change,2026Q2 vs 2026Q1,-27196.22999999998,PUBLISHED_EXACT,-27196.230000002193,c4,
B-C13-2,core,R:sector=Chemicals:ead_s2:abs_change:2026Q2 vs 2026Q1,"{""sector"": ""Chemicals""}",ead_s2,abs_change,2026Q2 vs 2026Q1,16879.33,PUBLISHED_EXACT,16879.32999999993,c5,
B-C13-2,core,RANKING,,,,,"[{""sector"": ""Retail Trade""}, {""sector"": ""Hospitality""}, {""sector"": ""Manufacturing""}, {""sector"": ""Construction""}, {""sector"": ""Chemicals""}]",OK,"[{""sector"": ""Retail Trade""}, {""sector"": ""Hospitality""}, {""sector"": ""Manufacturing""}, {""sector"": ""Construction""}, {""sector"": ""Chemicals""}]",,
B-R01-1,core,R:total:ead:2026-08,{},ead,value,2026-08,19738.83214,PUBLISHED_EXACT,19738.832140000075,c0,
B-R01-2,core,R:total:ead:2026-08,{},ead,value,2026-08,19738.83214,PUBLISHED_EXACT,19738.832140000075,c0,
B-R02-1,core,R:total:ecl:2026-08,{},ecl,value,2026-08,224.556578,PUBLISHED_EXACT,224.55657799999955,c0,
B-R02-2,core,R:total:ecl:2026-08,{},ecl,value,2026-08,224.556578,PUBLISHED_EXACT,224.55657799999955,c0,
B-R03-1,core,R:product=Mortgage:ead:2026-08,"{""product"": ""Mortgage""}",ead,value,2026-08,16648.92204,PUBLISHED_EXACT,16648.92203999996,c0,
B-R03-1,core,R:product=Personal Finance:ead:2026-08,"{""product"": ""Personal Finance""}",ead,value,2026-08,1796.9443,PUBLISHED_EXACT,1796.9443000000022,c1,
B-R03-1,core,R:product=Auto Finance:ead:2026-08,"{""product"": ""Auto Finance""}",ead,value,2026-08,740.8253,PUBLISHED_EXACT,740.8253000000019,c2,
B-R03-1,core,R:product=Credit Card:ead:2026-08,"{""product"": ""Credit Card""}",ead,value,2026-08,513.18428,PUBLISHED_EXACT,513.1842799999981,c3,
B-R03-1,core,R:product=Buy Now Pay Later:ead:2026-08,"{""product"": ""Buy Now Pay Later""}",ead,value,2026-08,38.95622,PUBLISHED_EXACT,38.95622000000003,c4,
B-R03-2,core,R:product=Mortgage:ead:2026-08,"{""product"": ""Mortgage""}",ead,value,2026-08,16648.92204,PUBLISHED_EXACT,16648.92203999996,c0,
B-R03-2,core,R:product=Personal Finance:ead:2026-08,"{""product"": ""Personal Finance""}",ead,value,2026-08,1796.9443,PUBLISHED_EXACT,1796.9443000000022,c1,
B-R03-2,core,R:product=Auto Finance:ead:2026-08,"{""product"": ""Auto Finance""}",ead,value,2026-08,740.8253,PUBLISHED_EXACT,740.8253000000019,c2,
B-R03-2,core,R:product=Credit Card:ead:2026-08,"{""product"": ""Credit Card""}",ead,value,2026-08,513.18428,PUBLISHED_EXACT,513.1842799999981,c3,
B-R03-2,core,R:product=Buy Now Pay Later:ead:2026-08,"{""product"": ""Buy Now Pay Later""}",ead,value,2026-08,38.95622,PUBLISHED_EXACT,38.95622000000003,c4,
B-R04-1,core,R:product=Mortgage:ead_s2:2026-08,"{""product"": ""Mortgage""}",ead_s2,value,2026-08,600.75019,PUBLISHED_EXACT,600.7501900000005,c0,
B-R04-1,core,R:product=Personal Finance:ead_s2:2026-08,"{""product"": ""Personal Finance""}",ead_s2,value,2026-08,213.63618,PUBLISHED_EXACT,213.63617999999994,c1,
B-R04-1,core,R:product=Credit Card:ead_s2:2026-08,"{""product"": ""Credit Card""}",ead_s2,value,2026-08,109.60529,PUBLISHED_EXACT,109.60529,c2,
B-R04-1,core,R:product=Auto Finance:ead_s2:2026-08,"{""product"": ""Auto Finance""}",ead_s2,value,2026-08,15.77941,PUBLISHED_EXACT,15.77941,c3,
B-R04-1,core,R:product=Buy Now Pay Later:ead_s2:2026-08,"{""product"": ""Buy Now Pay Later""}",ead_s2,value,2026-08,7.43595,PUBLISHED_EXACT,7.435949999999996,c4,
B-R04-2,core,R:product=Mortgage:ead_s2:2026-08,"{""product"": ""Mortgage""}",ead_s2,value,2026-08,600.75019,PUBLISHED_EXACT,600.7501900000005,c0,
B-R04-2,core,R:product=Personal Finance:ead_s2:2026-08,"{""product"": ""Personal Finance""}",ead_s2,value,2026-08,213.63618,PUBLISHED_EXACT,213.63617999999994,c1,
B-R04-2,core,R:product=Credit Card:ead_s2:2026-08,"{""product"": ""Credit Card""}",ead_s2,value,2026-08,109.60529,PUBLISHED_EXACT,109.60529,c2,
B-R04-2,core,R:product=Auto Finance:ead_s2:2026-08,"{""product"": ""Auto Finance""}",ead_s2,value,2026-08,15.77941,PUBLISHED_EXACT,15.77941,c3,
B-R04-2,core,R:product=Buy Now Pay Later:ead_s2:2026-08,"{""product"": ""Buy Now Pay Later""}",ead_s2,value,2026-08,7.43595,PUBLISHED_EXACT,7.435949999999996,c4,
B-R05-1,core,R:total:coverage:2026-08,{},coverage,value,2026-08,0.01137638622,PUBLISHED_EXACT,0.01137638622220933,c0,
B-R05-2,core,R:total:coverage:2026-08,{},coverage,value,2026-08,0.01137638622,PUBLISHED_EXACT,0.01137638622220933,c0,
B-R06-1,core,R:product=Credit Card:s2_share:2026-08,"{""product"": ""Credit Card""}",s2_share,value,2026-08,0.2135788142,PUBLISHED_EXACT,0.21357881422244734,c0,
B-R06-1,core,R:product=Buy Now Pay Later:s2_share:2026-08,"{""product"": ""Buy Now Pay Later""}",s2_share,value,2026-08,0.1908796593,PUBLISHED_EXACT,0.19087965926878916,c1,
B-R06-1,core,R:product=Personal Finance:s2_share:2026-08,"{""product"": ""Personal Finance""}",s2_share,value,2026-08,0.1188885933,PUBLISHED_EXACT,0.1188885932635751,c2,
B-R06-1,core,R:product=Mortgage:s2_share:2026-08,"{""product"": ""Mortgage""}",s2_share,value,2026-08,0.03608342862,PUBLISHED_EXACT,0.03608342861818109,c3,
B-R06-1,core,R:product=Auto Finance:s2_share:2026-08,"{""product"": ""Auto Finance""}",s2_share,value,2026-08,0.02129977202,PUBLISHED_EXACT,0.021299772024524485,c4,
B-R06-2,core,R:product=Credit Card:s2_share:2026-08,"{""product"": ""Credit Card""}",s2_share,value,2026-08,0.2135788142,PUBLISHED_EXACT,0.21357881422244734,c0,
B-R06-2,core,R:product=Buy Now Pay Later:s2_share:2026-08,"{""product"": ""Buy Now Pay Later""}",s2_share,value,2026-08,0.1908796593,PUBLISHED_EXACT,0.19087965926878916,c1,
B-R06-2,core,R:product=Personal Finance:s2_share:2026-08,"{""product"": ""Personal Finance""}",s2_share,value,2026-08,0.1188885933,PUBLISHED_EXACT,0.1188885932635751,c2,
B-R06-2,core,R:product=Mortgage:s2_share:2026-08,"{""product"": ""Mortgage""}",s2_share,value,2026-08,0.03608342862,PUBLISHED_EXACT,0.03608342861818109,c3,
B-R06-2,core,R:product=Auto Finance:s2_share:2026-08,"{""product"": ""Auto Finance""}",s2_share,value,2026-08,0.02129977202,PUBLISHED_EXACT,0.021299772024524485,c4,
B-R07-1,core,R:total:ecl:abs_change:2026-08 vs 2026-07,{},ecl,abs_change,2026-08 vs 2026-07,19.189461999999992,PUBLISHED_EXACT,19.18946199999928,c0,
B-R07-1,core,R:total:ecl:pct_change:2026-08 vs 2026-07,{},ecl,pct_change,2026-08 vs 2026-07,0.09343979880401102,PUBLISHED_EXACT,0.09343979880400743,c1,
B-R07-2,core,R:total:ecl:abs_change:2026-08 vs 2026-07,{},ecl,abs_change,2026-08 vs 2026-07,19.189461999999992,PUBLISHED_EXACT,19.18946199999928,c0,
B-R07-2,core,R:total:ecl:pct_change:2026-08 vs 2026-07,{},ecl,pct_change,2026-08 vs 2026-07,0.09343979880401102,PUBLISHED_EXACT,0.09343979880400743,c1,
B-R08-1,core,R:total:dpd30_ead:2026-08,{},dpd30_ead,value,2026-08,347.71208,PUBLISHED_EXACT,347.7120799999998,c0,
B-R08-2,core,R:total:dpd30_ead:2026-08,{},dpd30_ead,value,2026-08,347.71208,PUBLISHED_EXACT,347.7120799999998,c0,
B-R09-1,core,R:delinquency_bucket=Current:ead:2026-08,"{""delinquency_bucket"": ""Current""}",ead,value,2026-08,19243.95666,PUBLISHED_EXACT,19243.95666000003,c0,
B-R09-1,core,R:delinquency_bucket=90+:ead:2026-08,"{""delinquency_bucket"": ""90+""}",ead,value,2026-08,184.85222,PUBLISHED_EXACT,184.85221999999996,c1,
B-R09-1,core,R:delinquency_bucket=1-29:ead:2026-08,"{""delinquency_bucket"": ""1-29""}",ead,value,2026-08,147.1634,PUBLISHED_EXACT,147.16340000000014,c2,
B-R09-1,core,R:delinquency_bucket=30-59:ead:2026-08,"{""delinquency_bucket"": ""30-59""}",ead,value,2026-08,92.2027,PUBLISHED_EXACT,92.20270000000009,c3,
B-R09-1,core,R:delinquency_bucket=60-89:ead:2026-08,"{""delinquency_bucket"": ""60-89""}",ead,value,2026-08,70.65716,PUBLISHED_EXACT,70.65715999999999,c4,
B-R09-2,core,R:delinquency_bucket=Current:ead:2026-08,"{""delinquency_bucket"": ""Current""}",ead,value,2026-08,19243.95666,PUBLISHED_EXACT,19243.95666000003,c0,
B-R09-2,core,R:delinquency_bucket=90+:ead:2026-08,"{""delinquency_bucket"": ""90+""}",ead,value,2026-08,184.85222,PUBLISHED_EXACT,184.85221999999996,c1,
B-R09-2,core,R:delinquency_bucket=1-29:ead:2026-08,"{""delinquency_bucket"": ""1-29""}",ead,value,2026-08,147.1634,PUBLISHED_EXACT,147.16340000000014,c2,
B-R09-2,core,R:delinquency_bucket=30-59:ead:2026-08,"{""delinquency_bucket"": ""30-59""}",ead,value,2026-08,92.2027,PUBLISHED_EXACT,92.20270000000009,c3,
B-R09-2,core,R:delinquency_bucket=60-89:ead:2026-08,"{""delinquency_bucket"": ""60-89""}",ead,value,2026-08,70.65716,PUBLISHED_EXACT,70.65715999999999,c4,
B-R10-1,core,R:product=Credit Card:s2_share:2026-08,"{""product"": ""Credit Card""}",s2_share,value,2026-08,0.2135788142,PUBLISHED_EXACT,0.21357881422244734,c0,
B-R10-1,core,R:product=Buy Now Pay Later:s2_share:2026-08,"{""product"": ""Buy Now Pay Later""}",s2_share,value,2026-08,0.1908796593,PUBLISHED_EXACT,0.19087965926878916,c1,
B-R10-1,core,R:product=Personal Finance:s2_share:2026-08,"{""product"": ""Personal Finance""}",s2_share,value,2026-08,0.1188885933,PUBLISHED_EXACT,0.1188885932635751,c2,
B-R10-1,core,R:product=Mortgage:s2_share:2026-08,"{""product"": ""Mortgage""}",s2_share,value,2026-08,0.03608342862,PUBLISHED_EXACT,0.03608342861818109,c3,
B-R10-1,core,R:product=Auto Finance:s2_share:2026-08,"{""product"": ""Auto Finance""}",s2_share,value,2026-08,0.02129977202,PUBLISHED_EXACT,0.021299772024524485,c4,
B-R10-1,core,RANKING,,,,,"[{""product"": ""Credit Card""}, {""product"": ""Buy Now Pay Later""}, {""product"": ""Personal Finance""}, {""product"": ""Mortgage""}, {""product"": ""Auto Finance""}]",OK,"[{""product"": ""Credit Card""}, {""product"": ""Buy Now Pay Later""}, {""product"": ""Personal Finance""}, {""product"": ""Mortgage""}, {""product"": ""Auto Finance""}]",,
B-R10-2,core,R:product=Credit Card:s2_share:2026-08,"{""product"": ""Credit Card""}",s2_share,value,2026-08,0.2135788142,PUBLISHED_EXACT,0.21357881422244734,c0,
B-R10-2,core,R:product=Buy Now Pay Later:s2_share:2026-08,"{""product"": ""Buy Now Pay Later""}",s2_share,value,2026-08,0.1908796593,PUBLISHED_EXACT,0.19087965926878916,c1,
B-R10-2,core,R:product=Personal Finance:s2_share:2026-08,"{""product"": ""Personal Finance""}",s2_share,value,2026-08,0.1188885933,PUBLISHED_EXACT,0.1188885932635751,c2,
B-R10-2,core,R:product=Mortgage:s2_share:2026-08,"{""product"": ""Mortgage""}",s2_share,value,2026-08,0.03608342862,PUBLISHED_EXACT,0.03608342861818109,c3,
B-R10-2,core,R:product=Auto Finance:s2_share:2026-08,"{""product"": ""Auto Finance""}",s2_share,value,2026-08,0.02129977202,PUBLISHED_EXACT,0.021299772024524485,c4,
B-R10-2,core,RANKING,,,,,"[{""product"": ""Credit Card""}, {""product"": ""Buy Now Pay Later""}, {""product"": ""Personal Finance""}, {""product"": ""Mortgage""}, {""product"": ""Auto Finance""}]",OK,"[{""product"": ""Credit Card""}, {""product"": ""Buy Now Pay Later""}, {""product"": ""Personal Finance""}, {""product"": ""Mortgage""}, {""product"": ""Auto Finance""}]",,
B-R11-1,core,R:product=Auto Finance:ead:latest:2026-08,"{""product"": ""Auto Finance""}",ead,latest,2026-08,740.8253,PUBLISHED_EXACT,740.8253000000019,c0,
B-R11-1,core,R:product=Auto Finance:ead:base:2026-07,"{""product"": ""Auto Finance""}",ead,base,2026-07,724.06218,PUBLISHED_EXACT,724.0621800000009,c1,
B-R11-1,core,R:product=Auto Finance:ead:abs_change:2026-08 vs 2026-07,"{""product"": ""Auto Finance""}",ead,abs_change,2026-08 vs 2026-07,16.763119999999958,PUBLISHED_EXACT,16.76312000000098,c2,
B-R11-1,core,R:product=Auto Finance:ead:pct_change:2026-08 vs 2026-07,"{""product"": ""Auto Finance""}",ead,pct_change,2026-08 vs 2026-07,0.02315149232072853,PUBLISHED_EXACT,0.023151492320729914,c3,
B-R11-1,core,R:product=Buy Now Pay Later:ead:latest:2026-08,"{""product"": ""Buy Now Pay Later""}",ead,latest,2026-08,38.95622,PUBLISHED_EXACT,38.95622000000003,c4,
B-R11-1,core,R:product=Buy Now Pay Later:ead:base:2026-07,"{""product"": ""Buy Now Pay Later""}",ead,base,2026-07,30.69455,PUBLISHED_EXACT,30.69454999999997,c5,
B-R11-1,core,R:product=Buy Now Pay Later:ead:abs_change:2026-08 vs 2026-07,"{""product"": ""Buy Now Pay Later""}",ead,abs_change,2026-08 vs 2026-07,8.261670000000002,PUBLISHED_EXACT,8.26167000000006,c6,
B-R11-1,core,R:product=Buy Now Pay Later:ead:pct_change:2026-08 vs 2026-07,"{""product"": ""Buy Now Pay Later""}",ead,pct_change,2026-08 vs 2026-07,0.2691575540283211,PUBLISHED_EXACT,0.26915755402832314,c7,
B-R11-1,core,R:product=Credit Card:ead:latest:2026-08,"{""product"": ""Credit Card""}",ead,latest,2026-08,513.18428,PUBLISHED_EXACT,513.1842799999981,c8,
B-R11-1,core,R:product=Credit Card:ead:base:2026-07,"{""product"": ""Credit Card""}",ead,base,2026-07,490.41892,PUBLISHED_EXACT,490.41891999999956,c9,
B-R11-1,core,R:product=Credit Card:ead:abs_change:2026-08 vs 2026-07,"{""product"": ""Credit Card""}",ead,abs_change,2026-08 vs 2026-07,22.76535999999993,PUBLISHED_EXACT,22.765359999998566,c10,
B-R11-1,core,R:product=Credit Card:ead:pct_change:2026-08 vs 2026-07,"{""product"": ""Credit Card""}",ead,pct_change,2026-08 vs 2026-07,0.046420231911117806,PUBLISHED_EXACT,0.046420231911115065,c11,
B-R11-1,core,R:product=Mortgage:ead:latest:2026-08,"{""product"": ""Mortgage""}",ead,latest,2026-08,16648.92204,PUBLISHED_EXACT,16648.92203999996,c12,
B-R11-1,core,R:product=Mortgage:ead:base:2026-07,"{""product"": ""Mortgage""}",ead,base,2026-07,15828.48193,PUBLISHED_EXACT,15828.481929999945,c13,
B-R11-1,core,R:product=Mortgage:ead:abs_change:2026-08 vs 2026-07,"{""product"": ""Mortgage""}",ead,abs_change,2026-08 vs 2026-07,820.4401100000014,PUBLISHED_EXACT,820.4401100000159,c14,
B-R11-1,core,R:product=Mortgage:ead:pct_change:2026-08 vs 2026-07,"{""product"": ""Mortgage""}",ead,pct_change,2026-08 vs 2026-07,0.051833152012196876,PUBLISHED_EXACT,0.05183315201219797,c15,
B-R11-1,core,R:product=Personal Finance:ead:latest:2026-08,"{""product"": ""Personal Finance""}",ead,latest,2026-08,1796.9443,PUBLISHED_EXACT,1796.9443000000022,c16,
B-R11-1,core,R:product=Personal Finance:ead:base:2026-07,"{""product"": ""Personal Finance""}",ead,base,2026-07,1746.61215,PUBLISHED_EXACT,1746.6121500000081,c17,
B-R11-1,core,R:product=Personal Finance:ead:abs_change:2026-08 vs 2026-07,"{""product"": ""Personal Finance""}",ead,abs_change,2026-08 vs 2026-07,50.33215000000018,PUBLISHED_EXACT,50.332149999994044,c18,
B-R11-1,core,R:product=Personal Finance:ead:pct_change:2026-08 vs 2026-07,"{""product"": ""Personal Finance""}",ead,pct_change,2026-08 vs 2026-07,0.028817015844072872,PUBLISHED_EXACT,0.028817015844069222,c19,
B-R11-2,core,R:product=Auto Finance:ead:latest:2026-08,"{""product"": ""Auto Finance""}",ead,latest,2026-08,740.8253,PUBLISHED_EXACT,740.8253000000019,c0,
B-R11-2,core,R:product=Auto Finance:ead:base:2026-07,"{""product"": ""Auto Finance""}",ead,base,2026-07,724.06218,PUBLISHED_EXACT,724.0621800000009,c1,
B-R11-2,core,R:product=Auto Finance:ead:abs_change:2026-08 vs 2026-07,"{""product"": ""Auto Finance""}",ead,abs_change,2026-08 vs 2026-07,16.763119999999958,PUBLISHED_EXACT,16.76312000000098,c2,
B-R11-2,core,R:product=Auto Finance:ead:pct_change:2026-08 vs 2026-07,"{""product"": ""Auto Finance""}",ead,pct_change,2026-08 vs 2026-07,0.02315149232072853,PUBLISHED_EXACT,0.023151492320729914,c3,
B-R11-2,core,R:product=Buy Now Pay Later:ead:latest:2026-08,"{""product"": ""Buy Now Pay Later""}",ead,latest,2026-08,38.95622,PUBLISHED_EXACT,38.95622000000003,c4,
B-R11-2,core,R:product=Buy Now Pay Later:ead:base:2026-07,"{""product"": ""Buy Now Pay Later""}",ead,base,2026-07,30.69455,PUBLISHED_EXACT,30.69454999999997,c5,
B-R11-2,core,R:product=Buy Now Pay Later:ead:abs_change:2026-08 vs 2026-07,"{""product"": ""Buy Now Pay Later""}",ead,abs_change,2026-08 vs 2026-07,8.261670000000002,PUBLISHED_EXACT,8.26167000000006,c6,
B-R11-2,core,R:product=Buy Now Pay Later:ead:pct_change:2026-08 vs 2026-07,"{""product"": ""Buy Now Pay Later""}",ead,pct_change,2026-08 vs 2026-07,0.2691575540283211,PUBLISHED_EXACT,0.26915755402832314,c7,
B-R11-2,core,R:product=Credit Card:ead:latest:2026-08,"{""product"": ""Credit Card""}",ead,latest,2026-08,513.18428,PUBLISHED_EXACT,513.1842799999981,c8,
B-R11-2,core,R:product=Credit Card:ead:base:2026-07,"{""product"": ""Credit Card""}",ead,base,2026-07,490.41892,PUBLISHED_EXACT,490.41891999999956,c9,
B-R11-2,core,R:product=Credit Card:ead:abs_change:2026-08 vs 2026-07,"{""product"": ""Credit Card""}",ead,abs_change,2026-08 vs 2026-07,22.76535999999993,PUBLISHED_EXACT,22.765359999998566,c10,
B-R11-2,core,R:product=Credit Card:ead:pct_change:2026-08 vs 2026-07,"{""product"": ""Credit Card""}",ead,pct_change,2026-08 vs 2026-07,0.046420231911117806,PUBLISHED_EXACT,0.046420231911115065,c11,
B-R11-2,core,R:product=Mortgage:ead:latest:2026-08,"{""product"": ""Mortgage""}",ead,latest,2026-08,16648.92204,PUBLISHED_EXACT,16648.92203999996,c12,
B-R11-2,core,R:product=Mortgage:ead:base:2026-07,"{""product"": ""Mortgage""}",ead,base,2026-07,15828.48193,PUBLISHED_EXACT,15828.481929999945,c13,
B-R11-2,core,R:product=Mortgage:ead:abs_change:2026-08 vs 2026-07,"{""product"": ""Mortgage""}",ead,abs_change,2026-08 vs 2026-07,820.4401100000014,PUBLISHED_EXACT,820.4401100000159,c14,
B-R11-2,core,R:product=Mortgage:ead:pct_change:2026-08 vs 2026-07,"{""product"": ""Mortgage""}",ead,pct_change,2026-08 vs 2026-07,0.051833152012196876,PUBLISHED_EXACT,0.05183315201219797,c15,
B-R11-2,core,R:product=Personal Finance:ead:latest:2026-08,"{""product"": ""Personal Finance""}",ead,latest,2026-08,1796.9443,PUBLISHED_EXACT,1796.9443000000022,c16,
B-R11-2,core,R:product=Personal Finance:ead:base:2026-07,"{""product"": ""Personal Finance""}",ead,base,2026-07,1746.61215,PUBLISHED_EXACT,1746.6121500000081,c17,
B-R11-2,core,R:product=Personal Finance:ead:abs_change:2026-08 vs 2026-07,"{""product"": ""Personal Finance""}",ead,abs_change,2026-08 vs 2026-07,50.33215000000018,PUBLISHED_EXACT,50.332149999994044,c18,
B-R11-2,core,R:product=Personal Finance:ead:pct_change:2026-08 vs 2026-07,"{""product"": ""Personal Finance""}",ead,pct_change,2026-08 vs 2026-07,0.028817015844072872,PUBLISHED_EXACT,0.028817015844069222,c19,
B-R12-1,core,R:product=Mortgage:ead:2026-08,"{""product"": ""Mortgage""}",ead,value,2026-08,16648.92204,PUBLISHED_EXACT,16648.92203999996,c0,
B-R12-1,core,R:product=Mortgage:ead_s2:2026-08,"{""product"": ""Mortgage""}",ead_s2,value,2026-08,600.75019,PUBLISHED_EXACT,600.7501900000005,c1,
B-R12-1,core,R:product=Mortgage:ead_s3:2026-08,"{""product"": ""Mortgage""}",ead_s3,value,2026-08,70.59315,PUBLISHED_EXACT,70.59315,c2,
B-R12-1,core,R:product=Mortgage:ecl:2026-08,"{""product"": ""Mortgage""}",ecl,value,2026-08,45.144157,PUBLISHED_EXACT,45.1441569999999,c3,
B-R12-1,core,R:product=Mortgage:coverage:2026-08,"{""product"": ""Mortgage""}",coverage,value,2026-08,0.002711536332,PUBLISHED_EXACT,0.0027115363319942607,c4,
B-R12-1,core,R:product=Personal Finance:ead:2026-08,"{""product"": ""Personal Finance""}",ead,value,2026-08,1796.9443,PUBLISHED_EXACT,1796.9443000000022,c5,
B-R12-1,core,R:product=Personal Finance:ead_s2:2026-08,"{""product"": ""Personal Finance""}",ead_s2,value,2026-08,213.63618,PUBLISHED_EXACT,213.63617999999994,c6,
B-R12-1,core,R:product=Personal Finance:ead_s3:2026-08,"{""product"": ""Personal Finance""}",ead_s3,value,2026-08,70.09473,PUBLISHED_EXACT,70.09473000000001,c7,
B-R12-1,core,R:product=Personal Finance:ecl:2026-08,"{""product"": ""Personal Finance""}",ecl,value,2026-08,108.162217,PUBLISHED_EXACT,108.16221700000004,c8,
B-R12-1,core,R:product=Personal Finance:coverage:2026-08,"{""product"": ""Personal Finance""}",coverage,value,2026-08,0.06019230368,PUBLISHED_EXACT,0.06019230367908449,c9,
B-R12-1,core,R:product=Auto Finance:ead:2026-08,"{""product"": ""Auto Finance""}",ead,value,2026-08,740.8253,PUBLISHED_EXACT,740.8253000000019,c10,
B-R12-1,core,R:product=Auto Finance:ead_s2:2026-08,"{""product"": ""Auto Finance""}",ead_s2,value,2026-08,15.77941,PUBLISHED_EXACT,15.77941,c11,
B-R12-1,core,R:product=Auto Finance:ead_s3:2026-08,"{""product"": ""Auto Finance""}",ead_s3,value,2026-08,9.84009,PUBLISHED_EXACT,9.84009,c12,
B-R12-1,core,R:product=Auto Finance:ecl:2026-08,"{""product"": ""Auto Finance""}",ecl,value,2026-08,8.820381,PUBLISHED_EXACT,8.820380999999976,c13,
B-R12-1,core,R:product=Auto Finance:coverage:2026-08,"{""product"": ""Auto Finance""}",coverage,value,2026-08,0.0119061552,PUBLISHED_EXACT,0.011906155202852755,c14,
B-R12-1,core,R:product=Credit Card:ead:2026-08,"{""product"": ""Credit Card""}",ead,value,2026-08,513.18428,PUBLISHED_EXACT,513.1842799999981,c15,
B-R12-1,core,R:product=Credit Card:ead_s2:2026-08,"{""product"": ""Credit Card""}",ead_s2,value,2026-08,109.60529,PUBLISHED_EXACT,109.60529,c16,
B-R12-1,core,R:product=Credit Card:ead_s3:2026-08,"{""product"": ""Credit Card""}",ead_s3,value,2026-08,33.3852,PUBLISHED_EXACT,33.38519999999998,c17,
B-R12-1,core,R:product=Credit Card:ecl:2026-08,"{""product"": ""Credit Card""}",ecl,value,2026-08,59.750233,PUBLISHED_EXACT,59.75023299999997,c18,
B-R12-1,core,R:product=Credit Card:coverage:2026-08,"{""product"": ""Credit Card""}",coverage,value,2026-08,0.1164303649,PUBLISHED_EXACT,0.11643036493635422,c19,
B-R12-1,core,R:product=Buy Now Pay Later:ead:2026-08,"{""product"": ""Buy Now Pay Later""}",ead,value,2026-08,38.95622,PUBLISHED_EXACT,38.95622000000003,c20,
B-R12-1,core,R:product=Buy Now Pay Later:ead_s2:2026-08,"{""product"": ""Buy Now Pay Later""}",ead_s2,value,2026-08,7.43595,PUBLISHED_EXACT,7.435949999999996,c21,
B-R12-1,core,R:product=Buy Now Pay Later:ead_s3:2026-08,"{""product"": ""Buy Now Pay Later""}",ead_s3,value,2026-08,0.93905,PUBLISHED_EXACT,0.9390499999999996,c22,
B-R12-1,core,R:product=Buy Now Pay Later:ecl:2026-08,"{""product"": ""Buy Now Pay Later""}",ecl,value,2026-08,2.67959,PUBLISHED_EXACT,2.6795900000000055,c23,
B-R12-1,core,R:product=Buy Now Pay Later:coverage:2026-08,"{""product"": ""Buy Now Pay Later""}",coverage,value,2026-08,0.06878465108,PUBLISHED_EXACT,0.06878465107754303,c24,
B-R12-2,core,R:product=Mortgage:ead:2026-08,"{""product"": ""Mortgage""}",ead,value,2026-08,16648.92204,PUBLISHED_EXACT,16648.92203999996,c0,
B-R12-2,core,R:product=Mortgage:ead_s2:2026-08,"{""product"": ""Mortgage""}",ead_s2,value,2026-08,600.75019,PUBLISHED_EXACT,600.7501900000005,c1,
B-R12-2,core,R:product=Mortgage:ead_s3:2026-08,"{""product"": ""Mortgage""}",ead_s3,value,2026-08,70.59315,PUBLISHED_EXACT,70.59315,c2,
B-R12-2,core,R:product=Mortgage:ecl:2026-08,"{""product"": ""Mortgage""}",ecl,value,2026-08,45.144157,PUBLISHED_EXACT,45.1441569999999,c3,
B-R12-2,core,R:product=Mortgage:coverage:2026-08,"{""product"": ""Mortgage""}",coverage,value,2026-08,0.002711536332,PUBLISHED_EXACT,0.0027115363319942607,c4,
B-R12-2,core,R:product=Personal Finance:ead:2026-08,"{""product"": ""Personal Finance""}",ead,value,2026-08,1796.9443,PUBLISHED_EXACT,1796.9443000000022,c5,
B-R12-2,core,R:product=Personal Finance:ead_s2:2026-08,"{""product"": ""Personal Finance""}",ead_s2,value,2026-08,213.63618,PUBLISHED_EXACT,213.63617999999994,c6,
B-R12-2,core,R:product=Personal Finance:ead_s3:2026-08,"{""product"": ""Personal Finance""}",ead_s3,value,2026-08,70.09473,PUBLISHED_EXACT,70.09473000000001,c7,
B-R12-2,core,R:product=Personal Finance:ecl:2026-08,"{""product"": ""Personal Finance""}",ecl,value,2026-08,108.162217,PUBLISHED_EXACT,108.16221700000004,c8,
B-R12-2,core,R:product=Personal Finance:coverage:2026-08,"{""product"": ""Personal Finance""}",coverage,value,2026-08,0.06019230368,PUBLISHED_EXACT,0.06019230367908449,c9,
B-R12-2,core,R:product=Auto Finance:ead:2026-08,"{""product"": ""Auto Finance""}",ead,value,2026-08,740.8253,PUBLISHED_EXACT,740.8253000000019,c10,
B-R12-2,core,R:product=Auto Finance:ead_s2:2026-08,"{""product"": ""Auto Finance""}",ead_s2,value,2026-08,15.77941,PUBLISHED_EXACT,15.77941,c11,
B-R12-2,core,R:product=Auto Finance:ead_s3:2026-08,"{""product"": ""Auto Finance""}",ead_s3,value,2026-08,9.84009,PUBLISHED_EXACT,9.84009,c12,
B-R12-2,core,R:product=Auto Finance:ecl:2026-08,"{""product"": ""Auto Finance""}",ecl,value,2026-08,8.820381,PUBLISHED_EXACT,8.820380999999976,c13,
B-R12-2,core,R:product=Auto Finance:coverage:2026-08,"{""product"": ""Auto Finance""}",coverage,value,2026-08,0.0119061552,PUBLISHED_EXACT,0.011906155202852755,c14,
B-R12-2,core,R:product=Credit Card:ead:2026-08,"{""product"": ""Credit Card""}",ead,value,2026-08,513.18428,PUBLISHED_EXACT,513.1842799999981,c15,
B-R12-2,core,R:product=Credit Card:ead_s2:2026-08,"{""product"": ""Credit Card""}",ead_s2,value,2026-08,109.60529,PUBLISHED_EXACT,109.60529,c16,
B-R12-2,core,R:product=Credit Card:ead_s3:2026-08,"{""product"": ""Credit Card""}",ead_s3,value,2026-08,33.3852,PUBLISHED_EXACT,33.38519999999998,c17,
B-R12-2,core,R:product=Credit Card:ecl:2026-08,"{""product"": ""Credit Card""}",ecl,value,2026-08,59.750233,PUBLISHED_EXACT,59.75023299999997,c18,
B-R12-2,core,R:product=Credit Card:coverage:2026-08,"{""product"": ""Credit Card""}",coverage,value,2026-08,0.1164303649,PUBLISHED_EXACT,0.11643036493635422,c19,
B-R12-2,core,R:product=Buy Now Pay Later:ead:2026-08,"{""product"": ""Buy Now Pay Later""}",ead,value,2026-08,38.95622,PUBLISHED_EXACT,38.95622000000003,c20,
B-R12-2,core,R:product=Buy Now Pay Later:ead_s2:2026-08,"{""product"": ""Buy Now Pay Later""}",ead_s2,value,2026-08,7.43595,PUBLISHED_EXACT,7.435949999999996,c21,
B-R12-2,core,R:product=Buy Now Pay Later:ead_s3:2026-08,"{""product"": ""Buy Now Pay Later""}",ead_s3,value,2026-08,0.93905,PUBLISHED_EXACT,0.9390499999999996,c22,
B-R12-2,core,R:product=Buy Now Pay Later:ecl:2026-08,"{""product"": ""Buy Now Pay Later""}",ecl,value,2026-08,2.67959,PUBLISHED_EXACT,2.6795900000000055,c23,
B-R12-2,core,R:product=Buy Now Pay Later:coverage:2026-08,"{""product"": ""Buy Now Pay Later""}",coverage,value,2026-08,0.06878465108,PUBLISHED_EXACT,0.06878465107754303,c24,
C-C01,core,R:sector=Construction:s2_share:2026Q2,"{""sector"": ""Construction""}",s2_share,value,2026Q2,0.5437819063,PUBLISHED_EXACT,0.5437819063068957,c0,
C-C01,core,R:sector=Real Estate:s2_share:2026Q2,"{""sector"": ""Real Estate""}",s2_share,value,2026Q2,0.5147113291,PUBLISHED_EXACT,0.5147113291151939,c1,
C-C01,core,R:sector=Retail Trade:s2_share:2026Q2,"{""sector"": ""Retail Trade""}",s2_share,value,2026Q2,0.4094844868,PUBLISHED_EXACT,0.40948448676759786,c2,
C-C01,core,R:sector=Hospitality:s2_share:2026Q2,"{""sector"": ""Hospitality""}",s2_share,value,2026Q2,0.4021943605,PUBLISHED_EXACT,0.4021943604645791,c3,
C-C01,core,R:sector=Transport and Logistics:s2_share:2026Q2,"{""sector"": ""Transport and Logistics""}",s2_share,value,2026Q2,0.2282826417,PUBLISHED_EXACT,0.22828264172691476,c4,
C-C01,core,R:sector=Manufacturing:s2_share:2026Q2,"{""sector"": ""Manufacturing""}",s2_share,value,2026Q2,0.2229996165,PUBLISHED_EXACT,0.22299961650754102,c5,
C-C01,core,R:sector=Agriculture and Agri-processing:s2_share:2026Q2,"{""sector"": ""Agriculture and Agri-processing""}",s2_share,value,2026Q2,0.2039188246,PUBLISHED_EXACT,0.20391882461067742,c6,
C-C01,core,R:sector=Metals and Mining:s2_share:2026Q2,"{""sector"": ""Metals and Mining""}",s2_share,value,2026Q2,0.1762033446,PUBLISHED_EXACT,0.1762033446173091,c7,
C-C01,core,R:sector=Wholesale Trade:s2_share:2026Q2,"{""sector"": ""Wholesale Trade""}",s2_share,value,2026Q2,0.14591148,PUBLISHED_EXACT,0.14591148003737042,c8,
C-C01,core,R:sector=Telecommunications:s2_share:2026Q2,"{""sector"": ""Telecommunications""}",s2_share,value,2026Q2,0.1344041313,PUBLISHED_EXACT,0.13440413127639328,c9,
C-C01,core,R:sector=Information Technology:s2_share:2026Q2,"{""sector"": ""Information Technology""}",s2_share,value,2026Q2,0.1041328374,PUBLISHED_EXACT,0.10413283737051288,c10,
C-C01,core,R:sector=Healthcare:s2_share:2026Q2,"{""sector"": ""Healthcare""}",s2_share,value,2026Q2,0.1026400423,PUBLISHED_EXACT,0.10264004230410743,c11,
C-C01,core,R:sector=Chemicals:s2_share:2026Q2,"{""sector"": ""Chemicals""}",s2_share,value,2026Q2,0.09345883438,PUBLISHED_EXACT,0.09345883437965935,c12,
C-C01,core,R:sector=Power and Utilities:s2_share:2026Q2,"{""sector"": ""Power and Utilities""}",s2_share,value,2026Q2,0.05688022699,PUBLISHED_EXACT,0.056880226993304056,c13,
C-C01,core,RANKING,,,,,"[{""sector"": ""Construction""}, {""sector"": ""Real Estate""}, {""sector"": ""Retail Trade""}, {""sector"": ""Hospitality""}, {""sector"": ""Transport and Logistics""}, {""sector"": ""Manufacturing""}, {""sector"": ""Agriculture and Agri-processing""}, {""sector"": ""Metals and Mining""}, {""sector"": ""Wholesale Trade""}, {""sector"": ""Telecommunications""}, {""sector"": ""Information Technology""}, {""sector"": ""Healthcare""}, {""sector"": ""Chemicals""}, {""sector"": ""Power and Utilities""}]",OK,"[{""sector"": ""Construction""}, {""sector"": ""Real Estate""}, {""sector"": ""Retail Trade""}, {""sector"": ""Hospitality""}, {""sector"": ""Transport and Logistics""}, {""sector"": ""Manufacturing""}, {""sector"": ""Agriculture and Agri-processing""}, {""sector"": ""Metals and Mining""}, {""sector"": ""Wholesale Trade""}, {""sector"": ""Telecommunications""}, {""sector"": ""Information Technology""}, {""sector"": ""Healthcare""}, {""sector"": ""Chemicals""}, {""sector"": ""Power and Utilities""}]",,
C-C02,core,R:sector=Construction:ead:latest:2026Q2,"{""sector"": ""Construction""}",ead,latest,2026Q2,1869524.58,PUBLISHED_EXACT,1869524.5800000022,c0,
C-C02,core,R:sector=Construction:ead:base:2026Q1,"{""sector"": ""Construction""}",ead,base,2026Q1,1815327.55,PUBLISHED_EXACT,1815327.55,c1,
C-C02,core,R:sector=Construction:ead:abs_change:2026Q2 vs 2026Q1,"{""sector"": ""Construction""}",ead,abs_change,2026Q2 vs 2026Q1,54197.03000000003,PUBLISHED_EXACT,54197.03000000212,c2,
C-C02,core,R:sector=Construction:ead:pct_change:2026Q2 vs 2026Q1,"{""sector"": ""Construction""}",ead,pct_change,2026Q2 vs 2026Q1,0.029855234665501565,PUBLISHED_EXACT,0.02985523466550272,c3,
C-C02,core,R:sector=Hospitality:ead:latest:2026Q2,"{""sector"": ""Hospitality""}",ead,latest,2026Q2,1114146.03,PUBLISHED_EXACT,1114146.0300000017,c4,
C-C02,core,R:sector=Hospitality:ead:base:2026Q1,"{""sector"": ""Hospitality""}",ead,base,2026Q1,1088828.3,PUBLISHED_EXACT,1088828.3,c5,
C-C02,core,R:sector=Hospitality:ead:abs_change:2026Q2 vs 2026Q1,"{""sector"": ""Hospitality""}",ead,abs_change,2026Q2 vs 2026Q1,25317.72999999998,PUBLISHED_EXACT,25317.73000000161,c6,
C-C02,core,R:sector=Hospitality:ead:pct_change:2026Q2 vs 2026Q1,"{""sector"": ""Hospitality""}",ead,pct_change,2026Q2 vs 2026Q1,0.023252270353369745,PUBLISHED_EXACT,0.023252270353371244,c7,
C-C02,core,R:sector=Manufacturing:ead:latest:2026Q2,"{""sector"": ""Manufacturing""}",ead,latest,2026Q2,1345476.26,PUBLISHED_EXACT,1345476.2599999965,c8,
C-C02,core,R:sector=Manufacturing:ead:base:2026Q1,"{""sector"": ""Manufacturing""}",ead,base,2026Q1,1310941.77,PUBLISHED_EXACT,1310941.7699999986,c9,
C-C02,core,R:sector=Manufacturing:ead:abs_change:2026Q2 vs 2026Q1,"{""sector"": ""Manufacturing""}",ead,abs_change,2026Q2 vs 2026Q1,34534.48999999999,PUBLISHED_EXACT,34534.489999997895,c10,
C-C02,core,R:sector=Manufacturing:ead:pct_change:2026Q2 vs 2026Q1,"{""sector"": ""Manufacturing""}",ead,pct_change,2026Q2 vs 2026Q1,0.026343267710510123,PUBLISHED_EXACT,0.026343267710508555,c11,
C-C02,core,R:sector=Real Estate:ead:latest:2026Q2,"{""sector"": ""Real Estate""}",ead,latest,2026Q2,1614126.76,PUBLISHED_EXACT,1614126.7599999986,c12,
C-C02,core,R:sector=Real Estate:ead:base:2026Q1,"{""sector"": ""Real Estate""}",ead,base,2026Q1,1576768.11,PUBLISHED_EXACT,1576768.11,c13,
C-C02,core,R:sector=Real Estate:ead:abs_change:2026Q2 vs 2026Q1,"{""sector"": ""Real Estate""}",ead,abs_change,2026Q2 vs 2026Q1,37358.64999999991,PUBLISHED_EXACT,37358.64999999851,c14,
C-C02,core,R:sector=Real Estate:ead:pct_change:2026Q2 vs 2026Q1,"{""sector"": ""Real Estate""}",ead,pct_change,2026Q2 vs 2026Q1,0.023693179588722087,PUBLISHED_EXACT,0.023693179588721202,c15,
C-C02,core,R:sector=Transport and Logistics:ead:latest:2026Q2,"{""sector"": ""Transport and Logistics""}",ead,latest,2026Q2,1139204.05,PUBLISHED_EXACT,1139204.049999999,c16,
C-C02,core,R:sector=Transport and Logistics:ead:base:2026Q1,"{""sector"": ""Transport and Logistics""}",ead,base,2026Q1,1120067.82,PUBLISHED_EXACT,1120067.8199999984,c17,
C-C02,core,R:sector=Transport and Logistics:ead:abs_change:2026Q2 vs 2026Q1,"{""sector"": ""Transport and Logistics""}",ead,abs_change,2026Q2 vs 2026Q1,19136.22999999998,PUBLISHED_EXACT,19136.23000000068,c18,
C-C02,core,R:sector=Transport and Logistics:ead:pct_change:2026Q2 vs 2026Q1,"{""sector"": ""Transport and Logistics""}",ead,pct_change,2026Q2 vs 2026Q1,0.017084885092047353,PUBLISHED_EXACT,0.017084885092048002,c19,
C-C02,core,RANKING,,,,,"[{""sector"": ""Construction""}, {""sector"": ""Real Estate""}, {""sector"": ""Manufacturing""}, {""sector"": ""Transport and Logistics""}, {""sector"": ""Hospitality""}]",OK,"[{""sector"": ""Construction""}, {""sector"": ""Real Estate""}, {""sector"": ""Manufacturing""}, {""sector"": ""Transport and Logistics""}, {""sector"": ""Hospitality""}]",,
C-C03,core,R:sector=Construction:ead:abs_change:2026Q2 vs 2026Q1,"{""sector"": ""Construction""}",ead,abs_change,2026Q2 vs 2026Q1,54197.03000000003,PUBLISHED_EXACT,54197.03000000119,c0,
C-C03,core,R:sector=Construction:ead:pct_change:2026Q2 vs 2026Q1,"{""sector"": ""Construction""}",ead,pct_change,2026Q2 vs 2026Q1,0.029855234665501565,PUBLISHED_EXACT,0.029855234665502207,c1,
C-C03,core,R:sector=Power and Utilities:ead:abs_change:2026Q2 vs 2026Q1,"{""sector"": ""Power and Utilities""}",ead,abs_change,2026Q2 vs 2026Q1,13276.54999999993,PUBLISHED_EXACT,13276.549999999232,c2,
C-C03,core,R:sector=Power and Utilities:ead:pct_change:2026Q2 vs 2026Q1,"{""sector"": ""Power and Utilities""}",ead,pct_change,2026Q2 vs 2026Q1,0.014200510777929352,PUBLISHED_EXACT,0.01420051077792861,c3,
C-C03,core,R:sector=Construction:ead_s2:abs_change:2026Q2 vs 2026Q1,"{""sector"": ""Construction""}",ead_s2,abs_change,2026Q2 vs 2026Q1,-27196.22999999998,PUBLISHED_EXACT,-27196.230000001844,c4,
C-C03,core,R:sector=Construction:ead_s2:pct_change:2026Q2 vs 2026Q1,"{""sector"": ""Construction""}",ead_s2,pct_change,2026Q2 vs 2026Q1,-0.026054773749169455,PUBLISHED_EXACT,-0.02605477374917121,c5,
C-C03,core,R:sector=Power and Utilities:ead_s2:abs_change:2026Q2 vs 2026Q1,"{""sector"": ""Power and Utilities""}",ead_s2,abs_change,2026Q2 vs 2026Q1,-6905.93,PUBLISHED_EXACT,-6905.930000000037,c6,
C-C03,core,R:sector=Power and Utilities:ead_s2:pct_change:2026Q2 vs 2026Q1,"{""sector"": ""Power and Utilities""}",ead_s2,pct_change,2026Q2 vs 2026Q1,-0.11350895128894617,PUBLISHED_EXACT,-0.11350895128894674,c7,
C-C03,core,MEMBERSHIP,,,,,[],OK,[],,
C-C04,core,R:sector=Construction:ead_s3:abs_change:2026Q2 vs 2026Q1,"{""sector"": ""Construction""}",ead_s3,abs_change,2026Q2 vs 2026Q1,177403.55,PUBLISHED_EXACT,177403.55000000028,c0,
C-C04,core,R:sector=Construction:ead_s3:pct_change:2026Q2 vs 2026Q1,"{""sector"": ""Construction""}",ead_s3,pct_change,2026Q2 vs 2026Q1,0.6196885865182704,PUBLISHED_EXACT,0.6196885865182717,c1,
C-C04,core,R:sector=Information Technology:ead_s3:abs_change:2026Q2 vs 2026Q1,"{""sector"": ""Information Technology""}",ead_s3,abs_change,2026Q2 vs 2026Q1,6975.15,PUBLISHED_EXACT,6975.150000000006,c2,
C-C04,core,R:sector=Information Technology:ead_s3:pct_change:2026Q2 vs 2026Q1,"{""sector"": ""Information Technology""}",ead_s3,pct_change,2026Q2 vs 2026Q1,1.1099538841980974,PUBLISHED_EXACT,1.1099538841980985,c3,
C-C04,core,R:sector=Manufacturing:ead_s3:abs_change:2026Q2 vs 2026Q1,"{""sector"": ""Manufacturing""}",ead_s3,abs_change,2026Q2 vs 2026Q1,15101.270000000004,PUBLISHED_EXACT,15101.26999999999,c4,
C-C04,core,R:sector=Manufacturing:ead_s3:pct_change:2026Q2 vs 2026Q1,"{""sector"": ""Manufacturing""}",ead_s3,pct_change,2026Q2 vs 2026Q1,0.38113528887246706,PUBLISHED_EXACT,0.38113528887246667,c5,
C-C04,core,R:sector=Real Estate:ead_s3:abs_change:2026Q2 vs 2026Q1,"{""sector"": ""Real Estate""}",ead_s3,abs_change,2026Q2 vs 2026Q1,96747.77000000002,PUBLISHED_EXACT,96747.76999999979,c6,
C-C04,core,R:sector=Real Estate:ead_s3:pct_change:2026Q2 vs 2026Q1,"{""sector"": ""Real Estate""}",ead_s3,pct_change,2026Q2 vs 2026Q1,0.45933090158502976,PUBLISHED_EXACT,0.45933090158502865,c7,
C-C04,core,R:sector=Retail Trade:ead_s3:abs_change:2026Q2 vs 2026Q1,"{""sector"": ""Retail Trade""}",ead_s3,abs_change,2026Q2 vs 2026Q1,22960.319999999992,PUBLISHED_EXACT,22960.320000000058,c8,
C-C04,core,R:sector=Retail Trade:ead_s3:pct_change:2026Q2 vs 2026Q1,"{""sector"": ""Retail Trade""}",ead_s3,pct_change,2026Q2 vs 2026Q1,0.4480720777121008,PUBLISHED_EXACT,0.4480720777121021,c9,
C-C04,core,MEMBERSHIP,,,,,[],OK,[],,
C-C05,core,R:sector=Construction:ead:2026Q2,"{""sector"": ""Construction""}",ead,value,2026Q2,1869524.58,PUBLISHED_EXACT,1869524.5800000012,c0,
C-C05,core,R:sector=Construction:ead_s2:2026Q2,"{""sector"": ""Construction""}",ead_s2,value,2026Q2,1016613.64,PUBLISHED_EXACT,1016613.6399999993,c1,
C-C05,core,R:sector=Construction:ead_s3:2026Q2,"{""sector"": ""Construction""}",ead_s3,value,2026Q2,463682.1,PUBLISHED_EXACT,463682.1000000001,c2,
C-C05,core,R:sector=Construction:ecl:2026Q2,"{""sector"": ""Construction""}",ecl,value,2026Q2,275511.7424,PUBLISHED_EXACT,275511.74239999935,c3,
C-C05,core,R:sector=Construction:coverage:2026Q2,"{""sector"": ""Construction""}",coverage,value,2026Q2,0.1473699492,PUBLISHED_EXACT,0.14736994920922578,c4,
C-C05,core,R:sector=Real Estate:ead:2026Q2,"{""sector"": ""Real Estate""}",ead,value,2026Q2,1614126.76,PUBLISHED_EXACT,1614126.7599999988,c5,
C-C05,core,R:sector=Real Estate:ead_s2:2026Q2,"{""sector"": ""Real Estate""}",ead_s2,value,2026Q2,830809.33,PUBLISHED_EXACT,830809.330000001,c6,
C-C05,core,R:sector=Real Estate:ead_s3:2026Q2,"{""sector"": ""Real Estate""}",ead_s3,value,2026Q2,307375.38,PUBLISHED_EXACT,307375.3799999998,c7,
C-C05,core,R:sector=Real Estate:ecl:2026Q2,"{""sector"": ""Real Estate""}",ecl,value,2026Q2,185429.6386,PUBLISHED_EXACT,185429.63859999974,c8,
C-C05,core,R:sector=Real Estate:coverage:2026Q2,"{""sector"": ""Real Estate""}",coverage,value,2026Q2,0.1148792296,PUBLISHED_EXACT,0.11487922955939339,c9,
C-C05,core,R:sector=Manufacturing:ead:2026Q2,"{""sector"": ""Manufacturing""}",ead,value,2026Q2,1345476.26,PUBLISHED_EXACT,1345476.259999997,c10,
C-C05,core,R:sector=Manufacturing:ead_s2:2026Q2,"{""sector"": ""Manufacturing""}",ead_s2,value,2026Q2,300040.69,PUBLISHED_EXACT,300040.6899999999,c11,
C-C05,core,R:sector=Manufacturing:ead_s3:2026Q2,"{""sector"": ""Manufacturing""}",ead_s3,value,2026Q2,54723.08,PUBLISHED_EXACT,54723.079999999994,c12,
C-C05,core,R:sector=Manufacturing:ecl:2026Q2,"{""sector"": ""Manufacturing""}",ecl,value,2026Q2,36037.6179,PUBLISHED_EXACT,36037.61789999996,c13,
C-C05,core,R:sector=Manufacturing:coverage:2026Q2,"{""sector"": ""Manufacturing""}",coverage,value,2026Q2,0.02678428373,PUBLISHED_EXACT,0.02678428373013437,c14,
C-C05,core,R:sector=Transport and Logistics:ead:2026Q2,"{""sector"": ""Transport and Logistics""}",ead,value,2026Q2,1139204.05,PUBLISHED_EXACT,1139204.0499999986,c15,
C-C05,core,R:sector=Transport and Logistics:ead_s2:2026Q2,"{""sector"": ""Transport and Logistics""}",ead_s2,value,2026Q2,260060.51,PUBLISHED_EXACT,260060.50999999998,c16,
C-C05,core,R:sector=Transport and Logistics:ead_s3:2026Q2,"{""sector"": ""Transport and Logistics""}",ead_s3,value,2026Q2,65275.73,PUBLISHED_EXACT,65275.73000000002,c17,
C-C05,core,R:sector=Transport and Logistics:ecl:2026Q2,"{""sector"": ""Transport and Logistics""}",ecl,value,2026Q2,39188.2542,PUBLISHED_EXACT,39188.25420000007,c18,
C-C05,core,R:sector=Transport and Logistics:coverage:2026Q2,"{""sector"": ""Transport and Logistics""}",coverage,value,2026Q2,0.0343996795,PUBLISHED_EXACT,0.03439967949552156,c19,
C-C05,core,R:sector=Hospitality:ead:2026Q2,"{""sector"": ""Hospitality""}",ead,value,2026Q2,1114146.03,PUBLISHED_EXACT,1114146.0300000005,c20,
C-C05,core,R:sector=Hospitality:ead_s2:2026Q2,"{""sector"": ""Hospitality""}",ead_s2,value,2026Q2,448103.25,PUBLISHED_EXACT,448103.25,c21,
C-C05,core,R:sector=Hospitality:ead_s3:2026Q2,"{""sector"": ""Hospitality""}",ead_s3,value,2026Q2,87820.85,PUBLISHED_EXACT,87820.84999999998,c22,
C-C05,core,R:sector=Hospitality:ecl:2026Q2,"{""sector"": ""Hospitality""}",ecl,value,2026Q2,58920.0258,PUBLISHED_EXACT,58920.025799999945,c23,
C-C05,core,R:sector=Hospitality:coverage:2026Q2,"{""sector"": ""Hospitality""}",coverage,value,2026Q2,0.05288357559,PUBLISHED_EXACT,0.05288357559376657,c24,
C-C05,core,R:sector=Retail Trade:ead:2026Q2,"{""sector"": ""Retail Trade""}",ead,value,2026Q2,1084802.61,PUBLISHED_EXACT,1084802.6099999985,c25,
C-C05,core,R:sector=Retail Trade:ead_s2:2026Q2,"{""sector"": ""Retail Trade""}",ead_s2,value,2026Q2,444209.84,PUBLISHED_EXACT,444209.83999999997,c26,
C-C05,core,R:sector=Retail Trade:ead_s3:2026Q2,"{""sector"": ""Retail Trade""}",ead_s3,value,2026Q2,74202.79,PUBLISHED_EXACT,74202.79000000005,c27,
C-C05,core,R:sector=Retail Trade:ecl:2026Q2,"{""sector"": ""Retail Trade""}",ecl,value,2026Q2,50052.1579,PUBLISHED_EXACT,50052.15790000002,c28,
C-C05,core,R:sector=Retail Trade:coverage:2026Q2,"{""sector"": ""Retail Trade""}",coverage,value,2026Q2,0.04613941508,PUBLISHED_EXACT,0.04613941507755046,c29,
C-C05,core,R:sector=Chemicals:ead:2026Q2,"{""sector"": ""Chemicals""}",ead,value,2026Q2,1044725.42,PUBLISHED_EXACT,1044725.419999999,c30,
C-C05,core,R:sector=Chemicals:ead_s2:2026Q2,"{""sector"": ""Chemicals""}",ead_s2,value,2026Q2,97638.82,PUBLISHED_EXACT,97638.81999999996,c31,
C-C05,core,R:sector=Chemicals:ead_s3:2026Q2,"{""sector"": ""Chemicals""}",ead_s3,value,2026Q2,35684.4,PUBLISHED_EXACT,35684.4,c32,
C-C05,core,R:sector=Chemicals:ecl:2026Q2,"{""sector"": ""Chemicals""}",ecl,value,2026Q2,20882.8811,PUBLISHED_EXACT,20882.88109999998,c33,
C-C05,core,R:sector=Chemicals:coverage:2026Q2,"{""sector"": ""Chemicals""}",coverage,value,2026Q2,0.01998887047,PUBLISHED_EXACT,0.019988870472779346,c34,
C-C05,core,R:sector=Wholesale Trade:ead:2026Q2,"{""sector"": ""Wholesale Trade""}",ead,value,2026Q2,967189.97,PUBLISHED_EXACT,967189.9700000006,c35,
C-C05,core,R:sector=Wholesale Trade:ead_s2:2026Q2,"{""sector"": ""Wholesale Trade""}",ead_s2,value,2026Q2,141124.12,PUBLISHED_EXACT,141124.11999999997,c36,
C-C05,core,R:sector=Wholesale Trade:ead_s3:2026Q2,"{""sector"": ""Wholesale Trade""}",ead_s3,value,2026Q2,48579.51,PUBLISHED_EXACT,48579.509999999995,c37,
C-C05,core,R:sector=Wholesale Trade:ecl:2026Q2,"{""sector"": ""Wholesale Trade""}",ecl,value,2026Q2,26758.485,PUBLISHED_EXACT,26758.484999999986,c38,
C-C05,core,R:sector=Wholesale Trade:coverage:2026Q2,"{""sector"": ""Wholesale Trade""}",coverage,value,2026Q2,0.02766621432,PUBLISHED_EXACT,0.02766621432188753,c39,
C-C05,core,R:sector=Information Technology:ead:2026Q2,"{""sector"": ""Information Technology""}",ead,value,2026Q2,960477.91,PUBLISHED_EXACT,960477.909999999,c40,
C-C05,core,R:sector=Information Technology:ead_s2:2026Q2,"{""sector"": ""Information Technology""}",ead_s2,value,2026Q2,100017.29,PUBLISHED_EXACT,100017.29,c41,
C-C05,core,R:sector=Information Technology:ead_s3:2026Q2,"{""sector"": ""Information Technology""}",ead_s3,value,2026Q2,13259.33,PUBLISHED_EXACT,13259.330000000005,c42,
C-C05,core,R:sector=Information Technology:ecl:2026Q2,"{""sector"": ""Information Technology""}",ecl,value,2026Q2,11314.1339,PUBLISHED_EXACT,11314.133900000003,c43,
C-C05,core,R:sector=Information Technology:coverage:2026Q2,"{""sector"": ""Information Technology""}",coverage,value,2026Q2,0.01177969195,PUBLISHED_EXACT,0.011779691945231738,c44,
C-C05,core,R:sector=Power and Utilities:ead:2026Q2,"{""sector"": ""Power and Utilities""}",ead,value,2026Q2,948211.23,PUBLISHED_EXACT,948211.2299999989,c45,
C-C05,core,R:sector=Power and Utilities:ead_s2:2026Q2,"{""sector"": ""Power and Utilities""}",ead_s2,value,2026Q2,53934.47,PUBLISHED_EXACT,53934.46999999998,c46,
C-C05,core,R:sector=Power and Utilities:ead_s3:2026Q2,"{""sector"": ""Power and Utilities""}",ead_s3,value,2026Q2,12938.51,PUBLISHED_EXACT,12938.509999999997,c47,
C-C05,core,R:sector=Power and Utilities:ecl:2026Q2,"{""sector"": ""Power and Utilities""}",ecl,value,2026Q2,10358.8423,PUBLISHED_EXACT,10358.8423,c48,
C-C05,core,R:sector=Power and Utilities:coverage:2026Q2,"{""sector"": ""Power and Utilities""}",coverage,value,2026Q2,0.01092461466,PUBLISHED_EXACT,0.01092461465574502,c49,
C-C05,core,R:sector=Healthcare:ead:2026Q2,"{""sector"": ""Healthcare""}",ead,value,2026Q2,938348.6,PUBLISHED_EXACT,938348.6000000003,c50,
C-C05,core,R:sector=Healthcare:ead_s2:2026Q2,"{""sector"": ""Healthcare""}",ead_s2,value,2026Q2,96312.14,PUBLISHED_EXACT,96312.14000000001,c51,
C-C05,core,R:sector=Healthcare:ead_s3:2026Q2,"{""sector"": ""Healthcare""}",ead_s3,value,2026Q2,17352.37,PUBLISHED_EXACT,17352.370000000003,c52,
C-C05,core,R:sector=Healthcare:ecl:2026Q2,"{""sector"": ""Healthcare""}",ecl,value,2026Q2,14014.5711,PUBLISHED_EXACT,14014.571100000001,c53,
C-C05,core,R:sector=Healthcare:coverage:2026Q2,"{""sector"": ""Healthcare""}",coverage,value,2026Q2,0.01493535675,PUBLISHED_EXACT,0.01493535675334305,c54,
C-C05,core,R:sector=Agriculture and Agri-processing:ead:2026Q2,"{""sector"": ""Agriculture and Agri-processing""}",ead,value,2026Q2,895138.3,PUBLISHED_EXACT,895138.3000000005,c55,
C-C05,core,R:sector=Agriculture and Agri-processing:ead_s2:2026Q2,"{""sector"": ""Agriculture and Agri-processing""}",ead_s2,value,2026Q2,182535.55,PUBLISHED_EXACT,182535.55000000005,c56,
C-C05,core,R:sector=Agriculture and Agri-processing:ead_s3:2026Q2,"{""sector"": ""Agriculture and Agri-processing""}",ead_s3,value,2026Q2,40200.28,PUBLISHED_EXACT,40200.28000000002,c57,
C-C05,core,R:sector=Agriculture and Agri-processing:ecl:2026Q2,"{""sector"": ""Agriculture and Agri-processing""}",ecl,value,2026Q2,26130.7813,PUBLISHED_EXACT,26130.781300000053,c58,
C-C05,core,R:sector=Agriculture and Agri-processing:coverage:2026Q2,"{""sector"": ""Agriculture and Agri-processing""}",coverage,value,2026Q2,0.02919189281,PUBLISHED_EXACT,0.02919189280583798,c59,
C-C05,core,R:sector=Metals and Mining:ead:2026Q2,"{""sector"": ""Metals and Mining""}",ead,value,2026Q2,763418.88,PUBLISHED_EXACT,763418.8799999993,c60,
C-C05,core,R:sector=Metals and Mining:ead_s2:2026Q2,"{""sector"": ""Metals and Mining""}",ead_s2,value,2026Q2,134516.96,PUBLISHED_EXACT,134516.96000000002,c61,
C-C05,core,R:sector=Metals and Mining:ead_s3:2026Q2,"{""sector"": ""Metals and Mining""}",ead_s3,value,2026Q2,16640.65,PUBLISHED_EXACT,16640.65,c62,
C-C05,core,R:sector=Metals and Mining:ecl:2026Q2,"{""sector"": ""Metals and Mining""}",ecl,value,2026Q2,12842.2291,PUBLISHED_EXACT,12842.2291,c63,
C-C05,core,R:sector=Metals and Mining:coverage:2026Q2,"{""sector"": ""Metals and Mining""}",coverage,value,2026Q2,0.01682199568,PUBLISHED_EXACT,0.016821995678178686,c64,
C-C05,core,R:sector=Telecommunications:ead:2026Q2,"{""sector"": ""Telecommunications""}",ead,value,2026Q2,685223.58,PUBLISHED_EXACT,685223.5799999989,c65,
C-C05,core,R:sector=Telecommunications:ead_s2:2026Q2,"{""sector"": ""Telecommunications""}",ead_s2,value,2026Q2,92096.88,PUBLISHED_EXACT,92096.88000000002,c66,
C-C05,core,R:sector=Telecommunications:ead_s3:2026Q2,"{""sector"": ""Telecommunications""}",ead_s3,value,2026Q2,14786.74,PUBLISHED_EXACT,14786.740000000003,c67,
C-C05,core,R:sector=Telecommunications:ecl:2026Q2,"{""sector"": ""Telecommunications""}",ecl,value,2026Q2,12033.9893,PUBLISHED_EXACT,12033.989299999974,c68,
C-C05,core,R:sector=Telecommunications:coverage:2026Q2,"{""sector"": ""Telecommunications""}",coverage,value,2026Q2,0.01756213541,PUBLISHED_EXACT,0.017562135412794746,c69,
C-C06,core,R:total:ead_s2:abs_change,{},ead_s2,abs_change,2026Q2 vs 2026Q1,148751.11,PUBLISHED_EXACT,148751.1099999991,c0,
C-C06,core,R:sector=Retail Trade:ead_s2:abs_change:2026Q2 vs 2026Q1,"{""sector"": ""Retail Trade""}",ead_s2,abs_change,2026Q2 vs 2026Q1,50905.330000000016,PUBLISHED_EXACT,50905.329999999725,c1,
C-C06,core,R:sector=Hospitality:ead_s2:abs_change:2026Q2 vs 2026Q1,"{""sector"": ""Hospitality""}",ead_s2,abs_change,2026Q2 vs 2026Q1,39982.92999999999,PUBLISHED_EXACT,39982.92999999999,c2,
C-C06,core,R:sector=Manufacturing:ead_s2:abs_change:2026Q2 vs 2026Q1,"{""sector"": ""Manufacturing""}",ead_s2,abs_change,2026Q2 vs 2026Q1,29965.609999999986,PUBLISHED_EXACT,29965.609999999928,c3,
C-C06,core,R:sector=Construction:ead_s2:abs_change:2026Q2 vs 2026Q1,"{""sector"": ""Construction""}",ead_s2,abs_change,2026Q2 vs 2026Q1,-27196.22999999998,PUBLISHED_EXACT,-27196.230000002193,c4,
C-C06,core,R:sector=Chemicals:ead_s2:abs_change:2026Q2 vs 2026Q1,"{""sector"": ""Chemicals""}",ead_s2,abs_change,2026Q2 vs 2026Q1,16879.33,PUBLISHED_EXACT,16879.32999999993,c5,
C-C06,core,RANKING,,,,,"[{""sector"": ""Retail Trade""}, {""sector"": ""Hospitality""}, {""sector"": ""Manufacturing""}, {""sector"": ""Construction""}, {""sector"": ""Chemicals""}]",OK,"[{""sector"": ""Retail Trade""}, {""sector"": ""Hospitality""}, {""sector"": ""Manufacturing""}, {""sector"": ""Construction""}, {""sector"": ""Chemicals""}]",,
C-C07,core,R:total:ecl:ecl_change,{},ecl,ecl_change,2026Q2 vs 2026Q1,205204.12780000002,PUBLISHED_EXACT,205204.12780000025,c0,
C-C07,core,R:total:ecl:stock,{},ecl,stock,2026Q2 vs 2026Q1,12542.01767045307,PUBLISHED_EXACT,12542.017670454283,c1,
C-C07,core,R:total:ecl:rate,{},ecl,rate,2026Q2 vs 2026Q1,192662.1101295469,PUBLISHED_EXACT,192662.11012954597,c2,
C-C08,core,R:sector=Construction:ecl:ecl_change,"{""sector"": ""Construction""}",ecl,ecl_change,2026Q2 vs 2026Q1,96540.63749999998,PUBLISHED_EXACT,96540.63749999847,c0,
C-C08,core,R:sector=Construction:ecl:stock,"{""sector"": ""Construction""}",ecl,stock,2026Q2 vs 2026Q1,5343.224335133597,PUBLISHED_EXACT,5343.224335133738,c1,
C-C08,core,R:sector=Construction:ecl:rate,"{""sector"": ""Construction""}",ecl,rate,2026Q2 vs 2026Q1,91197.41316486638,PUBLISHED_EXACT,91197.41316486472,c2,
C-C08,core,R:sector=Real Estate:ecl:ecl_change,"{""sector"": ""Real Estate""}",ecl,ecl_change,2026Q2 vs 2026Q1,51524.383700000006,PUBLISHED_EXACT,51524.383699999715,c3,
C-C08,core,R:sector=Real Estate:ecl:stock,"{""sector"": ""Real Estate""}",ecl,stock,2026Q2 vs 2026Q1,3172.641252219308,PUBLISHED_EXACT,3172.6412522192104,c4,
C-C08,core,R:sector=Real Estate:ecl:rate,"{""sector"": ""Real Estate""}",ecl,rate,2026Q2 vs 2026Q1,48351.7424477807,PUBLISHED_EXACT,48351.7424477805,c5,
C-C08,core,R:sector=Retail Trade:ecl:ecl_change,"{""sector"": ""Retail Trade""}",ecl,ecl_change,2026Q2 vs 2026Q1,13892.007299999997,PUBLISHED_EXACT,13892.007299999932,c6,
C-C08,core,R:sector=Retail Trade:ecl:stock,"{""sector"": ""Retail Trade""}",ecl,stock,2026Q2 vs 2026Q1,759.6648973023616,PUBLISHED_EXACT,759.6648973023404,c7,
C-C08,core,R:sector=Retail Trade:ecl:rate,"{""sector"": ""Retail Trade""}",ecl,rate,2026Q2 vs 2026Q1,13132.342402697639,PUBLISHED_EXACT,13132.342402697597,c8,
C-C08,core,RANKING,,,,,"[{""sector"": ""Construction""}, {""sector"": ""Real Estate""}, {""sector"": ""Retail Trade""}]",OK,"[{""sector"": ""Construction""}, {""sector"": ""Real Estate""}, {""sector"": ""Retail Trade""}]",,
C-C09,core,R:sector=Construction:ead_s3:2026Q2,"{""sector"": ""Construction""}",ead_s3,value,2026Q2,463682.1,PUBLISHED_EXACT,463682.1000000001,c0,
C-C09,core,R:sector=Real Estate:ead_s3:2026Q2,"{""sector"": ""Real Estate""}",ead_s3,value,2026Q2,307375.38,PUBLISHED_EXACT,307375.3799999998,c1,
C-C09,core,R:sector=Hospitality:ead_s3:2026Q2,"{""sector"": ""Hospitality""}",ead_s3,value,2026Q2,87820.85,PUBLISHED_EXACT,87820.84999999998,c2,
C-C09,core,R:sector=Retail Trade:ead_s3:2026Q2,"{""sector"": ""Retail Trade""}",ead_s3,value,2026Q2,74202.79,PUBLISHED_EXACT,74202.79000000005,c3,
C-C09,core,R:sector=Transport and Logistics:ead_s3:2026Q2,"{""sector"": ""Transport and Logistics""}",ead_s3,value,2026Q2,65275.73,PUBLISHED_EXACT,65275.73000000002,c4,
C-C09,core,R:sector=Manufacturing:ead_s3:2026Q2,"{""sector"": ""Manufacturing""}",ead_s3,value,2026Q2,54723.08,PUBLISHED_EXACT,54723.079999999994,c5,
C-C09,core,R:sector=Wholesale Trade:ead_s3:2026Q2,"{""sector"": ""Wholesale Trade""}",ead_s3,value,2026Q2,48579.51,PUBLISHED_EXACT,48579.509999999995,c6,
C-C09,core,R:sector=Agriculture and Agri-processing:ead_s3:2026Q2,"{""sector"": ""Agriculture and Agri-processing""}",ead_s3,value,2026Q2,40200.28,PUBLISHED_EXACT,40200.28000000002,c7,
C-C09,core,R:sector=Chemicals:ead_s3:2026Q2,"{""sector"": ""Chemicals""}",ead_s3,value,2026Q2,35684.4,PUBLISHED_EXACT,35684.4,c8,
C-C09,core,R:sector=Healthcare:ead_s3:2026Q2,"{""sector"": ""Healthcare""}",ead_s3,value,2026Q2,17352.37,PUBLISHED_EXACT,17352.370000000003,c9,
C-C09,core,R:sector=Metals and Mining:ead_s3:2026Q2,"{""sector"": ""Metals and Mining""}",ead_s3,value,2026Q2,16640.65,PUBLISHED_EXACT,16640.65,c10,
C-C09,core,R:sector=Telecommunications:ead_s3:2026Q2,"{""sector"": ""Telecommunications""}",ead_s3,value,2026Q2,14786.74,PUBLISHED_EXACT,14786.740000000003,c11,
C-C09,core,R:sector=Information Technology:ead_s3:2026Q2,"{""sector"": ""Information Technology""}",ead_s3,value,2026Q2,13259.33,PUBLISHED_EXACT,13259.330000000005,c12,
C-C09,core,R:sector=Power and Utilities:ead_s3:2026Q2,"{""sector"": ""Power and Utilities""}",ead_s3,value,2026Q2,12938.51,PUBLISHED_EXACT,12938.509999999997,c13,
C-C09,core,R:total:ead_s3:2026Q2,{},ead_s3,value,2026Q2,1252521.72,PUBLISHED_EXACT,1252521.7199999997,c14,
C-C10,core,R:top3:sector:ead:share,{},ead,top3_share,2026Q2,0.3141914863217127,PUBLISHED_EXACT,0.31419148632171273,c0,
C-C10,core,R:top5:sector:ead:share,{},ead,top5_share,2026Q2,0.46079838294592906,PUBLISHED_EXACT,0.4607983829459292,c1,
C-C11,core,R:total:facilities,{},facilities,value,"2026Q2,2025Q2",117.0,PUBLISHED_EXACT,117.0,c0,
C-C11,core,R:total:ead_now,{},ead_now,value,"2026Q2,2025Q2",96959.31,PUBLISHED_EXACT,96959.31000000006,c1,
C-C12,core,R:sector=Construction:s2_share,"{""sector"": ""Construction""}",s2_share,value,2026Q2,0.5437819063,PUBLISHED_EXACT,0.5437819063068957,c0,
C-C12,core,R:sector=Construction:coverage,"{""sector"": ""Construction""}",coverage,value,2026Q2,0.1473699492,PUBLISHED_EXACT,0.14736994920922578,c1,
C-C12,core,R:sector=Real Estate:s2_share,"{""sector"": ""Real Estate""}",s2_share,value,2026Q2,0.5147113291,PUBLISHED_EXACT,0.5147113291151939,c2,
C-C12,core,R:sector=Real Estate:coverage,"{""sector"": ""Real Estate""}",coverage,value,2026Q2,0.1148792296,PUBLISHED_EXACT,0.11487922955939339,c3,
C-C12,core,MEMBERSHIP,,,,,[],OK,[],,
C-C13,core,R:sector=Agriculture and Agri-processing:ead_s3:pct_change:2026Q2 vs 2025Q2,"{""sector"": ""Agriculture and Agri-processing""}",ead_s3,pct_change,2026Q2 vs 2025Q2,0.5441969521144786,PUBLISHED_EXACT,0.5441969521144797,c0,
C-C13,core,R:sector=Chemicals:ead_s3:pct_change:2026Q2 vs 2025Q2,"{""sector"": ""Chemicals""}",ead_s3,pct_change,2026Q2 vs 2025Q2,0.19342267069642416,PUBLISHED_EXACT,0.19342267069642416,c1,
C-C13,core,R:sector=Construction:ead_s3:pct_change:2026Q2 vs 2025Q2,"{""sector"": ""Construction""}",ead_s3,pct_change,2026Q2 vs 2025Q2,2.623564409018921,PUBLISHED_EXACT,2.6235644090189214,c2,
C-C13,core,R:sector=Healthcare:ead_s3:pct_change:2026Q2 vs 2025Q2,"{""sector"": ""Healthcare""}",ead_s3,pct_change,2026Q2 vs 2025Q2,-0.039605998903031285,PUBLISHED_EXACT,-0.03960599890303128,c3,
C-C13,core,R:sector=Hospitality:ead_s3:pct_change:2026Q2 vs 2025Q2,"{""sector"": ""Hospitality""}",ead_s3,pct_change,2026Q2 vs 2025Q2,2.388120012823961,PUBLISHED_EXACT,2.38812001282396,c4,
C-C13,core,R:sector=Information Technology:ead_s3:pct_change:2026Q2 vs 2025Q2,"{""sector"": ""Information Technology""}",ead_s3,pct_change,2026Q2 vs 2025Q2,1.2567919936003267,PUBLISHED_EXACT,1.2567919936003276,c5,
C-C13,core,R:sector=Manufacturing:ead_s3:pct_change:2026Q2 vs 2025Q2,"{""sector"": ""Manufacturing""}",ead_s3,pct_change,2026Q2 vs 2025Q2,1.7753249361488042,PUBLISHED_EXACT,1.7753249361488037,c6,
C-C13,core,R:sector=Metals and Mining:ead_s3:pct_change:2026Q2 vs 2025Q2,"{""sector"": ""Metals and Mining""}",ead_s3,pct_change,2026Q2 vs 2025Q2,0.8531719295510357,PUBLISHED_EXACT,0.8531719295510357,c7,
C-C13,core,R:sector=Power and Utilities:ead_s3:pct_change:2026Q2 vs 2025Q2,"{""sector"": ""Power and Utilities""}",ead_s3,pct_change,2026Q2 vs 2025Q2,0.08348211294968846,PUBLISHED_EXACT,0.08348211294968816,c8,
C-C13,core,R:sector=Real Estate:ead_s3:pct_change:2026Q2 vs 2025Q2,"{""sector"": ""Real Estate""}",ead_s3,pct_change,2026Q2 vs 2025Q2,2.0177225385379507,PUBLISHED_EXACT,2.017722538537949,c9,
C-C13,core,R:sector=Retail Trade:ead_s3:pct_change:2026Q2 vs 2025Q2,"{""sector"": ""Retail Trade""}",ead_s3,pct_change,2026Q2 vs 2025Q2,1.3671084464951522,PUBLISHED_EXACT,1.367108446495154,c10,
C-C13,core,R:sector=Telecommunications:ead_s3:pct_change:2026Q2 vs 2025Q2,"{""sector"": ""Telecommunications""}",ead_s3,pct_change,2026Q2 vs 2025Q2,0.06621278338562224,PUBLISHED_EXACT,0.0662127833856225,c11,
C-C13,core,R:sector=Transport and Logistics:ead_s3:pct_change:2026Q2 vs 2025Q2,"{""sector"": ""Transport and Logistics""}",ead_s3,pct_change,2026Q2 vs 2025Q2,0.3601275286316406,PUBLISHED_EXACT,0.3601275286316409,c12,
C-C13,core,R:sector=Wholesale Trade:ead_s3:pct_change:2026Q2 vs 2025Q2,"{""sector"": ""Wholesale Trade""}",ead_s3,pct_change,2026Q2 vs 2025Q2,0.5442313255156761,PUBLISHED_EXACT,0.5442313255156759,c13,
C-C13,core,RANKING,,,,,"[{""sector"": ""Construction""}, {""sector"": ""Hospitality""}, {""sector"": ""Real Estate""}, {""sector"": ""Manufacturing""}, {""sector"": ""Retail Trade""}, {""sector"": ""Information Technology""}, {""sector"": ""Metals and Mining""}, {""sector"": ""Wholesale Trade""}, {""sector"": ""Agriculture and Agri-processing""}, {""sector"": ""Transport and Logistics""}, {""sector"": ""Chemicals""}, {""sector"": ""Power and Utilities""}, {""sector"": ""Telecommunications""}, {""sector"": ""Healthcare""}]",OK,"[{""sector"": ""Construction""}, {""sector"": ""Hospitality""}, {""sector"": ""Real Estate""}, {""sector"": ""Manufacturing""}, {""sector"": ""Retail Trade""}, {""sector"": ""Information Technology""}, {""sector"": ""Metals and Mining""}, {""sector"": ""Wholesale Trade""}, {""sector"": ""Agriculture and Agri-processing""}, {""sector"": ""Transport and Logistics""}, {""sector"": ""Chemicals""}, {""sector"": ""Power and Utilities""}, {""sector"": ""Telecommunications""}, {""sector"": ""Healthcare""}]",,
C-C14,core,R:total:ead_s3:abs_change,{},ead_s3,abs_change,2026Q2 vs 2026Q1,368515.04,PUBLISHED_EXACT,368515.04000000015,c0,
C-C14,core,R:sector=Construction:ead_s3:abs_change:2026Q2 vs 2026Q1,"{""sector"": ""Construction""}",ead_s3,abs_change,2026Q2 vs 2026Q1,177403.55,PUBLISHED_EXACT,177403.55000000028,c1,
C-C14,core,R:sector=Real Estate:ead_s3:abs_change:2026Q2 vs 2026Q1,"{""sector"": ""Real Estate""}",ead_s3,abs_change,2026Q2 vs 2026Q1,96747.77000000002,PUBLISHED_EXACT,96747.76999999979,c2,
C-C14,core,RANKING,,,,,"[{""sector"": ""Construction""}, {""sector"": ""Real Estate""}]",OK,"[{""sector"": ""Construction""}, {""sector"": ""Real Estate""}]",,
C-C15,core,R:region=Qassim:s2_share:2026Q2,"{""region"": ""Qassim""}",s2_share,value,2026Q2,0.3761730959,PUBLISHED_EXACT,0.3761730958770438,c0,
C-C15,core,R:region=Qassim:s3_share:2026Q2,"{""region"": ""Qassim""}",s3_share,value,2026Q2,0.1048403214,PUBLISHED_EXACT,0.10484032139702676,c1,
C-C15,core,R:region=Qassim:coverage:2026Q2,"{""region"": ""Qassim""}",coverage,value,2026Q2,0.06809814728,PUBLISHED_EXACT,0.06809814727845134,c2,
C-C15,core,R:region=Riyadh:s2_share:2026Q2,"{""region"": ""Riyadh""}",s2_share,value,2026Q2,0.2960207478,PUBLISHED_EXACT,0.29602074776840115,c3,
C-C15,core,R:region=Riyadh:s3_share:2026Q2,"{""region"": ""Riyadh""}",s3_share,value,2026Q2,0.08603055845,PUBLISHED_EXACT,0.08603055844527803,c4,
C-C15,core,R:region=Riyadh:coverage:2026Q2,"{""region"": ""Riyadh""}",coverage,value,2026Q2,0.0531833742,PUBLISHED_EXACT,0.05318337419530936,c5,
C-C15,core,R:region=Makkah:s2_share:2026Q2,"{""region"": ""Makkah""}",s2_share,value,2026Q2,0.2918011548,PUBLISHED_EXACT,0.2918011547591429,c6,
C-C15,core,R:region=Makkah:s3_share:2026Q2,"{""region"": ""Makkah""}",s3_share,value,2026Q2,0.1112755405,PUBLISHED_EXACT,0.11127554050370286,c7,
C-C15,core,R:region=Makkah:coverage:2026Q2,"{""region"": ""Makkah""}",coverage,value,2026Q2,0.0675030462,PUBLISHED_EXACT,0.06750304619624012,c8,
C-C15,core,R:region=Asir:s2_share:2026Q2,"{""region"": ""Asir""}",s2_share,value,2026Q2,0.2765605624,PUBLISHED_EXACT,0.2765605624167867,c9,
C-C15,core,R:region=Asir:s3_share:2026Q2,"{""region"": ""Asir""}",s3_share,value,2026Q2,0.04475692508,PUBLISHED_EXACT,0.0447569250805439,c10,
C-C15,core,R:region=Asir:coverage:2026Q2,"{""region"": ""Asir""}",coverage,value,2026Q2,0.03002695667,PUBLISHED_EXACT,0.030026956673931827,c11,
C-C15,core,R:region=Madinah:s2_share:2026Q2,"{""region"": ""Madinah""}",s2_share,value,2026Q2,0.2682232714,PUBLISHED_EXACT,0.26822327143114216,c12,
C-C15,core,R:region=Madinah:s3_share:2026Q2,"{""region"": ""Madinah""}",s3_share,value,2026Q2,0.09901823961,PUBLISHED_EXACT,0.09901823960524771,c13,
C-C15,core,R:region=Madinah:coverage:2026Q2,"{""region"": ""Madinah""}",coverage,value,2026Q2,0.05976410594,PUBLISHED_EXACT,0.059764105943569866,c14,
C-C15,core,R:region=Eastern Province:s2_share:2026Q2,"{""region"": ""Eastern Province""}",s2_share,value,2026Q2,0.2483742749,PUBLISHED_EXACT,0.24837427494900294,c15,
C-C15,core,R:region=Eastern Province:s3_share:2026Q2,"{""region"": ""Eastern Province""}",s3_share,value,2026Q2,0.07074890999,PUBLISHED_EXACT,0.07074890998872027,c16,
C-C15,core,R:region=Eastern Province:coverage:2026Q2,"{""region"": ""Eastern Province""}",coverage,value,2026Q2,0.0439855337,PUBLISHED_EXACT,0.04398553370219644,c17,
C-C15,core,R:region=Tabuk:s2_share:2026Q2,"{""region"": ""Tabuk""}",s2_share,value,2026Q2,0.239786637,PUBLISHED_EXACT,0.2397866369920873,c18,
C-C15,core,R:region=Tabuk:s3_share:2026Q2,"{""region"": ""Tabuk""}",s3_share,value,2026Q2,0.03870693036,PUBLISHED_EXACT,0.03870693035663407,c19,
C-C15,core,R:region=Tabuk:coverage:2026Q2,"{""region"": ""Tabuk""}",coverage,value,2026Q2,0.03121488198,PUBLISHED_EXACT,0.03121488198004788,c20,
C-C15,core,R:region=Northern Borders:s2_share:2026Q2,"{""region"": ""Northern Borders""}",s2_share,value,2026Q2,0.2251003315,PUBLISHED_EXACT,0.22510033149003816,c21,
C-C15,core,R:region=Northern Borders:s3_share:2026Q2,"{""region"": ""Northern Borders""}",s3_share,value,2026Q2,0.03288683974,PUBLISHED_EXACT,0.03288683974004883,c22,
C-C15,core,R:region=Northern Borders:coverage:2026Q2,"{""region"": ""Northern Borders""}",coverage,value,2026Q2,0.02169816485,PUBLISHED_EXACT,0.021698164853612444,c23,
C-C15,core,R:region=Hail:s2_share:2026Q2,"{""region"": ""Hail""}",s2_share,value,2026Q2,0.214783223,PUBLISHED_EXACT,0.21478322296257107,c24,
C-C15,core,R:region=Hail:s3_share:2026Q2,"{""region"": ""Hail""}",s3_share,value,2026Q2,0.0564026287,PUBLISHED_EXACT,0.056402628701826336,c25,
C-C15,core,R:region=Hail:coverage:2026Q2,"{""region"": ""Hail""}",coverage,value,2026Q2,0.03553555524,PUBLISHED_EXACT,0.03553555523871068,c26,
C-C15,core,R:region=Najran:s2_share:2026Q2,"{""region"": ""Najran""}",s2_share,value,2026Q2,0.04862786667,PUBLISHED_EXACT,0.048627866673332285,c27,
C-C15,core,R:region=Najran:s3_share:2026Q2,"{""region"": ""Najran""}",s3_share,value,2026Q2,0.02150882311,PUBLISHED_EXACT,0.021508823106387766,c28,
C-C15,core,R:region=Najran:coverage:2026Q2,"{""region"": ""Najran""}",coverage,value,2026Q2,0.01252828079,PUBLISHED_EXACT,0.012528280793146024,c29,
C-C16,core,R:borrower_name=Al Noor Infrastructure:ead_s3,"{""borrower_name"": ""Al Noor Infrastructure""}",ead_s3,value,2026Q2,6490.81,PUBLISHED_EXACT,6490.8099999999995,c0,
C-C16,core,R:borrower_name=Khamis Mushait Integrated Properties:ead_s3,"{""borrower_name"": ""Khamis Mushait Integrated Properties""}",ead_s3,value,2026Q2,6366.14,PUBLISHED_EXACT,6366.14,c1,
C-C16,core,R:borrower_name=Taif Modern Estates:ead_s3,"{""borrower_name"": ""Taif Modern Estates""}",ead_s3,value,2026Q2,5999.11,PUBLISHED_EXACT,5999.11,c2,
C-C16,core,R:borrower_name=Tuwaiq Continental Logistics:ead_s3,"{""borrower_name"": ""Tuwaiq Continental Logistics""}",ead_s3,value,2026Q2,5970.49,PUBLISHED_EXACT,5970.49,c3,
C-C16,core,R:borrower_name=Khamis Mushait National Estates:ead_s3,"{""borrower_name"": ""Khamis Mushait National Estates""}",ead_s3,value,2026Q2,5867.28,PUBLISHED_EXACT,5867.280000000001,c4,
C-C16,core,R:borrower_name=Rabigh Modern Properties:ead_s3,"{""borrower_name"": ""Rabigh Modern Properties""}",ead_s3,value,2026Q2,5691.64,PUBLISHED_EXACT,5691.640000000001,c5,
C-C16,core,R:borrower_name=Wadi Hanifah National Chemicals:ead_s3,"{""borrower_name"": ""Wadi Hanifah National Chemicals""}",ead_s3,value,2026Q2,5651.76,PUBLISHED_EXACT,5651.76,c6,
C-C16,core,R:borrower_name=Tuwaiq Central Properties:ead_s3,"{""borrower_name"": ""Tuwaiq Central Properties""}",ead_s3,value,2026Q2,5563.46,PUBLISHED_EXACT,5563.46,c7,
C-C16,core,R:borrower_name=Najd United Contracting:ead_s3,"{""borrower_name"": ""Najd United Contracting""}",ead_s3,value,2026Q2,5538.84,PUBLISHED_EXACT,5538.84,c8,
C-C16,core,R:borrower_name=Arar First Engineering:ead_s3,"{""borrower_name"": ""Arar First Engineering""}",ead_s3,value,2026Q2,5536.68,PUBLISHED_EXACT,5536.679999999999,c9,
C-C16,core,RANKING,,,,,"[{""borrower_name"": ""Al Noor Infrastructure""}, {""borrower_name"": ""Khamis Mushait Integrated Properties""}, {""borrower_name"": ""Taif Modern Estates""}, {""borrower_name"": ""Tuwaiq Continental Logistics""}, {""borrower_name"": ""Khamis Mushait National Estates""}, {""borrower_name"": ""Rabigh Modern Properties""}, {""borrower_name"": ""Wadi Hanifah National Chemicals""}, {""borrower_name"": ""Tuwaiq Central Properties""}, {""borrower_name"": ""Najd United Contracting""}, {""borrower_name"": ""Arar First Engineering""}]",OK,"[{""borrower_name"": ""Al Noor Infrastructure""}, {""borrower_name"": ""Khamis Mushait Integrated Properties""}, {""borrower_name"": ""Taif Modern Estates""}, {""borrower_name"": ""Tuwaiq Continental Logistics""}, {""borrower_name"": ""Khamis Mushait National Estates""}, {""borrower_name"": ""Rabigh Modern Properties""}, {""borrower_name"": ""Wadi Hanifah National Chemicals""}, {""borrower_name"": ""Tuwaiq Central Properties""}, {""borrower_name"": ""Najd United Contracting""}, {""borrower_name"": ""Arar First Engineering""}]",,
C-C17,core,R:covenant_type=Current Ratio:breached_tests,"{""covenant_type"": ""Current Ratio""}",breached_tests,value,2026Q2,863.0,PUBLISHED_EXACT,863.0,c0,
C-C17,core,R:covenant_type=DSCR:breached_tests,"{""covenant_type"": ""DSCR""}",breached_tests,value,2026Q2,635.0,PUBLISHED_EXACT,635.0,c1,
C-C17,core,R:covenant_type=Interest Cover:breached_tests,"{""covenant_type"": ""Interest Cover""}",breached_tests,value,2026Q2,616.0,PUBLISHED_EXACT,616.0,c2,
C-C17,core,R:covenant_type=Leverage:breached_tests,"{""covenant_type"": ""Leverage""}",breached_tests,value,2026Q2,388.0,PUBLISHED_EXACT,388.0,c3,
C-C17,core,R:covenant_type=Minimum EBITDA:breached_tests,"{""covenant_type"": ""Minimum EBITDA""}",breached_tests,value,2026Q2,270.0,PUBLISHED_EXACT,270.0,c4,
C-C17,core,R:total:facilities,{},facilities,value,2026Q2,2772.0,PUBLISHED_EXACT,2772.0,c5,
C-C17,core,R:total:ead,{},ead,value,2026Q2,2092633.76,PUBLISHED_EXACT,2092633.7600000026,c6,
C-C18,core,R:sector=Construction:borrowers,"{""sector"": ""Construction""}",borrowers,value,2026Q2,496.0,PUBLISHED_EXACT,496.0,c0,
C-C18,core,R:sector=Construction:ead,"{""sector"": ""Construction""}",ead,value,2026Q2,1489739.28,PUBLISHED_EXACT,1489739.2799999996,c1,
C-C18,core,R:sector=Real Estate:borrowers,"{""sector"": ""Real Estate""}",borrowers,value,2026Q2,378.0,PUBLISHED_EXACT,378.0,c2,
C-C18,core,R:sector=Real Estate:ead,"{""sector"": ""Real Estate""}",ead,value,2026Q2,1141112.7,PUBLISHED_EXACT,1141112.7000000002,c3,
C-C18,core,R:sector=Hospitality:borrowers,"{""sector"": ""Hospitality""}",borrowers,value,2026Q2,178.0,PUBLISHED_EXACT,178.0,c4,
C-C18,core,R:sector=Hospitality:ead,"{""sector"": ""Hospitality""}",ead,value,2026Q2,530908.12,PUBLISHED_EXACT,530908.12,c5,
C-C18,core,R:sector=Retail Trade:borrowers,"{""sector"": ""Retail Trade""}",borrowers,value,2026Q2,175.0,PUBLISHED_EXACT,175.0,c6,
C-C18,core,R:sector=Retail Trade:ead,"{""sector"": ""Retail Trade""}",ead,value,2026Q2,521051.95,PUBLISHED_EXACT,521051.95,c7,
C-C18,core,R:sector=Manufacturing:borrowers,"{""sector"": ""Manufacturing""}",borrowers,value,2026Q2,116.0,PUBLISHED_EXACT,116.0,c8,
C-C18,core,R:sector=Manufacturing:ead,"{""sector"": ""Manufacturing""}",ead,value,2026Q2,347204.53,PUBLISHED_EXACT,347204.5299999999,c9,
C-C18,core,R:sector=Transport and Logistics:borrowers,"{""sector"": ""Transport and Logistics""}",borrowers,value,2026Q2,113.0,PUBLISHED_EXACT,113.0,c10,
C-C18,core,R:sector=Transport and Logistics:ead,"{""sector"": ""Transport and Logistics""}",ead,value,2026Q2,322716.85,PUBLISHED_EXACT,322716.85,c11,
C-C18,core,R:sector=Agriculture and Agri-processing:borrowers,"{""sector"": ""Agriculture and Agri-processing""}",borrowers,value,2026Q2,73.0,PUBLISHED_EXACT,73.0,c12,
C-C18,core,R:sector=Agriculture and Agri-processing:ead,"{""sector"": ""Agriculture and Agri-processing""}",ead,value,2026Q2,227296.59,PUBLISHED_EXACT,227296.59000000003,c13,
C-C18,core,R:sector=Wholesale Trade:borrowers,"{""sector"": ""Wholesale Trade""}",borrowers,value,2026Q2,67.0,PUBLISHED_EXACT,67.0,c14,
C-C18,core,R:sector=Wholesale Trade:ead,"{""sector"": ""Wholesale Trade""}",ead,value,2026Q2,185372.78,PUBLISHED_EXACT,185372.78,c15,
C-C18,core,R:sector=Metals and Mining:borrowers,"{""sector"": ""Metals and Mining""}",borrowers,value,2026Q2,52.0,PUBLISHED_EXACT,52.0,c16,
C-C18,core,R:sector=Metals and Mining:ead,"{""sector"": ""Metals and Mining""}",ead,value,2026Q2,149135.28,PUBLISHED_EXACT,149135.27999999994,c17,
C-C18,core,R:sector=Chemicals:borrowers,"{""sector"": ""Chemicals""}",borrowers,value,2026Q2,46.0,PUBLISHED_EXACT,46.0,c18,
C-C18,core,R:sector=Chemicals:ead,"{""sector"": ""Chemicals""}",ead,value,2026Q2,127402.91,PUBLISHED_EXACT,127402.91000000002,c19,
C-C18,core,R:sector=Information Technology:borrowers,"{""sector"": ""Information Technology""}",borrowers,value,2026Q2,39.0,PUBLISHED_EXACT,39.0,c20,
C-C18,core,R:sector=Information Technology:ead,"{""sector"": ""Information Technology""}",ead,value,2026Q2,111921.4,PUBLISHED_EXACT,111921.4,c21,
C-C18,core,R:sector=Healthcare:borrowers,"{""sector"": ""Healthcare""}",borrowers,value,2026Q2,36.0,PUBLISHED_EXACT,36.0,c22,
C-C18,core,R:sector=Healthcare:ead,"{""sector"": ""Healthcare""}",ead,value,2026Q2,110922.49,PUBLISHED_EXACT,110922.49000000002,c23,
C-C18,core,R:sector=Telecommunications:borrowers,"{""sector"": ""Telecommunications""}",borrowers,value,2026Q2,36.0,PUBLISHED_EXACT,36.0,c24,
C-C18,core,R:sector=Telecommunications:ead,"{""sector"": ""Telecommunications""}",ead,value,2026Q2,104275.4,PUBLISHED_EXACT,104275.40000000002,c25,
C-C18,core,R:sector=Power and Utilities:borrowers,"{""sector"": ""Power and Utilities""}",borrowers,value,2026Q2,23.0,PUBLISHED_EXACT,23.0,c26,
C-C18,core,R:sector=Power and Utilities:ead,"{""sector"": ""Power and Utilities""}",ead,value,2026Q2,64445.88,PUBLISHED_EXACT,64445.88000000001,c27,
C-C19,core,R:sector=Construction:borrowers,"{""sector"": ""Construction""}",borrowers,value,2026Q2,197.0,PUBLISHED_EXACT,197.0,c0,
C-C19,core,R:sector=Construction:ead,"{""sector"": ""Construction""}",ead,value,2026Q2,605016.06,PUBLISHED_EXACT,605016.0599999999,c1,
C-C19,core,R:sector=Real Estate:borrowers,"{""sector"": ""Real Estate""}",borrowers,value,2026Q2,108.0,PUBLISHED_EXACT,108.0,c2,
C-C19,core,R:sector=Real Estate:ead,"{""sector"": ""Real Estate""}",ead,value,2026Q2,329140.66,PUBLISHED_EXACT,329140.66000000003,c3,
C-C19,core,R:sector=Retail Trade:borrowers,"{""sector"": ""Retail Trade""}",borrowers,value,2026Q2,60.0,PUBLISHED_EXACT,60.0,c4,
C-C19,core,R:sector=Retail Trade:ead,"{""sector"": ""Retail Trade""}",ead,value,2026Q2,182179.85,PUBLISHED_EXACT,182179.85,c5,
C-C19,core,R:sector=Hospitality:borrowers,"{""sector"": ""Hospitality""}",borrowers,value,2026Q2,55.0,PUBLISHED_EXACT,55.0,c6,
C-C19,core,R:sector=Hospitality:ead,"{""sector"": ""Hospitality""}",ead,value,2026Q2,164601.42,PUBLISHED_EXACT,164601.41999999998,c7,
C-C19,core,R:sector=Manufacturing:borrowers,"{""sector"": ""Manufacturing""}",borrowers,value,2026Q2,44.0,PUBLISHED_EXACT,44.0,c8,
C-C19,core,R:sector=Manufacturing:ead,"{""sector"": ""Manufacturing""}",ead,value,2026Q2,145519.85,PUBLISHED_EXACT,145519.84999999998,c9,
C-C19,core,RANKING,,,,,"[{""sector"": ""Construction""}, {""sector"": ""Real Estate""}, {""sector"": ""Retail Trade""}, {""sector"": ""Hospitality""}, {""sector"": ""Manufacturing""}]",OK,"[{""sector"": ""Construction""}, {""sector"": ""Real Estate""}, {""sector"": ""Retail Trade""}, {""sector"": ""Hospitality""}, {""sector"": ""Manufacturing""}]",,
C-C20,core,R:sector=Construction:ead_now,"{""sector"": ""Construction""}",ead_now,value,"2026Q2,2026Q1",107018.06,PUBLISHED_EXACT,107018.05999999998,c0,
C-C20,core,R:sector=Real Estate:ead_now,"{""sector"": ""Real Estate""}",ead_now,value,"2026Q2,2026Q1",87965.26,PUBLISHED_EXACT,87965.26000000002,c1,
C-C20,core,R:sector=Retail Trade:ead_now,"{""sector"": ""Retail Trade""}",ead_now,value,"2026Q2,2026Q1",67011.14,PUBLISHED_EXACT,67011.14,c2,
C-C20,core,R:sector=Hospitality:ead_now,"{""sector"": ""Hospitality""}",ead_now,value,"2026Q2,2026Q1",50036.82,PUBLISHED_EXACT,50036.82000000001,c3,
C-C20,core,R:sector=Manufacturing:ead_now,"{""sector"": ""Manufacturing""}",ead_now,value,"2026Q2,2026Q1",48413.07,PUBLISHED_EXACT,48413.07000000001,c4,
C-C20,core,RANKING,,,,,"[{""sector"": ""Construction""}, {""sector"": ""Real Estate""}, {""sector"": ""Retail Trade""}, {""sector"": ""Hospitality""}, {""sector"": ""Manufacturing""}]",OK,"[{""sector"": ""Construction""}, {""sector"": ""Real Estate""}, {""sector"": ""Retail Trade""}, {""sector"": ""Hospitality""}, {""sector"": ""Manufacturing""}]",,
C-R01,core,R:product=Credit Card:s2_share:2026-08,"{""product"": ""Credit Card""}",s2_share,value,2026-08,0.2135788142,PUBLISHED_EXACT,0.21357881422244734,c0,
C-R01,core,R:product=Buy Now Pay Later:s2_share:2026-08,"{""product"": ""Buy Now Pay Later""}",s2_share,value,2026-08,0.1908796593,PUBLISHED_EXACT,0.19087965926878916,c1,
C-R01,core,R:product=Personal Finance:s2_share:2026-08,"{""product"": ""Personal Finance""}",s2_share,value,2026-08,0.1188885933,PUBLISHED_EXACT,0.1188885932635751,c2,
C-R01,core,R:product=Mortgage:s2_share:2026-08,"{""product"": ""Mortgage""}",s2_share,value,2026-08,0.03608342862,PUBLISHED_EXACT,0.03608342861818109,c3,
C-R01,core,R:product=Auto Finance:s2_share:2026-08,"{""product"": ""Auto Finance""}",s2_share,value,2026-08,0.02129977202,PUBLISHED_EXACT,0.021299772024524485,c4,
C-R01,core,RANKING,,,,,"[{""product"": ""Credit Card""}, {""product"": ""Buy Now Pay Later""}, {""product"": ""Personal Finance""}, {""product"": ""Mortgage""}, {""product"": ""Auto Finance""}]",OK,"[{""product"": ""Credit Card""}, {""product"": ""Buy Now Pay Later""}, {""product"": ""Personal Finance""}, {""product"": ""Mortgage""}, {""product"": ""Auto Finance""}]",,
C-R02,core,R:product=Auto Finance:ead:latest:2026-08,"{""product"": ""Auto Finance""}",ead,latest,2026-08,740.8253,PUBLISHED_EXACT,740.8253000000019,c0,
C-R02,core,R:product=Auto Finance:ead:base:2026-07,"{""product"": ""Auto Finance""}",ead,base,2026-07,724.06218,PUBLISHED_EXACT,724.0621800000009,c1,
C-R02,core,R:product=Auto Finance:ead:abs_change:2026-08 vs 2026-07,"{""product"": ""Auto Finance""}",ead,abs_change,2026-08 vs 2026-07,16.763119999999958,PUBLISHED_EXACT,16.76312000000098,c2,
C-R02,core,R:product=Auto Finance:ead:pct_change:2026-08 vs 2026-07,"{""product"": ""Auto Finance""}",ead,pct_change,2026-08 vs 2026-07,0.02315149232072853,PUBLISHED_EXACT,0.023151492320729914,c3,
C-R02,core,R:product=Buy Now Pay Later:ead:latest:2026-08,"{""product"": ""Buy Now Pay Later""}",ead,latest,2026-08,38.95622,PUBLISHED_EXACT,38.95622000000003,c4,
C-R02,core,R:product=Buy Now Pay Later:ead:base:2026-07,"{""product"": ""Buy Now Pay Later""}",ead,base,2026-07,30.69455,PUBLISHED_EXACT,30.69454999999997,c5,
C-R02,core,R:product=Buy Now Pay Later:ead:abs_change:2026-08 vs 2026-07,"{""product"": ""Buy Now Pay Later""}",ead,abs_change,2026-08 vs 2026-07,8.261670000000002,PUBLISHED_EXACT,8.26167000000006,c6,
C-R02,core,R:product=Buy Now Pay Later:ead:pct_change:2026-08 vs 2026-07,"{""product"": ""Buy Now Pay Later""}",ead,pct_change,2026-08 vs 2026-07,0.2691575540283211,PUBLISHED_EXACT,0.26915755402832314,c7,
C-R02,core,R:product=Credit Card:ead:latest:2026-08,"{""product"": ""Credit Card""}",ead,latest,2026-08,513.18428,PUBLISHED_EXACT,513.1842799999981,c8,
C-R02,core,R:product=Credit Card:ead:base:2026-07,"{""product"": ""Credit Card""}",ead,base,2026-07,490.41892,PUBLISHED_EXACT,490.41891999999956,c9,
C-R02,core,R:product=Credit Card:ead:abs_change:2026-08 vs 2026-07,"{""product"": ""Credit Card""}",ead,abs_change,2026-08 vs 2026-07,22.76535999999993,PUBLISHED_EXACT,22.765359999998566,c10,
C-R02,core,R:product=Credit Card:ead:pct_change:2026-08 vs 2026-07,"{""product"": ""Credit Card""}",ead,pct_change,2026-08 vs 2026-07,0.046420231911117806,PUBLISHED_EXACT,0.046420231911115065,c11,
C-R02,core,R:product=Mortgage:ead:latest:2026-08,"{""product"": ""Mortgage""}",ead,latest,2026-08,16648.92204,PUBLISHED_EXACT,16648.92203999996,c12,
C-R02,core,R:product=Mortgage:ead:base:2026-07,"{""product"": ""Mortgage""}",ead,base,2026-07,15828.48193,PUBLISHED_EXACT,15828.481929999945,c13,
C-R02,core,R:product=Mortgage:ead:abs_change:2026-08 vs 2026-07,"{""product"": ""Mortgage""}",ead,abs_change,2026-08 vs 2026-07,820.4401100000014,PUBLISHED_EXACT,820.4401100000159,c14,
C-R02,core,R:product=Mortgage:ead:pct_change:2026-08 vs 2026-07,"{""product"": ""Mortgage""}",ead,pct_change,2026-08 vs 2026-07,0.051833152012196876,PUBLISHED_EXACT,0.05183315201219797,c15,
C-R02,core,R:product=Personal Finance:ead:latest:2026-08,"{""product"": ""Personal Finance""}",ead,latest,2026-08,1796.9443,PUBLISHED_EXACT,1796.9443000000022,c16,
C-R02,core,R:product=Personal Finance:ead:base:2026-07,"{""product"": ""Personal Finance""}",ead,base,2026-07,1746.61215,PUBLISHED_EXACT,1746.6121500000081,c17,
C-R02,core,R:product=Personal Finance:ead:abs_change:2026-08 vs 2026-07,"{""product"": ""Personal Finance""}",ead,abs_change,2026-08 vs 2026-07,50.33215000000018,PUBLISHED_EXACT,50.332149999994044,c18,
C-R02,core,R:product=Personal Finance:ead:pct_change:2026-08 vs 2026-07,"{""product"": ""Personal Finance""}",ead,pct_change,2026-08 vs 2026-07,0.028817015844072872,PUBLISHED_EXACT,0.028817015844069222,c19,
C-R03,core,R:product=Credit Card:dpd30_share:abs_change:2026-08 vs 2026-07,"{""product"": ""Credit Card""}",dpd30_share,abs_change,2026-08 vs 2026-07,-0.005840959300000004,PUBLISHED_EXACT,-0.005840959322920614,c0,
C-R03,core,R:product=Credit Card:dpd30_share:pct_change:2026-08 vs 2026-07,"{""product"": ""Credit Card""}",dpd30_share,pct_change,2026-08 vs 2026-07,-0.05337032096869706,PUBLISHED_EXACT,-0.05337032118906875,c1,
C-R03,core,R:product=Personal Finance:dpd30_share:abs_change:2026-08 vs 2026-07,"{""product"": ""Personal Finance""}",dpd30_share,abs_change,2026-08 vs 2026-07,-0.003724567009999999,PUBLISHED_EXACT,-0.003724567007420035,c2,
C-R03,core,R:product=Personal Finance:dpd30_share:pct_change:2026-08 vs 2026-07,"{""product"": ""Personal Finance""}",dpd30_share,pct_change,2026-08 vs 2026-07,-0.054139313819822246,PUBLISHED_EXACT,-0.054139313781404144,c3,
C-R03,core,R:product=Credit Card:ead_s2:abs_change:2026-08 vs 2026-07,"{""product"": ""Credit Card""}",ead_s2,abs_change,2026-08 vs 2026-07,18.80274,PUBLISHED_EXACT,18.802739999999886,c4,
C-R03,core,R:product=Credit Card:ead_s2:pct_change:2026-08 vs 2026-07,"{""product"": ""Credit Card""}",ead_s2,pct_change,2026-08 vs 2026-07,0.2070728189902156,PUBLISHED_EXACT,0.20707281899021407,c5,
C-R03,core,R:product=Personal Finance:ead_s2:abs_change:2026-08 vs 2026-07,"{""product"": ""Personal Finance""}",ead_s2,abs_change,2026-08 vs 2026-07,27.582570000000004,PUBLISHED_EXACT,27.582569999999976,c6,
C-R03,core,R:product=Personal Finance:ead_s2:pct_change:2026-08 vs 2026-07,"{""product"": ""Personal Finance""}",ead_s2,pct_change,2026-08 vs 2026-07,0.14825065743147905,PUBLISHED_EXACT,0.14825065743147892,c7,
C-R03,core,MEMBERSHIP,,,,,[],OK,[],,
C-R04,core,R:product=Buy Now Pay Later:ecl:abs_change:2026-08 vs 2026-07,"{""product"": ""Buy Now Pay Later""}",ecl,abs_change,2026-08 vs 2026-07,0.9871850000000002,PUBLISHED_EXACT,0.9871850000000062,c0,
C-R04,core,R:product=Buy Now Pay Later:ecl:pct_change:2026-08 vs 2026-07,"{""product"": ""Buy Now Pay Later""}",ecl,pct_change,2026-08 vs 2026-07,0.5833030509836595,PUBLISHED_EXACT,0.5833030509836633,c1,
C-R04,core,R:product=Credit Card:ecl:abs_change:2026-08 vs 2026-07,"{""product"": ""Credit Card""}",ecl,abs_change,2026-08 vs 2026-07,6.487053000000003,PUBLISHED_EXACT,6.487052999999825,c2,
C-R04,core,R:product=Credit Card:ecl:pct_change:2026-08 vs 2026-07,"{""product"": ""Credit Card""}",ecl,pct_change,2026-08 vs 2026-07,0.12179244648930093,PUBLISHED_EXACT,0.12179244648929725,c3,
C-R04,core,R:product=Mortgage:ecl:abs_change:2026-08 vs 2026-07,"{""product"": ""Mortgage""}",ecl,abs_change,2026-08 vs 2026-07,7.189681,PUBLISHED_EXACT,7.189680999999837,c4,
C-R04,core,R:product=Mortgage:ecl:pct_change:2026-08 vs 2026-07,"{""product"": ""Mortgage""}",ecl,pct_change,2026-08 vs 2026-07,0.18942906760193448,PUBLISHED_EXACT,0.18942906760192987,c5,
C-R04,core,MEMBERSHIP,,,,,[],OK,[],,
C-R05,core,R:product=Mortgage:ead:2026-08,"{""product"": ""Mortgage""}",ead,value,2026-08,16648.92204,PUBLISHED_EXACT,16648.92203999996,c0,
C-R05,core,R:product=Mortgage:ead_s2:2026-08,"{""product"": ""Mortgage""}",ead_s2,value,2026-08,600.75019,PUBLISHED_EXACT,600.7501900000005,c1,
C-R05,core,R:product=Mortgage:ead_s3:2026-08,"{""product"": ""Mortgage""}",ead_s3,value,2026-08,70.59315,PUBLISHED_EXACT,70.59315,c2,
C-R05,core,R:product=Mortgage:ecl:2026-08,"{""product"": ""Mortgage""}",ecl,value,2026-08,45.144157,PUBLISHED_EXACT,45.1441569999999,c3,
C-R05,core,R:product=Mortgage:coverage:2026-08,"{""product"": ""Mortgage""}",coverage,value,2026-08,0.002711536332,PUBLISHED_EXACT,0.0027115363319942607,c4,
C-R05,core,R:product=Personal Finance:ead:2026-08,"{""product"": ""Personal Finance""}",ead,value,2026-08,1796.9443,PUBLISHED_EXACT,1796.9443000000022,c5,
C-R05,core,R:product=Personal Finance:ead_s2:2026-08,"{""product"": ""Personal Finance""}",ead_s2,value,2026-08,213.63618,PUBLISHED_EXACT,213.63617999999994,c6,
C-R05,core,R:product=Personal Finance:ead_s3:2026-08,"{""product"": ""Personal Finance""}",ead_s3,value,2026-08,70.09473,PUBLISHED_EXACT,70.09473000000001,c7,
C-R05,core,R:product=Personal Finance:ecl:2026-08,"{""product"": ""Personal Finance""}",ecl,value,2026-08,108.162217,PUBLISHED_EXACT,108.16221700000004,c8,
C-R05,core,R:product=Personal Finance:coverage:2026-08,"{""product"": ""Personal Finance""}",coverage,value,2026-08,0.06019230368,PUBLISHED_EXACT,0.06019230367908449,c9,
C-R05,core,R:product=Auto Finance:ead:2026-08,"{""product"": ""Auto Finance""}",ead,value,2026-08,740.8253,PUBLISHED_EXACT,740.8253000000019,c10,
C-R05,core,R:product=Auto Finance:ead_s2:2026-08,"{""product"": ""Auto Finance""}",ead_s2,value,2026-08,15.77941,PUBLISHED_EXACT,15.77941,c11,
C-R05,core,R:product=Auto Finance:ead_s3:2026-08,"{""product"": ""Auto Finance""}",ead_s3,value,2026-08,9.84009,PUBLISHED_EXACT,9.84009,c12,
C-R05,core,R:product=Auto Finance:ecl:2026-08,"{""product"": ""Auto Finance""}",ecl,value,2026-08,8.820381,PUBLISHED_EXACT,8.820380999999976,c13,
C-R05,core,R:product=Auto Finance:coverage:2026-08,"{""product"": ""Auto Finance""}",coverage,value,2026-08,0.0119061552,PUBLISHED_EXACT,0.011906155202852755,c14,
C-R05,core,R:product=Credit Card:ead:2026-08,"{""product"": ""Credit Card""}",ead,value,2026-08,513.18428,PUBLISHED_EXACT,513.1842799999981,c15,
C-R05,core,R:product=Credit Card:ead_s2:2026-08,"{""product"": ""Credit Card""}",ead_s2,value,2026-08,109.60529,PUBLISHED_EXACT,109.60529,c16,
C-R05,core,R:product=Credit Card:ead_s3:2026-08,"{""product"": ""Credit Card""}",ead_s3,value,2026-08,33.3852,PUBLISHED_EXACT,33.38519999999998,c17,
C-R05,core,R:product=Credit Card:ecl:2026-08,"{""product"": ""Credit Card""}",ecl,value,2026-08,59.750233,PUBLISHED_EXACT,59.75023299999997,c18,
C-R05,core,R:product=Credit Card:coverage:2026-08,"{""product"": ""Credit Card""}",coverage,value,2026-08,0.1164303649,PUBLISHED_EXACT,0.11643036493635422,c19,
C-R05,core,R:product=Buy Now Pay Later:ead:2026-08,"{""product"": ""Buy Now Pay Later""}",ead,value,2026-08,38.95622,PUBLISHED_EXACT,38.95622000000003,c20,
C-R05,core,R:product=Buy Now Pay Later:ead_s2:2026-08,"{""product"": ""Buy Now Pay Later""}",ead_s2,value,2026-08,7.43595,PUBLISHED_EXACT,7.435949999999996,c21,
C-R05,core,R:product=Buy Now Pay Later:ead_s3:2026-08,"{""product"": ""Buy Now Pay Later""}",ead_s3,value,2026-08,0.93905,PUBLISHED_EXACT,0.9390499999999996,c22,
C-R05,core,R:product=Buy Now Pay Later:ecl:2026-08,"{""product"": ""Buy Now Pay Later""}",ecl,value,2026-08,2.67959,PUBLISHED_EXACT,2.6795900000000055,c23,
C-R05,core,R:product=Buy Now Pay Later:coverage:2026-08,"{""product"": ""Buy Now Pay Later""}",coverage,value,2026-08,0.06878465108,PUBLISHED_EXACT,0.06878465107754303,c24,
C-R06,core,R:total:ecl:abs_change,{},ecl,abs_change,2026-08 vs 2026-07,19.189462000000006,PUBLISHED_EXACT,19.189461999999807,c0,
C-R06,core,R:product=Mortgage:ecl:abs_change:2026-08 vs 2026-07,"{""product"": ""Mortgage""}",ecl,abs_change,2026-08 vs 2026-07,7.189681,PUBLISHED_EXACT,7.189680999999837,c1,
C-R06,core,R:product=Credit Card:ecl:abs_change:2026-08 vs 2026-07,"{""product"": ""Credit Card""}",ecl,abs_change,2026-08 vs 2026-07,6.487053000000003,PUBLISHED_EXACT,6.487052999999825,c2,
C-R06,core,R:product=Personal Finance:ecl:abs_change:2026-08 vs 2026-07,"{""product"": ""Personal Finance""}",ecl,abs_change,2026-08 vs 2026-07,3.980090000000004,PUBLISHED_EXACT,3.9800900000001747,c3,
C-R06,core,R:product=Buy Now Pay Later:ecl:abs_change:2026-08 vs 2026-07,"{""product"": ""Buy Now Pay Later""}",ecl,abs_change,2026-08 vs 2026-07,0.9871850000000002,PUBLISHED_EXACT,0.9871850000000062,c4,
C-R06,core,R:product=Auto Finance:ecl:abs_change:2026-08 vs 2026-07,"{""product"": ""Auto Finance""}",ecl,abs_change,2026-08 vs 2026-07,0.5454530000000002,PUBLISHED_EXACT,0.5454529999999664,c5,
C-R06,core,RANKING,,,,,"[{""product"": ""Mortgage""}, {""product"": ""Credit Card""}, {""product"": ""Personal Finance""}, {""product"": ""Buy Now Pay Later""}, {""product"": ""Auto Finance""}]",OK,"[{""product"": ""Mortgage""}, {""product"": ""Credit Card""}, {""product"": ""Personal Finance""}, {""product"": ""Buy Now Pay Later""}, {""product"": ""Auto Finance""}]",,
C-R07,core,R:total:ecl:ecl_change,{},ecl,ecl_change,2026-08 vs 2026-07,19.189461999999992,PUBLISHED_EXACT,19.18946199999928,c0,
C-R07,core,R:total:ecl:stock,{},ecl,stock,2026-08 vs 2026-07,10.023369256340052,PUBLISHED_EXACT,10.023369256342313,c1,
C-R07,core,R:total:ecl:rate,{},ecl,rate,2026-08 vs 2026-07,9.166092743659956,PUBLISHED_EXACT,9.166092743656979,c2,
C-R08,core,R:region=Asir:ecl:2026-08,"{""region"": ""Asir""}",ecl,value,2026-08,30.45411,PUBLISHED_EXACT,30.454109999999915,c0,
C-R08,core,R:region=Qassim:ecl:2026-08,"{""region"": ""Qassim""}",ecl,value,2026-08,28.980584,PUBLISHED_EXACT,28.980584000000036,c1,
C-R08,core,R:region=Madinah:ecl:2026-08,"{""region"": ""Madinah""}",ecl,value,2026-08,28.46811,PUBLISHED_EXACT,28.468110000000035,c2,
C-R08,core,R:region=Riyadh:ecl:2026-08,"{""region"": ""Riyadh""}",ecl,value,2026-08,27.977642,PUBLISHED_EXACT,27.977642000000056,c3,
C-R08,core,R:region=Hail:ecl:2026-08,"{""region"": ""Hail""}",ecl,value,2026-08,27.514079,PUBLISHED_EXACT,27.514078999999956,c4,
C-R08,core,R:region=Eastern Province:ecl:2026-08,"{""region"": ""Eastern Province""}",ecl,value,2026-08,27.276387,PUBLISHED_EXACT,27.276387,c5,
C-R08,core,R:region=Tabuk:ecl:2026-08,"{""region"": ""Tabuk""}",ecl,value,2026-08,27.05025,PUBLISHED_EXACT,27.050249999999977,c6,
C-R08,core,R:region=Makkah:ecl:2026-08,"{""region"": ""Makkah""}",ecl,value,2026-08,26.835416,PUBLISHED_EXACT,26.835416000000023,c7,
C-R08,core,R:total:ecl:2026-08,{},ecl,value,2026-08,224.556578,PUBLISHED_EXACT,224.55657799999955,c8,
C-R09,core,R:top1:product:ead:share,{},ead,top1_share,2026-08,0.8434603385811051,PUBLISHED_EXACT,0.8434603385811048,c0,
C-R09,core,R:top2:product:ead:share,{},ead,top2_share,2026-08,0.9344963374312376,PUBLISHED_EXACT,0.9344963374312377,c1,
C-R10,core,R:product=Auto Finance:dpd30_share:latest:2026-08,"{""product"": ""Auto Finance""}",dpd30_share,latest,2026-08,0.02590523029,PUBLISHED_EXACT,0.025905230288436366,c0,
C-R10,core,R:product=Auto Finance:dpd30_share:base:2026-05,"{""product"": ""Auto Finance""}",dpd30_share,base,2026-05,0.02261075763,PUBLISHED_EXACT,0.022610757628195186,c1,
C-R10,core,R:product=Buy Now Pay Later:dpd30_share:latest:2026-08,"{""product"": ""Buy Now Pay Later""}",dpd30_share,latest,2026-08,0.0976909464,PUBLISHED_EXACT,0.09769094640085708,c2,
C-R10,core,R:product=Buy Now Pay Later:dpd30_share:base:2026-05,"{""product"": ""Buy Now Pay Later""}",dpd30_share,base,2026-05,0.04160771663,PUBLISHED_EXACT,0.041607716625207375,c3,
C-R10,core,R:product=Credit Card:dpd30_share:latest:2026-08,"{""product"": ""Credit Card""}",dpd30_share,latest,2026-08,0.1036011275,PUBLISHED_EXACT,0.10360112745464505,c4,
C-R10,core,R:product=Credit Card:dpd30_share:base:2026-05,"{""product"": ""Credit Card""}",dpd30_share,base,2026-05,0.1002132122,PUBLISHED_EXACT,0.10021321224630163,c5,
C-R10,core,R:product=Mortgage:dpd30_share:latest:2026-08,"{""product"": ""Mortgage""}",dpd30_share,latest,2026-08,0.00928702709,PUBLISHED_EXACT,0.009287027089713034,c6,
C-R10,core,R:product=Mortgage:dpd30_share:base:2026-05,"{""product"": ""Mortgage""}",dpd30_share,base,2026-05,0.008146139351,PUBLISHED_EXACT,0.008146139350660083,c7,
C-R10,core,R:product=Personal Finance:dpd30_share:latest:2026-08,"{""product"": ""Personal Finance""}",dpd30_share,latest,2026-08,0.06507141039,PUBLISHED_EXACT,0.06507141039374449,c8,
C-R10,core,R:product=Personal Finance:dpd30_share:base:2026-05,"{""product"": ""Personal Finance""}",dpd30_share,base,2026-05,0.06511705339,PUBLISHED_EXACT,0.06511705339269944,c9,
C-R11,core,R:delinquency_bucket=Current|product=Personal Finance:ead:2026-08,"{""product"": ""Personal Finance"", ""delinquency_bucket"": ""Current""}",ead,value,2026-08,1645.95216,PUBLISHED_EXACT,1645.952160000003,c0,
C-R11,core,R:delinquency_bucket=Current|product=Credit Card:ead:2026-08,"{""product"": ""Credit Card"", ""delinquency_bucket"": ""Current""}",ead,value,2026-08,443.4496,PUBLISHED_EXACT,443.44959999999844,c1,
C-R11,core,R:delinquency_bucket=90+|product=Personal Finance:ead:2026-08,"{""product"": ""Personal Finance"", ""delinquency_bucket"": ""90+""}",ead,value,2026-08,70.09473,PUBLISHED_EXACT,70.09473000000001,c2,
C-R11,core,R:delinquency_bucket=1-29|product=Personal Finance:ead:2026-08,"{""product"": ""Personal Finance"", ""delinquency_bucket"": ""1-29""}",ead,value,2026-08,34.06244,PUBLISHED_EXACT,34.06244000000001,c3,
C-R11,core,R:delinquency_bucket=90+|product=Credit Card:ead:2026-08,"{""product"": ""Credit Card"", ""delinquency_bucket"": ""90+""}",ead,value,2026-08,33.3852,PUBLISHED_EXACT,33.38519999999998,c4,
C-R11,core,R:delinquency_bucket=30-59|product=Personal Finance:ead:2026-08,"{""product"": ""Personal Finance"", ""delinquency_bucket"": ""30-59""}",ead,value,2026-08,24.37259,PUBLISHED_EXACT,24.372590000000006,c5,
C-R11,core,R:delinquency_bucket=60-89|product=Personal Finance:ead:2026-08,"{""product"": ""Personal Finance"", ""delinquency_bucket"": ""60-89""}",ead,value,2026-08,22.46238,PUBLISHED_EXACT,22.462380000000003,c6,
C-R11,core,R:delinquency_bucket=1-29|product=Credit Card:ead:2026-08,"{""product"": ""Credit Card"", ""delinquency_bucket"": ""1-29""}",ead,value,2026-08,16.56821,PUBLISHED_EXACT,16.568209999999997,c7,
C-R11,core,R:delinquency_bucket=60-89|product=Credit Card:ead:2026-08,"{""product"": ""Credit Card"", ""delinquency_bucket"": ""60-89""}",ead,value,2026-08,10.22708,PUBLISHED_EXACT,10.227079999999997,c8,
C-R11,core,R:delinquency_bucket=30-59|product=Credit Card:ead:2026-08,"{""product"": ""Credit Card"", ""delinquency_bucket"": ""30-59""}",ead,value,2026-08,9.55419,PUBLISHED_EXACT,9.554189999999995,c9,
C-R12,core,R:total:dpd30_ead:2026-03,{},dpd30_ead,value,2026-03,50.5656,PUBLISHED_EXACT,50.56560000000001,c0,
C-R12,core,R:total:dpd30_ead:2026-04,{},dpd30_ead,value,2026-04,46.63924,PUBLISHED_EXACT,46.639240000000036,c1,
C-R12,core,R:total:dpd30_ead:2026-05,{},dpd30_ead,value,2026-05,49.28778,PUBLISHED_EXACT,49.287780000000026,c2,
C-R12,core,R:total:dpd30_ead:2026-06,{},dpd30_ead,value,2026-06,51.23581,PUBLISHED_EXACT,51.235809999999944,c3,
C-R12,core,R:total:dpd30_ead:2026-07,{},dpd30_ead,value,2026-07,53.67247,PUBLISHED_EXACT,53.67246999999998,c4,
C-R12,core,R:total:dpd30_ead:2026-08,{},dpd30_ead,value,2026-08,53.16647,PUBLISHED_EXACT,53.166470000000054,c5,
C-R13,core,R:product=Auto Finance:ead_s3:latest:2026-08,"{""product"": ""Auto Finance""}",ead_s3,latest,2026-08,9.84009,PUBLISHED_EXACT,9.84009,c0,
C-R13,core,R:product=Auto Finance:ead_s3:base:2025-08,"{""product"": ""Auto Finance""}",ead_s3,base,2025-08,6.8259,PUBLISHED_EXACT,6.825900000000001,c1,
C-R13,core,R:product=Auto Finance:ead_s3:abs_change:2026-08 vs 2025-08,"{""product"": ""Auto Finance""}",ead_s3,abs_change,2026-08 vs 2025-08,3.01419,PUBLISHED_EXACT,3.0141899999999993,c2,
C-R13,core,R:product=Buy Now Pay Later:ead_s3:latest:2026-08,"{""product"": ""Buy Now Pay Later""}",ead_s3,latest,2026-08,0.93905,PUBLISHED_EXACT,0.9390499999999996,c3,
C-R13,core,R:product=Credit Card:ead_s3:latest:2026-08,"{""product"": ""Credit Card""}",ead_s3,latest,2026-08,33.3852,PUBLISHED_EXACT,33.38519999999998,c4,
C-R13,core,R:product=Credit Card:ead_s3:base:2025-08,"{""product"": ""Credit Card""}",ead_s3,base,2025-08,13.14129,PUBLISHED_EXACT,13.14129,c5,
C-R13,core,R:product=Credit Card:ead_s3:abs_change:2026-08 vs 2025-08,"{""product"": ""Credit Card""}",ead_s3,abs_change,2026-08 vs 2025-08,20.24391,PUBLISHED_EXACT,20.243909999999985,c6,
C-R13,core,R:product=Mortgage:ead_s3:latest:2026-08,"{""product"": ""Mortgage""}",ead_s3,latest,2026-08,70.59315,PUBLISHED_EXACT,70.59315,c7,
C-R13,core,R:product=Mortgage:ead_s3:base:2025-08,"{""product"": ""Mortgage""}",ead_s3,base,2025-08,22.26933,PUBLISHED_EXACT,22.269330000000004,c8,
C-R13,core,R:product=Mortgage:ead_s3:abs_change:2026-08 vs 2025-08,"{""product"": ""Mortgage""}",ead_s3,abs_change,2026-08 vs 2025-08,48.32382,PUBLISHED_EXACT,48.32381999999999,c9,
C-R13,core,R:product=Personal Finance:ead_s3:latest:2026-08,"{""product"": ""Personal Finance""}",ead_s3,latest,2026-08,70.09473,PUBLISHED_EXACT,70.09473000000001,c10,
C-R13,core,R:product=Personal Finance:ead_s3:base:2025-08,"{""product"": ""Personal Finance""}",ead_s3,base,2025-08,32.32481,PUBLISHED_EXACT,32.32480999999998,c11,
C-R13,core,R:product=Personal Finance:ead_s3:abs_change:2026-08 vs 2025-08,"{""product"": ""Personal Finance""}",ead_s3,abs_change,2026-08 vs 2025-08,37.76992,PUBLISHED_EXACT,37.769920000000035,c12,
C-R14,core,R:customer_segment=Payroll:coverage:2026-08,"{""customer_segment"": ""Payroll""}",coverage,value,2026-08,0.01175248365,PUBLISHED_EXACT,0.01175248364713193,c0,
C-R14,core,R:customer_segment=Payroll:s2_share:2026-08,"{""customer_segment"": ""Payroll""}",s2_share,value,2026-08,0.04420971162,PUBLISHED_EXACT,0.044209711617307856,c1,
C-R14,core,R:customer_segment=Mass:coverage:2026-08,"{""customer_segment"": ""Mass""}",coverage,value,2026-08,0.01155850156,PUBLISHED_EXACT,0.011558501555456265,c2,
C-R14,core,R:customer_segment=Mass:s2_share:2026-08,"{""customer_segment"": ""Mass""}",s2_share,value,2026-08,0.05135755196,PUBLISHED_EXACT,0.05135755196494621,c3,
C-R14,core,R:customer_segment=Affluent:coverage:2026-08,"{""customer_segment"": ""Affluent""}",coverage,value,2026-08,0.01139553241,PUBLISHED_EXACT,0.01139553240578371,c4,
C-R14,core,R:customer_segment=Affluent:s2_share:2026-08,"{""customer_segment"": ""Affluent""}",s2_share,value,2026-08,0.0498094247,PUBLISHED_EXACT,0.049809424704507804,c5,
C-R14,core,R:customer_segment=Private:coverage:2026-08,"{""customer_segment"": ""Private""}",coverage,value,2026-08,0.01081408234,PUBLISHED_EXACT,0.010814082340335058,c6,
C-R14,core,R:customer_segment=Private:s2_share:2026-08,"{""customer_segment"": ""Private""}",s2_share,value,2026-08,0.04656381049,PUBLISHED_EXACT,0.04656381048807057,c7,
C-R15,core,R:employment_type=Salaried-Private:dpd30_share:2026-08,"{""employment_type"": ""Salaried-Private""}",dpd30_share,value,2026-08,0.01813766298,PUBLISHED_EXACT,0.01813766298073786,c0,
C-R15,core,R:employment_type=Self-employed:dpd30_share:2026-08,"{""employment_type"": ""Self-employed""}",dpd30_share,value,2026-08,0.01756101589,PUBLISHED_EXACT,0.01756101588616918,c1,
C-R15,core,R:employment_type=Salaried-Government:dpd30_share:2026-08,"{""employment_type"": ""Salaried-Government""}",dpd30_share,value,2026-08,0.01724957576,PUBLISHED_EXACT,0.017249575756933595,c2,
C-R15,core,R:employment_type=Non-salaried:dpd30_share:2026-08,"{""employment_type"": ""Non-salaried""}",dpd30_share,value,2026-08,0.01671961142,PUBLISHED_EXACT,0.01671961142307295,c3,
C-R16,core,R:origination_channel=Branch:s3_share:2026-08,"{""origination_channel"": ""Branch""}",s3_share,value,2026-08,0.01019221473,PUBLISHED_EXACT,0.010192214728432772,c0,
C-R16,core,R:origination_channel=Digital:s3_share:2026-08,"{""origination_channel"": ""Digital""}",s3_share,value,2026-08,0.008842119123,PUBLISHED_EXACT,0.00884211912295748,c1,
C-R16,core,R:origination_channel=Partner:s3_share:2026-08,"{""origination_channel"": ""Partner""}",s3_share,value,2026-08,0.008541828117,PUBLISHED_EXACT,0.008541828116749589,c2,
C-R17,core,R:vintage_year=2024:s2_share:2026-08,"{""vintage_year"": ""2024""}",s2_share,value,2026-08,0.06005078435,PUBLISHED_EXACT,0.06005078435351341,c0,
C-R17,core,R:vintage_year=2023:s2_share:2026-08,"{""vintage_year"": ""2023""}",s2_share,value,2026-08,0.05662246815,PUBLISHED_EXACT,0.056622468150718384,c1,
C-R17,core,R:vintage_year=2021:s2_share:2026-08,"{""vintage_year"": ""2021""}",s2_share,value,2026-08,0.05579298384,PUBLISHED_EXACT,0.055792983840783295,c2,
C-R17,core,R:vintage_year=2025:s2_share:2026-08,"{""vintage_year"": ""2025""}",s2_share,value,2026-08,0.04660133281,PUBLISHED_EXACT,0.04660133280694949,c3,
C-R17,core,R:vintage_year=2022:s2_share:2026-08,"{""vintage_year"": ""2022""}",s2_share,value,2026-08,0.04203254165,PUBLISHED_EXACT,0.042032541646032866,c4,
C-R17,core,R:vintage_year=2026:s2_share:2026-08,"{""vintage_year"": ""2026""}",s2_share,value,2026-08,0.03975822174,PUBLISHED_EXACT,0.03975822174227433,c5,
C-R18,core,R:customer_segment=Payroll:customers,"{""customer_segment"": ""Payroll""}",customers,value,2026-08,300.0,PUBLISHED_EXACT,300.0,c0,
C-R18,core,R:customer_segment=Payroll:ead,"{""customer_segment"": ""Payroll""}",ead,value,2026-08,203.08779,PUBLISHED_EXACT,203.08779,c1,
C-R18,core,R:customer_segment=Mass:customers,"{""customer_segment"": ""Mass""}",customers,value,2026-08,292.0,PUBLISHED_EXACT,292.0,c2,
C-R18,core,R:customer_segment=Mass:ead,"{""customer_segment"": ""Mass""}",ead,value,2026-08,193.94338,PUBLISHED_EXACT,193.94338000000013,c3,
C-R18,core,R:customer_segment=Affluent:customers,"{""customer_segment"": ""Affluent""}",customers,value,2026-08,271.0,PUBLISHED_EXACT,271.0,c4,
C-R18,core,R:customer_segment=Affluent:ead,"{""customer_segment"": ""Affluent""}",ead,value,2026-08,162.57938,PUBLISHED_EXACT,162.5793799999999,c5,
C-R18,core,R:customer_segment=Private:customers,"{""customer_segment"": ""Private""}",customers,value,2026-08,251.0,PUBLISHED_EXACT,251.0,c6,
C-R18,core,R:customer_segment=Private:ead,"{""customer_segment"": ""Private""}",ead,value,2026-08,147.28214,PUBLISHED_EXACT,147.28214000000014,c7,
C-R19,core,R:customer_segment=Mass:customers,"{""customer_segment"": ""Mass""}",customers,value,2026-08,3483.0,PUBLISHED_EXACT,3483.0,c0,
C-R19,core,R:customer_segment=Mass:ead,"{""customer_segment"": ""Mass""}",ead,value,2026-08,2702.13038,PUBLISHED_EXACT,2702.130379999997,c1,
C-R19,core,R:customer_segment=Private:customers,"{""customer_segment"": ""Private""}",customers,value,2026-08,3436.0,PUBLISHED_EXACT,3436.0,c2,
C-R19,core,R:customer_segment=Private:ead,"{""customer_segment"": ""Private""}",ead,value,2026-08,2708.45372,PUBLISHED_EXACT,2708.45372,c3,
C-R19,core,R:customer_segment=Payroll:customers,"{""customer_segment"": ""Payroll""}",customers,value,2026-08,3435.0,PUBLISHED_EXACT,3435.0,c4,
C-R19,core,R:customer_segment=Payroll:ead,"{""customer_segment"": ""Payroll""}",ead,value,2026-08,2660.12186,PUBLISHED_EXACT,2660.12186,c5,
C-R19,core,R:customer_segment=Affluent:customers,"{""customer_segment"": ""Affluent""}",customers,value,2026-08,3405.0,PUBLISHED_EXACT,3405.0,c6,
C-R19,core,R:customer_segment=Affluent:ead,"{""customer_segment"": ""Affluent""}",ead,value,2026-08,2576.42063,PUBLISHED_EXACT,2576.420630000001,c7,
C-R20,core,R:total:ltv,{},ltv,value,2026-08,0.4232053287,PUBLISHED_EXACT,0.423205328660817,c0,
D-TD01-1,core,R:sector=Construction:ead_s2:2026Q2,"{""sector"": ""Construction""}",ead_s2,value,2026Q2,1016613.64,PUBLISHED_EXACT,1016613.6399999993,c0,
D-TD01-1,core,R:sector=Real Estate:ead_s2:2026Q2,"{""sector"": ""Real Estate""}",ead_s2,value,2026Q2,830809.33,PUBLISHED_EXACT,830809.330000001,c1,
D-TD01-1,core,R:sector=Hospitality:ead_s2:2026Q2,"{""sector"": ""Hospitality""}",ead_s2,value,2026Q2,448103.25,PUBLISHED_EXACT,448103.25,c2,
D-TD01-1,core,R:sector=Retail Trade:ead_s2:2026Q2,"{""sector"": ""Retail Trade""}",ead_s2,value,2026Q2,444209.84,PUBLISHED_EXACT,444209.83999999997,c3,
D-TD01-1,core,R:sector=Manufacturing:ead_s2:2026Q2,"{""sector"": ""Manufacturing""}",ead_s2,value,2026Q2,300040.69,PUBLISHED_EXACT,300040.6899999999,c4,
D-TD01-1,core,R:sector=Transport and Logistics:ead_s2:2026Q2,"{""sector"": ""Transport and Logistics""}",ead_s2,value,2026Q2,260060.51,PUBLISHED_EXACT,260060.50999999998,c5,
D-TD01-1,core,R:sector=Agriculture and Agri-processing:ead_s2:2026Q2,"{""sector"": ""Agriculture and Agri-processing""}",ead_s2,value,2026Q2,182535.55,PUBLISHED_EXACT,182535.55000000005,c6,
D-TD01-1,core,R:sector=Wholesale Trade:ead_s2:2026Q2,"{""sector"": ""Wholesale Trade""}",ead_s2,value,2026Q2,141124.12,PUBLISHED_EXACT,141124.11999999997,c7,
D-TD01-1,core,R:sector=Metals and Mining:ead_s2:2026Q2,"{""sector"": ""Metals and Mining""}",ead_s2,value,2026Q2,134516.96,PUBLISHED_EXACT,134516.96000000002,c8,
D-TD01-1,core,R:sector=Information Technology:ead_s2:2026Q2,"{""sector"": ""Information Technology""}",ead_s2,value,2026Q2,100017.29,PUBLISHED_EXACT,100017.29,c9,
D-TD01-1,core,R:sector=Chemicals:ead_s2:2026Q2,"{""sector"": ""Chemicals""}",ead_s2,value,2026Q2,97638.82,PUBLISHED_EXACT,97638.81999999996,c10,
D-TD01-1,core,R:sector=Healthcare:ead_s2:2026Q2,"{""sector"": ""Healthcare""}",ead_s2,value,2026Q2,96312.14,PUBLISHED_EXACT,96312.14000000001,c11,
D-TD01-1,core,R:sector=Telecommunications:ead_s2:2026Q2,"{""sector"": ""Telecommunications""}",ead_s2,value,2026Q2,92096.88,PUBLISHED_EXACT,92096.88000000002,c12,
D-TD01-1,core,R:sector=Power and Utilities:ead_s2:2026Q2,"{""sector"": ""Power and Utilities""}",ead_s2,value,2026Q2,53934.47,PUBLISHED_EXACT,53934.46999999998,c13,
D-TD01-2,core,R:sector=Construction:ead_s2:2026Q2,"{""sector"": ""Construction""}",ead_s2,value,2026Q2,1016613.64,PUBLISHED_EXACT,1016613.6399999993,c0,
D-TD01-2,core,R:sector=Real Estate:ead_s2:2026Q2,"{""sector"": ""Real Estate""}",ead_s2,value,2026Q2,830809.33,PUBLISHED_EXACT,830809.330000001,c1,
D-TD01-2,core,R:sector=Hospitality:ead_s2:2026Q2,"{""sector"": ""Hospitality""}",ead_s2,value,2026Q2,448103.25,PUBLISHED_EXACT,448103.25,c2,
D-TD01-2,core,RANKING,,,,,"[{""sector"": ""Construction""}, {""sector"": ""Real Estate""}, {""sector"": ""Hospitality""}]",OK,"[{""sector"": ""Construction""}, {""sector"": ""Real Estate""}, {""sector"": ""Hospitality""}]",,
D-TD01-3,core,R:sector=Construction:ead_s2:latest:2026Q2,"{""sector"": ""Construction""}",ead_s2,latest,2026Q2,1016613.64,PUBLISHED_EXACT,1016613.6399999995,c0,
D-TD01-3,core,R:sector=Construction:ead_s2:base:2026Q1,"{""sector"": ""Construction""}",ead_s2,base,2026Q1,1043809.87,PUBLISHED_EXACT,1043809.8700000012,c1,
D-TD01-3,core,R:sector=Construction:ead_s2:abs_change:2026Q2 vs 2026Q1,"{""sector"": ""Construction""}",ead_s2,abs_change,2026Q2 vs 2026Q1,-27196.22999999998,PUBLISHED_EXACT,-27196.23000000161,c2,
D-TD01-3,core,R:sector=Hospitality:ead_s2:latest:2026Q2,"{""sector"": ""Hospitality""}",ead_s2,latest,2026Q2,448103.25,PUBLISHED_EXACT,448103.25,c3,
D-TD01-3,core,R:sector=Hospitality:ead_s2:base:2026Q1,"{""sector"": ""Hospitality""}",ead_s2,base,2026Q1,408120.32,PUBLISHED_EXACT,408120.31999999995,c4,
D-TD01-3,core,R:sector=Hospitality:ead_s2:abs_change:2026Q2 vs 2026Q1,"{""sector"": ""Hospitality""}",ead_s2,abs_change,2026Q2 vs 2026Q1,39982.92999999999,PUBLISHED_EXACT,39982.93000000005,c5,
D-TD01-3,core,R:sector=Real Estate:ead_s2:latest:2026Q2,"{""sector"": ""Real Estate""}",ead_s2,latest,2026Q2,830809.33,PUBLISHED_EXACT,830809.330000001,c6,
D-TD01-3,core,R:sector=Real Estate:ead_s2:base:2026Q1,"{""sector"": ""Real Estate""}",ead_s2,base,2026Q1,826028.71,PUBLISHED_EXACT,826028.7099999995,c7,
D-TD01-3,core,R:sector=Real Estate:ead_s2:abs_change:2026Q2 vs 2026Q1,"{""sector"": ""Real Estate""}",ead_s2,abs_change,2026Q2 vs 2026Q1,4780.619999999995,PUBLISHED_EXACT,4780.620000001509,c8,
D-TD01-4,core,R:sector=Hospitality:ead_s2:abs_change:2026Q2 vs 2026Q1,"{""sector"": ""Hospitality""}",ead_s2,abs_change,2026Q2 vs 2026Q1,39982.92999999999,PUBLISHED_EXACT,39982.92999999999,c0,
D-TD01-4,core,RANKING,,,,,"[{""sector"": ""Hospitality""}]",OK,"[{""sector"": ""Hospitality""}]",,
D-TD03-1,core,R:sector=Construction:ecl:2026Q2,"{""sector"": ""Construction""}",ecl,value,2026Q2,275511.7424,PUBLISHED_EXACT,275511.74239999935,c0,
D-TD03-1,core,R:sector=Real Estate:ecl:2026Q2,"{""sector"": ""Real Estate""}",ecl,value,2026Q2,185429.6386,PUBLISHED_EXACT,185429.63859999974,c1,
D-TD03-1,core,R:sector=Hospitality:ecl:2026Q2,"{""sector"": ""Hospitality""}",ecl,value,2026Q2,58920.0258,PUBLISHED_EXACT,58920.025799999945,c2,
D-TD03-1,core,R:sector=Retail Trade:ecl:2026Q2,"{""sector"": ""Retail Trade""}",ecl,value,2026Q2,50052.1579,PUBLISHED_EXACT,50052.15790000002,c3,
D-TD03-1,core,R:sector=Transport and Logistics:ecl:2026Q2,"{""sector"": ""Transport and Logistics""}",ecl,value,2026Q2,39188.2542,PUBLISHED_EXACT,39188.25420000007,c4,
D-TD03-1,core,R:sector=Manufacturing:ecl:2026Q2,"{""sector"": ""Manufacturing""}",ecl,value,2026Q2,36037.6179,PUBLISHED_EXACT,36037.61789999996,c5,
D-TD03-1,core,R:sector=Wholesale Trade:ecl:2026Q2,"{""sector"": ""Wholesale Trade""}",ecl,value,2026Q2,26758.485,PUBLISHED_EXACT,26758.484999999986,c6,
D-TD03-1,core,R:sector=Agriculture and Agri-processing:ecl:2026Q2,"{""sector"": ""Agriculture and Agri-processing""}",ecl,value,2026Q2,26130.7813,PUBLISHED_EXACT,26130.781300000053,c7,
D-TD03-1,core,R:sector=Chemicals:ecl:2026Q2,"{""sector"": ""Chemicals""}",ecl,value,2026Q2,20882.8811,PUBLISHED_EXACT,20882.88109999998,c8,
D-TD03-1,core,R:sector=Healthcare:ecl:2026Q2,"{""sector"": ""Healthcare""}",ecl,value,2026Q2,14014.5711,PUBLISHED_EXACT,14014.571100000001,c9,
D-TD03-1,core,R:sector=Metals and Mining:ecl:2026Q2,"{""sector"": ""Metals and Mining""}",ecl,value,2026Q2,12842.2291,PUBLISHED_EXACT,12842.2291,c10,
D-TD03-1,core,R:sector=Telecommunications:ecl:2026Q2,"{""sector"": ""Telecommunications""}",ecl,value,2026Q2,12033.9893,PUBLISHED_EXACT,12033.989299999974,c11,
D-TD03-1,core,R:sector=Information Technology:ecl:2026Q2,"{""sector"": ""Information Technology""}",ecl,value,2026Q2,11314.1339,PUBLISHED_EXACT,11314.133900000003,c12,
D-TD03-1,core,R:sector=Power and Utilities:ecl:2026Q2,"{""sector"": ""Power and Utilities""}",ecl,value,2026Q2,10358.8423,PUBLISHED_EXACT,10358.8423,c13,
D-TD03-2,core,R:sector=Construction:ecl:2026Q2,"{""sector"": ""Construction""}",ecl,value,2026Q2,275511.7424,PUBLISHED_EXACT,275511.74239999935,c0,
D-TD03-2,core,RANKING,,,,,"[{""sector"": ""Construction""}]",OK,"[{""sector"": ""Construction""}]",,
D-TD03-3,core,R:total:ead_s3:2026Q2,{},ead_s3,value,2026Q2,463682.1,PUBLISHED_EXACT,463682.1000000001,c0,
D-TD03-4,core,R:total:ead_s3:latest:2026Q2,{},ead_s3,latest,2026Q2,463682.1,PUBLISHED_EXACT,463682.1000000001,c0,
D-TD03-4,core,R:total:ead_s3:base:2025Q2,{},ead_s3,base,2025Q2,127962.98,PUBLISHED_EXACT,127962.98000000001,c1,
D-TD03-4,core,R:total:ead_s3:abs_change:2026Q2 vs 2025Q2,{},ead_s3,abs_change,2026Q2 vs 2025Q2,335719.12,PUBLISHED_EXACT,335719.1200000001,c2,
D-TD03-5,core,R:total:ecl:2026Q2,{},ecl,value,2026Q2,779475.3499,PUBLISHED_EXACT,779475.349899997,c0,
D-TD04-1,core,R:product=Mortgage:ead:2026-08,"{""product"": ""Mortgage""}",ead,value,2026-08,16648.92204,PUBLISHED_EXACT,16648.92203999996,c0,
D-TD04-1,core,R:product=Personal Finance:ead:2026-08,"{""product"": ""Personal Finance""}",ead,value,2026-08,1796.9443,PUBLISHED_EXACT,1796.9443000000022,c1,
D-TD04-1,core,R:product=Auto Finance:ead:2026-08,"{""product"": ""Auto Finance""}",ead,value,2026-08,740.8253,PUBLISHED_EXACT,740.8253000000019,c2,
D-TD04-1,core,R:product=Credit Card:ead:2026-08,"{""product"": ""Credit Card""}",ead,value,2026-08,513.18428,PUBLISHED_EXACT,513.1842799999981,c3,
D-TD04-1,core,R:product=Buy Now Pay Later:ead:2026-08,"{""product"": ""Buy Now Pay Later""}",ead,value,2026-08,38.95622,PUBLISHED_EXACT,38.95622000000003,c4,
D-TD04-2,core,R:product=Mortgage:ead:2026-08,"{""product"": ""Mortgage""}",ead,value,2026-08,16648.92204,PUBLISHED_EXACT,16648.92203999996,c0,
D-TD04-2,core,R:product=Auto Finance:ead:2026-08,"{""product"": ""Auto Finance""}",ead,value,2026-08,740.8253,PUBLISHED_EXACT,740.8253000000019,c1,
D-TD04-3,core,R:product=Mortgage:ead:2026-07,"{""product"": ""Mortgage""}",ead,value,2026-07,15828.48193,PUBLISHED_EXACT,15828.481929999945,c0,
D-TD04-3,core,R:product=Auto Finance:ead:2026-07,"{""product"": ""Auto Finance""}",ead,value,2026-07,724.06218,PUBLISHED_EXACT,724.0621800000009,c1,
D-TD04-4,core,R:product=Auto Finance:ead:abs_change:2026-08 vs 2026-07,"{""product"": ""Auto Finance""}",ead,abs_change,2026-08 vs 2026-07,16.763119999999958,PUBLISHED_EXACT,16.76312000000098,c0,
D-TD04-4,core,R:product=Mortgage:ead:abs_change:2026-08 vs 2026-07,"{""product"": ""Mortgage""}",ead,abs_change,2026-08 vs 2026-07,820.4401100000014,PUBLISHED_EXACT,820.4401100000159,c1,
D-TD04-5,core,R:total:ead:abs_change:2026-08 vs 2026-07,{},ead,abs_change,2026-08 vs 2026-07,837.2032300000028,PUBLISHED_EXACT,837.2032300000174,c0,
D-TD05-1,core,R:region=Riyadh:ead_s3:2026Q2,"{""region"": ""Riyadh""}",ead_s3,value,2026Q2,309947.33,PUBLISHED_EXACT,309947.33000000025,c0,
D-TD05-1,core,R:region=Makkah:ead_s3:2026Q2,"{""region"": ""Makkah""}",ead_s3,value,2026Q2,302507.69,PUBLISHED_EXACT,302507.69,c1,
D-TD05-1,core,R:region=Eastern Province:ead_s3:2026Q2,"{""region"": ""Eastern Province""}",ead_s3,value,2026Q2,259811.0,PUBLISHED_EXACT,259811.00000000012,c2,
D-TD05-1,core,R:region=Madinah:ead_s3:2026Q2,"{""region"": ""Madinah""}",ead_s3,value,2026Q2,152296.66,PUBLISHED_EXACT,152296.65999999992,c3,
D-TD05-1,core,R:region=Qassim:ead_s3:2026Q2,"{""region"": ""Qassim""}",ead_s3,value,2026Q2,108678.6,PUBLISHED_EXACT,108678.59999999998,c4,
D-TD05-1,core,R:region=Hail:ead_s3:2026Q2,"{""region"": ""Hail""}",ead_s3,value,2026Q2,43253.3,PUBLISHED_EXACT,43253.299999999996,c5,
D-TD05-1,core,R:region=Asir:ead_s3:2026Q2,"{""region"": ""Asir""}",ead_s3,value,2026Q2,34059.64,PUBLISHED_EXACT,34059.64,c6,
D-TD05-1,core,R:region=Tabuk:ead_s3:2026Q2,"{""region"": ""Tabuk""}",ead_s3,value,2026Q2,20182.76,PUBLISHED_EXACT,20182.760000000002,c7,
D-TD05-1,core,R:region=Northern Borders:ead_s3:2026Q2,"{""region"": ""Northern Borders""}",ead_s3,value,2026Q2,16187.26,PUBLISHED_EXACT,16187.259999999998,c8,
D-TD05-1,core,R:region=Najran:ead_s3:2026Q2,"{""region"": ""Najran""}",ead_s3,value,2026Q2,5597.48,PUBLISHED_EXACT,5597.48,c9,
D-TD05-3,core,R:region=Asir:ead_s3:2026-08,"{""region"": ""Asir""}",ead_s3,value,2026-08,33.51472,PUBLISHED_EXACT,33.51471999999998,c0,
D-TD05-3,core,RANKING,,,,,"[{""region"": ""Asir""}]",OK,"[{""region"": ""Asir""}]",,
D-TD05-4,core,R:region=Riyadh:ead_s3:2026Q2,"{""region"": ""Riyadh""}",ead_s3,value,2026Q2,309947.33,PUBLISHED_EXACT,309947.33000000025,c0,
D-TD05-4,core,RANKING,,,,,"[{""region"": ""Riyadh""}]",OK,"[{""region"": ""Riyadh""}]",,
D-TD05-5,core,R:total:ead_s3:latest:2026Q2,{},ead_s3,latest,2026Q2,309947.33,PUBLISHED_EXACT,309947.33000000025,c0,
D-TD05-5,core,R:total:ead_s3:base:2026Q1,{},ead_s3,base,2026Q1,222581.77,PUBLISHED_EXACT,222581.76999999996,c1,
D-TD05-5,core,R:total:ead_s3:abs_change:2026Q2 vs 2026Q1,{},ead_s3,abs_change,2026Q2 vs 2026Q1,87365.56000000003,PUBLISHED_EXACT,87365.56000000029,c2,
D-TD06-1,core,R:total:ead:2026Q2,{},ead,value,2026Q2,15370014.18,PUBLISHED_EXACT,15370014.180000028,c0,
D-TD06-3,core,R:product_type=term_loan:ead:2026Q2,"{""product_type"": ""term_loan""}",ead,value,2026Q2,2898698.42,PUBLISHED_EXACT,2898698.419999998,c0,
D-TD06-3,core,R:product_type=working_capital:ead:2026Q2,"{""product_type"": ""working_capital""}",ead,value,2026Q2,2663949.74,PUBLISHED_EXACT,2663949.7399999946,c1,
D-TD06-3,core,R:product_type=project_finance:ead:2026Q2,"{""product_type"": ""project_finance""}",ead,value,2026Q2,2441119.15,PUBLISHED_EXACT,2441119.1500000013,c2,
D-TD06-3,core,R:product_type=trade_finance:ead:2026Q2,"{""product_type"": ""trade_finance""}",ead,value,2026Q2,2326742.23,PUBLISHED_EXACT,2326742.230000001,c3,
D-TD06-3,core,R:product_type=revolving_credit:ead:2026Q2,"{""product_type"": ""revolving_credit""}",ead,value,2026Q2,1973356.21,PUBLISHED_EXACT,1973356.2099999986,c4,
D-TD06-3,core,R:product_type=overdraft:ead:2026Q2,"{""product_type"": ""overdraft""}",ead,value,2026Q2,1186039.21,PUBLISHED_EXACT,1186039.2100000007,c5,
D-TD06-3,core,R:product_type=asset_finance:ead:2026Q2,"{""product_type"": ""asset_finance""}",ead,value,2026Q2,1119907.2,PUBLISHED_EXACT,1119907.2,c6,
D-TD06-3,core,R:product_type=supply_chain_finance:ead:2026Q2,"{""product_type"": ""supply_chain_finance""}",ead,value,2026Q2,760202.02,PUBLISHED_EXACT,760202.0199999987,c7,
D-TD06-4,core,R:product_type=project_finance:s2_share:2026Q2,"{""product_type"": ""project_finance""}",s2_share,value,2026Q2,0.3100326627,PUBLISHED_EXACT,0.3100326626826057,c0,
D-TD06-4,core,RANKING,,,,,"[{""product_type"": ""project_finance""}]",OK,"[{""product_type"": ""project_finance""}]",,
D-TD07-1,core,R:sector=Construction:ead:2026Q1,"{""sector"": ""Construction""}",ead,value,2026Q1,1815327.55,PUBLISHED_EXACT,1815327.55,c0,
D-TD07-1,core,R:sector=Real Estate:ead:2026Q1,"{""sector"": ""Real Estate""}",ead,value,2026Q1,1576768.11,PUBLISHED_EXACT,1576768.11,c1,
D-TD07-1,core,R:sector=Manufacturing:ead:2026Q1,"{""sector"": ""Manufacturing""}",ead,value,2026Q1,1310941.77,PUBLISHED_EXACT,1310941.7699999986,c2,
D-TD07-1,core,R:sector=Transport and Logistics:ead:2026Q1,"{""sector"": ""Transport and Logistics""}",ead,value,2026Q1,1120067.82,PUBLISHED_EXACT,1120067.8199999984,c3,
D-TD07-1,core,R:sector=Hospitality:ead:2026Q1,"{""sector"": ""Hospitality""}",ead,value,2026Q1,1088828.3,PUBLISHED_EXACT,1088828.3,c4,
D-TD07-1,core,R:sector=Retail Trade:ead:2026Q1,"{""sector"": ""Retail Trade""}",ead,value,2026Q1,1062481.63,PUBLISHED_EXACT,1062481.629999999,c5,
D-TD07-1,core,R:sector=Chemicals:ead:2026Q1,"{""sector"": ""Chemicals""}",ead,value,2026Q1,1019985.05,PUBLISHED_EXACT,1019985.0500000007,c6,
D-TD07-1,core,R:sector=Information Technology:ead:2026Q1,"{""sector"": ""Information Technology""}",ead,value,2026Q1,946597.52,PUBLISHED_EXACT,946597.5199999986,c7,
D-TD07-1,core,R:sector=Wholesale Trade:ead:2026Q1,"{""sector"": ""Wholesale Trade""}",ead,value,2026Q1,946248.42,PUBLISHED_EXACT,946248.4199999991,c8,
D-TD07-1,core,R:sector=Power and Utilities:ead:2026Q1,"{""sector"": ""Power and Utilities""}",ead,value,2026Q1,934934.68,PUBLISHED_EXACT,934934.6799999997,c9,
D-TD07-1,core,R:sector=Healthcare:ead:2026Q1,"{""sector"": ""Healthcare""}",ead,value,2026Q1,922512.96,PUBLISHED_EXACT,922512.9600000008,c10,
D-TD07-1,core,R:sector=Agriculture and Agri-processing:ead:2026Q1,"{""sector"": ""Agriculture and Agri-processing""}",ead,value,2026Q1,876138.77,PUBLISHED_EXACT,876138.7699999996,c11,
D-TD07-1,core,R:sector=Metals and Mining:ead:2026Q1,"{""sector"": ""Metals and Mining""}",ead,value,2026Q1,750803.25,PUBLISHED_EXACT,750803.2500000008,c12,
D-TD07-1,core,R:sector=Telecommunications:ead:2026Q1,"{""sector"": ""Telecommunications""}",ead,value,2026Q1,669873.51,PUBLISHED_EXACT,669873.5100000005,c13,
D-TD07-2,core,R:sector=Construction:ead:2026Q2,"{""sector"": ""Construction""}",ead,value,2026Q2,1869524.58,PUBLISHED_EXACT,1869524.5800000012,c0,
D-TD07-2,core,R:sector=Real Estate:ead:2026Q2,"{""sector"": ""Real Estate""}",ead,value,2026Q2,1614126.76,PUBLISHED_EXACT,1614126.7599999988,c1,
D-TD07-2,core,R:sector=Manufacturing:ead:2026Q2,"{""sector"": ""Manufacturing""}",ead,value,2026Q2,1345476.26,PUBLISHED_EXACT,1345476.259999997,c2,
D-TD07-2,core,R:sector=Transport and Logistics:ead:2026Q2,"{""sector"": ""Transport and Logistics""}",ead,value,2026Q2,1139204.05,PUBLISHED_EXACT,1139204.0499999986,c3,
D-TD07-2,core,R:sector=Hospitality:ead:2026Q2,"{""sector"": ""Hospitality""}",ead,value,2026Q2,1114146.03,PUBLISHED_EXACT,1114146.0300000005,c4,
D-TD07-2,core,R:sector=Retail Trade:ead:2026Q2,"{""sector"": ""Retail Trade""}",ead,value,2026Q2,1084802.61,PUBLISHED_EXACT,1084802.6099999985,c5,
D-TD07-2,core,R:sector=Chemicals:ead:2026Q2,"{""sector"": ""Chemicals""}",ead,value,2026Q2,1044725.42,PUBLISHED_EXACT,1044725.419999999,c6,
D-TD07-2,core,R:sector=Wholesale Trade:ead:2026Q2,"{""sector"": ""Wholesale Trade""}",ead,value,2026Q2,967189.97,PUBLISHED_EXACT,967189.9700000006,c7,
D-TD07-2,core,R:sector=Information Technology:ead:2026Q2,"{""sector"": ""Information Technology""}",ead,value,2026Q2,960477.91,PUBLISHED_EXACT,960477.909999999,c8,
D-TD07-2,core,R:sector=Power and Utilities:ead:2026Q2,"{""sector"": ""Power and Utilities""}",ead,value,2026Q2,948211.23,PUBLISHED_EXACT,948211.2299999989,c9,
D-TD07-2,core,R:sector=Healthcare:ead:2026Q2,"{""sector"": ""Healthcare""}",ead,value,2026Q2,938348.6,PUBLISHED_EXACT,938348.6000000003,c10,
D-TD07-2,core,R:sector=Agriculture and Agri-processing:ead:2026Q2,"{""sector"": ""Agriculture and Agri-processing""}",ead,value,2026Q2,895138.3,PUBLISHED_EXACT,895138.3000000005,c11,
D-TD07-2,core,R:sector=Metals and Mining:ead:2026Q2,"{""sector"": ""Metals and Mining""}",ead,value,2026Q2,763418.88,PUBLISHED_EXACT,763418.8799999993,c12,
D-TD07-2,core,R:sector=Telecommunications:ead:2026Q2,"{""sector"": ""Telecommunications""}",ead,value,2026Q2,685223.58,PUBLISHED_EXACT,685223.5799999989,c13,
D-TD07-3,core,R:sector=Construction:ead_s2:2026Q2,"{""sector"": ""Construction""}",ead_s2,value,2026Q2,1016613.64,PUBLISHED_EXACT,1016613.6399999993,c0,
D-TD07-3,core,R:sector=Real Estate:ead_s2:2026Q2,"{""sector"": ""Real Estate""}",ead_s2,value,2026Q2,830809.33,PUBLISHED_EXACT,830809.330000001,c1,
D-TD07-3,core,R:sector=Hospitality:ead_s2:2026Q2,"{""sector"": ""Hospitality""}",ead_s2,value,2026Q2,448103.25,PUBLISHED_EXACT,448103.25,c2,
D-TD07-3,core,R:sector=Retail Trade:ead_s2:2026Q2,"{""sector"": ""Retail Trade""}",ead_s2,value,2026Q2,444209.84,PUBLISHED_EXACT,444209.83999999997,c3,
D-TD07-3,core,R:sector=Manufacturing:ead_s2:2026Q2,"{""sector"": ""Manufacturing""}",ead_s2,value,2026Q2,300040.69,PUBLISHED_EXACT,300040.6899999999,c4,
D-TD07-3,core,R:sector=Transport and Logistics:ead_s2:2026Q2,"{""sector"": ""Transport and Logistics""}",ead_s2,value,2026Q2,260060.51,PUBLISHED_EXACT,260060.50999999998,c5,
D-TD07-3,core,R:sector=Agriculture and Agri-processing:ead_s2:2026Q2,"{""sector"": ""Agriculture and Agri-processing""}",ead_s2,value,2026Q2,182535.55,PUBLISHED_EXACT,182535.55000000005,c6,
D-TD07-3,core,R:sector=Wholesale Trade:ead_s2:2026Q2,"{""sector"": ""Wholesale Trade""}",ead_s2,value,2026Q2,141124.12,PUBLISHED_EXACT,141124.11999999997,c7,
D-TD07-3,core,R:sector=Metals and Mining:ead_s2:2026Q2,"{""sector"": ""Metals and Mining""}",ead_s2,value,2026Q2,134516.96,PUBLISHED_EXACT,134516.96000000002,c8,
D-TD07-3,core,R:sector=Information Technology:ead_s2:2026Q2,"{""sector"": ""Information Technology""}",ead_s2,value,2026Q2,100017.29,PUBLISHED_EXACT,100017.29,c9,
D-TD07-3,core,R:sector=Chemicals:ead_s2:2026Q2,"{""sector"": ""Chemicals""}",ead_s2,value,2026Q2,97638.82,PUBLISHED_EXACT,97638.81999999996,c10,
D-TD07-3,core,R:sector=Healthcare:ead_s2:2026Q2,"{""sector"": ""Healthcare""}",ead_s2,value,2026Q2,96312.14,PUBLISHED_EXACT,96312.14000000001,c11,
D-TD07-3,core,R:sector=Telecommunications:ead_s2:2026Q2,"{""sector"": ""Telecommunications""}",ead_s2,value,2026Q2,92096.88,PUBLISHED_EXACT,92096.88000000002,c12,
D-TD07-3,core,R:sector=Power and Utilities:ead_s2:2026Q2,"{""sector"": ""Power and Utilities""}",ead_s2,value,2026Q2,53934.47,PUBLISHED_EXACT,53934.46999999998,c13,
D-TD07-4,core,R:sector=Construction:ecl_s2:2026Q2,"{""sector"": ""Construction""}",ecl_s2,value,2026Q2,39293.3284,PUBLISHED_EXACT,39293.32839999998,c0,
D-TD07-4,core,R:sector=Real Estate:ecl_s2:2026Q2,"{""sector"": ""Real Estate""}",ecl_s2,value,2026Q2,28781.577,PUBLISHED_EXACT,28781.57700000001,c1,
D-TD07-4,core,R:sector=Hospitality:ecl_s2:2026Q2,"{""sector"": ""Hospitality""}",ecl_s2,value,2026Q2,12869.1384,PUBLISHED_EXACT,12869.138400000002,c2,
D-TD07-4,core,R:sector=Retail Trade:ecl_s2:2026Q2,"{""sector"": ""Retail Trade""}",ecl_s2,value,2026Q2,11526.1076,PUBLISHED_EXACT,11526.107599999994,c3,
D-TD07-4,core,R:sector=Manufacturing:ecl_s2:2026Q2,"{""sector"": ""Manufacturing""}",ecl_s2,value,2026Q2,7258.9505,PUBLISHED_EXACT,7258.950500000004,c4,
D-TD07-4,core,R:sector=Transport and Logistics:ecl_s2:2026Q2,"{""sector"": ""Transport and Logistics""}",ecl_s2,value,2026Q2,6460.5366,PUBLISHED_EXACT,6460.536599999999,c5,
D-TD07-4,core,R:sector=Agriculture and Agri-processing:ecl_s2:2026Q2,"{""sector"": ""Agriculture and Agri-processing""}",ecl_s2,value,2026Q2,5271.8217,PUBLISHED_EXACT,5271.8217,c6,
D-TD07-4,core,R:sector=Wholesale Trade:ecl_s2:2026Q2,"{""sector"": ""Wholesale Trade""}",ecl_s2,value,2026Q2,2491.2723,PUBLISHED_EXACT,2491.272300000001,c7,
D-TD07-4,core,R:sector=Metals and Mining:ecl_s2:2026Q2,"{""sector"": ""Metals and Mining""}",ecl_s2,value,2026Q2,3853.0546,PUBLISHED_EXACT,3853.0545999999986,c8,
D-TD07-4,core,R:sector=Information Technology:ecl_s2:2026Q2,"{""sector"": ""Information Technology""}",ecl_s2,value,2026Q2,2765.0062,PUBLISHED_EXACT,2765.0062,c9,
D-TD07-4,core,R:sector=Chemicals:ecl_s2:2026Q2,"{""sector"": ""Chemicals""}",ecl_s2,value,2026Q2,3133.561,PUBLISHED_EXACT,3133.5609999999992,c10,
D-TD07-4,core,R:sector=Healthcare:ecl_s2:2026Q2,"{""sector"": ""Healthcare""}",ecl_s2,value,2026Q2,3673.6008,PUBLISHED_EXACT,3673.6008000000015,c11,
D-TD07-4,core,R:sector=Telecommunications:ecl_s2:2026Q2,"{""sector"": ""Telecommunications""}",ecl_s2,value,2026Q2,3233.2973,PUBLISHED_EXACT,3233.2973,c12,
D-TD07-4,core,R:sector=Power and Utilities:ecl_s2:2026Q2,"{""sector"": ""Power and Utilities""}",ecl_s2,value,2026Q2,2262.0999,PUBLISHED_EXACT,2262.0999,c13,
D-TD07-5,core,R:sector=Construction:coverage_s2:2026Q2,"{""sector"": ""Construction""}",coverage_s2,value,2026Q2,0.03865119142,PUBLISHED_EXACT,0.03865119142017414,c0,
D-TD07-5,core,R:sector=Real Estate:coverage_s2:2026Q2,"{""sector"": ""Real Estate""}",coverage_s2,value,2026Q2,0.03464281871,PUBLISHED_EXACT,0.03464281870787365,c1,
D-TD07-5,core,R:sector=Hospitality:coverage_s2:2026Q2,"{""sector"": ""Hospitality""}",coverage_s2,value,2026Q2,0.02871913649,PUBLISHED_EXACT,0.02871913649365409,c2,
D-TD07-5,core,R:sector=Retail Trade:coverage_s2:2026Q2,"{""sector"": ""Retail Trade""}",coverage_s2,value,2026Q2,0.02594743872,PUBLISHED_EXACT,0.025947438715000087,c3,
D-TD07-5,core,R:sector=Manufacturing:coverage_s2:2026Q2,"{""sector"": ""Manufacturing""}",coverage_s2,value,2026Q2,0.02419322026,PUBLISHED_EXACT,0.024193220259558817,c4,
D-TD07-5,core,R:sector=Transport and Logistics:coverage_s2:2026Q2,"{""sector"": ""Transport and Logistics""}",coverage_s2,value,2026Q2,0.02484243609,PUBLISHED_EXACT,0.02484243609304619,c5,
D-TD07-5,core,R:sector=Agriculture and Agri-processing:coverage_s2:2026Q2,"{""sector"": ""Agriculture and Agri-processing""}",coverage_s2,value,2026Q2,0.02888106837,PUBLISHED_EXACT,0.028881068372708762,c6,
D-TD07-5,core,R:sector=Wholesale Trade:coverage_s2:2026Q2,"{""sector"": ""Wholesale Trade""}",coverage_s2,value,2026Q2,0.01765305817,PUBLISHED_EXACT,0.017653058173188265,c7,
D-TD07-5,core,R:sector=Metals and Mining:coverage_s2:2026Q2,"{""sector"": ""Metals and Mining""}",coverage_s2,value,2026Q2,0.02864363423,PUBLISHED_EXACT,0.028643634230211552,c8,
D-TD07-5,core,R:sector=Information Technology:coverage_s2:2026Q2,"{""sector"": ""Information Technology""}",coverage_s2,value,2026Q2,0.02764528213,PUBLISHED_EXACT,0.0276452821307196,c9,
D-TD07-5,core,R:sector=Chemicals:coverage_s2:2026Q2,"{""sector"": ""Chemicals""}",coverage_s2,value,2026Q2,0.03209339277,PUBLISHED_EXACT,0.03209339277144071,c10,
D-TD07-5,core,R:sector=Healthcare:coverage_s2:2026Q2,"{""sector"": ""Healthcare""}",coverage_s2,value,2026Q2,0.03814265574,PUBLISHED_EXACT,0.03814265574412531,c11,
D-TD07-5,core,R:sector=Telecommunications:coverage_s2:2026Q2,"{""sector"": ""Telecommunications""}",coverage_s2,value,2026Q2,0.03510756608,PUBLISHED_EXACT,0.03510756607607119,c12,
D-TD07-5,core,R:sector=Power and Utilities:coverage_s2:2026Q2,"{""sector"": ""Power and Utilities""}",coverage_s2,value,2026Q2,0.04194163584,PUBLISHED_EXACT,0.04194163584067853,c13,
D-TD08-1,core,R:region=Asir:ecl:2026-08,"{""region"": ""Asir""}",ecl,value,2026-08,30.45411,PUBLISHED_EXACT,30.454109999999915,c0,
D-TD08-1,core,R:region=Qassim:ecl:2026-08,"{""region"": ""Qassim""}",ecl,value,2026-08,28.980584,PUBLISHED_EXACT,28.980584000000036,c1,
D-TD08-1,core,R:region=Madinah:ecl:2026-08,"{""region"": ""Madinah""}",ecl,value,2026-08,28.46811,PUBLISHED_EXACT,28.468110000000035,c2,
D-TD08-1,core,R:region=Riyadh:ecl:2026-08,"{""region"": ""Riyadh""}",ecl,value,2026-08,27.977642,PUBLISHED_EXACT,27.977642000000056,c3,
D-TD08-1,core,R:region=Hail:ecl:2026-08,"{""region"": ""Hail""}",ecl,value,2026-08,27.514079,PUBLISHED_EXACT,27.514078999999956,c4,
D-TD08-1,core,R:region=Eastern Province:ecl:2026-08,"{""region"": ""Eastern Province""}",ecl,value,2026-08,27.276387,PUBLISHED_EXACT,27.276387,c5,
D-TD08-1,core,R:region=Tabuk:ecl:2026-08,"{""region"": ""Tabuk""}",ecl,value,2026-08,27.05025,PUBLISHED_EXACT,27.050249999999977,c6,
D-TD08-1,core,R:region=Makkah:ecl:2026-08,"{""region"": ""Makkah""}",ecl,value,2026-08,26.835416,PUBLISHED_EXACT,26.835416000000023,c7,
D-TD08-2,core,R:product=Personal Finance:ecl:2026-08,"{""product"": ""Personal Finance""}",ecl,value,2026-08,14.188312,PUBLISHED_EXACT,14.188312000000007,c0,
D-TD08-2,core,R:product=Credit Card:ecl:2026-08,"{""product"": ""Credit Card""}",ecl,value,2026-08,8.020033,PUBLISHED_EXACT,8.020033000000009,c1,
D-TD08-2,core,R:product=Mortgage:ecl:2026-08,"{""product"": ""Mortgage""}",ecl,value,2026-08,6.598146,PUBLISHED_EXACT,6.598146,c2,
D-TD08-2,core,R:product=Auto Finance:ecl:2026-08,"{""product"": ""Auto Finance""}",ecl,value,2026-08,1.319755,PUBLISHED_EXACT,1.3197549999999996,c3,
D-TD08-2,core,R:product=Buy Now Pay Later:ecl:2026-08,"{""product"": ""Buy Now Pay Later""}",ecl,value,2026-08,0.327864,PUBLISHED_EXACT,0.3278639999999998,c4,
D-TD08-3,core,R:product=Credit Card:coverage:2026-08,"{""product"": ""Credit Card""}",coverage,value,2026-08,0.1257593828,PUBLISHED_EXACT,0.12575938283444815,c0,
D-TD08-3,core,RANKING,,,,,"[{""product"": ""Credit Card""}]",OK,"[{""product"": ""Credit Card""}]",,
D-TD08-4,core,R:region=Asir:ecl:2026-08,"{""region"": ""Asir""}",ecl,value,2026-08,30.45411,PUBLISHED_EXACT,30.454109999999915,c0,
D-TD08-4,core,R:region=Qassim:ecl:2026-08,"{""region"": ""Qassim""}",ecl,value,2026-08,28.980584,PUBLISHED_EXACT,28.980584000000036,c1,
D-TD08-4,core,RANKING,,,,,"[{""region"": ""Asir""}, {""region"": ""Qassim""}]",OK,"[{""region"": ""Asir""}, {""region"": ""Qassim""}]",,
D-TD08-5,core,R:product=Personal Finance:ecl:2026-08,"{""product"": ""Personal Finance""}",ecl,value,2026-08,13.817315,PUBLISHED_EXACT,13.817315000000018,c0,
D-TD08-5,core,R:product=Credit Card:ecl:2026-08,"{""product"": ""Credit Card""}",ecl,value,2026-08,8.581926,PUBLISHED_EXACT,8.581925999999994,c1,
D-TD08-5,core,R:product=Mortgage:ecl:2026-08,"{""product"": ""Mortgage""}",ecl,value,2026-08,4.954916,PUBLISHED_EXACT,4.954915999999996,c2,
D-TD08-5,core,R:product=Auto Finance:ecl:2026-08,"{""product"": ""Auto Finance""}",ecl,value,2026-08,1.305926,PUBLISHED_EXACT,1.3059260000000004,c3,
D-TD08-5,core,R:product=Buy Now Pay Later:ecl:2026-08,"{""product"": ""Buy Now Pay Later""}",ecl,value,2026-08,0.320501,PUBLISHED_EXACT,0.32050100000000004,c4,
D-TD09-1,core,R:sector=Construction:ecl:2026Q2,"{""sector"": ""Construction""}",ecl,value,2026Q2,275511.7424,PUBLISHED_EXACT,275511.74239999935,c0,
D-TD09-1,core,R:sector=Real Estate:ecl:2026Q2,"{""sector"": ""Real Estate""}",ecl,value,2026Q2,185429.6386,PUBLISHED_EXACT,185429.63859999974,c1,
D-TD09-1,core,R:sector=Hospitality:ecl:2026Q2,"{""sector"": ""Hospitality""}",ecl,value,2026Q2,58920.0258,PUBLISHED_EXACT,58920.025799999945,c2,
D-TD09-1,core,R:sector=Retail Trade:ecl:2026Q2,"{""sector"": ""Retail Trade""}",ecl,value,2026Q2,50052.1579,PUBLISHED_EXACT,50052.15790000002,c3,
D-TD09-1,core,R:sector=Transport and Logistics:ecl:2026Q2,"{""sector"": ""Transport and Logistics""}",ecl,value,2026Q2,39188.2542,PUBLISHED_EXACT,39188.25420000007,c4,
D-TD09-1,core,R:sector=Manufacturing:ecl:2026Q2,"{""sector"": ""Manufacturing""}",ecl,value,2026Q2,36037.6179,PUBLISHED_EXACT,36037.61789999996,c5,
D-TD09-1,core,R:sector=Wholesale Trade:ecl:2026Q2,"{""sector"": ""Wholesale Trade""}",ecl,value,2026Q2,26758.485,PUBLISHED_EXACT,26758.484999999986,c6,
D-TD09-1,core,R:sector=Agriculture and Agri-processing:ecl:2026Q2,"{""sector"": ""Agriculture and Agri-processing""}",ecl,value,2026Q2,26130.7813,PUBLISHED_EXACT,26130.781300000053,c7,
D-TD09-1,core,R:sector=Chemicals:ecl:2026Q2,"{""sector"": ""Chemicals""}",ecl,value,2026Q2,20882.8811,PUBLISHED_EXACT,20882.88109999998,c8,
D-TD09-1,core,R:sector=Healthcare:ecl:2026Q2,"{""sector"": ""Healthcare""}",ecl,value,2026Q2,14014.5711,PUBLISHED_EXACT,14014.571100000001,c9,
D-TD09-1,core,R:sector=Metals and Mining:ecl:2026Q2,"{""sector"": ""Metals and Mining""}",ecl,value,2026Q2,12842.2291,PUBLISHED_EXACT,12842.2291,c10,
D-TD09-1,core,R:sector=Telecommunications:ecl:2026Q2,"{""sector"": ""Telecommunications""}",ecl,value,2026Q2,12033.9893,PUBLISHED_EXACT,12033.989299999974,c11,
D-TD09-1,core,R:sector=Information Technology:ecl:2026Q2,"{""sector"": ""Information Technology""}",ecl,value,2026Q2,11314.1339,PUBLISHED_EXACT,11314.133900000003,c12,
D-TD09-1,core,R:sector=Power and Utilities:ecl:2026Q2,"{""sector"": ""Power and Utilities""}",ecl,value,2026Q2,10358.8423,PUBLISHED_EXACT,10358.8423,c13,
D-TD09-3,core,R:total:coverage:2026Q2,{},coverage,value,2026Q2,0.1473699492,PUBLISHED_EXACT,0.14736994920922578,c0,
D-TD09-4,core,R:total:coverage:2026Q2,{},coverage,value,2026Q2,0.05071402933,PUBLISHED_EXACT,0.05071402932824071,c0,
D-TD09-5,core,R:total:coverage:2026-08,{},coverage,value,2026-08,0.002711536332,PUBLISHED_EXACT,0.0027115363319942607,c0,
D-TD10-1,core,R:product=Mortgage:ead_s3:2026-08,"{""product"": ""Mortgage""}",ead_s3,value,2026-08,70.59315,PUBLISHED_EXACT,70.59315,c0,
D-TD10-1,core,RANKING,,,,,"[{""product"": ""Mortgage""}]",OK,"[{""product"": ""Mortgage""}]",,
D-TD10-2,core,R:total:n_s3:2026-08,{},n_s3,value,2026-08,59.0,PUBLISHED_EXACT,59.0,c0,
D-TD10-3,core,R:total:n_s3:2026-07,{},n_s3,value,2026-07,59.0,PUBLISHED_EXACT,59.0,c0,
D-TD10-4,core,R:total:ead_s3:2026-07,{},ead_s3,value,2026-07,68.3224,PUBLISHED_EXACT,68.32240000000003,c0,
D-TD10-5,core,R:total:ead_s3:abs_change:2026-08 vs 2026-07,{},ead_s3,abs_change,2026-08 vs 2026-07,2.2707499999999925,PUBLISHED_EXACT,2.270749999999964,c0,
E-13,core,R:borrower_name=Rawabi Industrial Works:ead_s2,"{""borrower_name"": ""Rawabi Industrial Works""}",ead_s2,value,2026Q2,14432.08,PUBLISHED_EXACT,14432.08,c0,
E-13,core,R:borrower_name=Rawabi Industrial Works:ead_s3,"{""borrower_name"": ""Rawabi Industrial Works""}",ead_s3,value,2026Q2,0.0,PUBLISHED_EXACT,0.0,c1,
E-13,core,R:borrower_name=Najd Manufacturing:ead_s2,"{""borrower_name"": ""Najd Manufacturing""}",ead_s2,value,2026Q2,0.0,PUBLISHED_EXACT,0.0,c2,
E-13,core,R:borrower_name=Najd Manufacturing:ead_s3,"{""borrower_name"": ""Najd Manufacturing""}",ead_s3,value,2026Q2,0.0,PUBLISHED_EXACT,0.0,c2,
E-13,core,R:borrower_name=Tuwaiq Construction:ead_s2,"{""borrower_name"": ""Tuwaiq Construction""}",ead_s2,value,2026Q2,10728.23,PUBLISHED_EXACT,10728.23,c4,
E-13,core,R:borrower_name=Tuwaiq Construction:ead_s3,"{""borrower_name"": ""Tuwaiq Construction""}",ead_s3,value,2026Q2,0.0,PUBLISHED_EXACT,0.0,c5,
E-13,core,R:borrower_name=Gulf Horizon Trading:ead_s2,"{""borrower_name"": ""Gulf Horizon Trading""}",ead_s2,value,2026Q2,0.0,PUBLISHED_EXACT,0.0,c6,
E-13,core,R:borrower_name=Gulf Horizon Trading:ead_s3,"{""borrower_name"": ""Gulf Horizon Trading""}",ead_s3,value,2026Q2,1310.82,PUBLISHED_EXACT,1310.82,c7,
E-13,core,R:borrower_name=Al Rawdah Real Estate:ead_s2,"{""borrower_name"": ""Al Rawdah Real Estate""}",ead_s2,value,2026Q2,7329.26,PUBLISHED_EXACT,7329.26,c8,
E-13,core,R:borrower_name=Al Rawdah Real Estate:ead_s3,"{""borrower_name"": ""Al Rawdah Real Estate""}",ead_s3,value,2026Q2,0.0,PUBLISHED_EXACT,0.0,c9,
E-14,core,R:total:ecl:latest:2026-08,{},ecl,latest,2026-08,224.556578,PUBLISHED_EXACT,224.55657799999955,c0,
E-14,core,R:total:ecl:base:2026-07,{},ecl,base,2026-07,205.367116,PUBLISHED_EXACT,205.36711600000027,c1,
E-15,core,R:total:ead_s2:abs_change:2026Q2 vs 2026Q1,{},ead_s2,abs_change,2026Q2 vs 2026Q1,148751.11000000034,PUBLISHED_EXACT,148751.11000003433,c0,
E-16,core,R:product=Mortgage:ead_s3:2026-08,"{""product"": ""Mortgage""}",ead_s3,value,2026-08,70.59315,PUBLISHED_EXACT,70.59315,c0,
E-16,core,RANKING,,,,,"[{""product"": ""Mortgage""}]",OK,"[{""product"": ""Mortgage""}]",,
E-17,core,R:total:ead:2026Q2,{},ead,value,2026Q2,1869524.58,PUBLISHED_EXACT,1869524.5800000012,c0,
E-18,core,R:total:ead:2026-08,{},ead,value,2026-08,16648.92204,PUBLISHED_EXACT,16648.92203999996,c0,
E-19,core,R:total:ead_s2:latest:2026Q2,{},ead_s2,latest,2026Q2,4198013.49,PUBLISHED_EXACT,4198013.49,c0,
E-19,core,R:total:ead_s2:base:2026Q1,{},ead_s2,base,2026Q1,4049262.38,PUBLISHED_EXACT,4049262.379999979,c1,
E-20,core,R:total:ead_s3:abs_change:2026-08 vs 2025-08,{},ead_s3,abs_change,2026-08 vs 2025-08,110.29088999999999,PUBLISHED_EXACT,110.29088999999995,c0,
F-06,core,R:total:ead:2026Q2,{},ead,value,2026Q2,15370014.18,PUBLISHED_EXACT,15370014.180000028,c0,
F-20,core,R:total:ecl:2026-08,{},ecl,value,2026-08,224.556578,PUBLISHED_EXACT,224.55657799999955,c0,
G-01-1,core,R:sector=Construction:ead_s2:2026Q2,"{""sector"": ""Construction""}",ead_s2,value,2026Q2,1016613.64,PUBLISHED_EXACT,1016613.6399999993,c0,
G-01-1,core,R:sector=Real Estate:ead_s2:2026Q2,"{""sector"": ""Real Estate""}",ead_s2,value,2026Q2,830809.33,PUBLISHED_EXACT,830809.330000001,c1,
G-01-1,core,R:sector=Hospitality:ead_s2:2026Q2,"{""sector"": ""Hospitality""}",ead_s2,value,2026Q2,448103.25,PUBLISHED_EXACT,448103.25,c2,
G-01-1,core,R:sector=Retail Trade:ead_s2:2026Q2,"{""sector"": ""Retail Trade""}",ead_s2,value,2026Q2,444209.84,PUBLISHED_EXACT,444209.83999999997,c3,
G-01-1,core,R:sector=Manufacturing:ead_s2:2026Q2,"{""sector"": ""Manufacturing""}",ead_s2,value,2026Q2,300040.69,PUBLISHED_EXACT,300040.6899999999,c4,
G-01-1,core,R:sector=Transport and Logistics:ead_s2:2026Q2,"{""sector"": ""Transport and Logistics""}",ead_s2,value,2026Q2,260060.51,PUBLISHED_EXACT,260060.50999999998,c5,
G-01-1,core,R:sector=Agriculture and Agri-processing:ead_s2:2026Q2,"{""sector"": ""Agriculture and Agri-processing""}",ead_s2,value,2026Q2,182535.55,PUBLISHED_EXACT,182535.55000000005,c6,
G-01-1,core,R:sector=Wholesale Trade:ead_s2:2026Q2,"{""sector"": ""Wholesale Trade""}",ead_s2,value,2026Q2,141124.12,PUBLISHED_EXACT,141124.11999999997,c7,
G-01-1,core,R:sector=Metals and Mining:ead_s2:2026Q2,"{""sector"": ""Metals and Mining""}",ead_s2,value,2026Q2,134516.96,PUBLISHED_EXACT,134516.96000000002,c8,
G-01-1,core,R:sector=Information Technology:ead_s2:2026Q2,"{""sector"": ""Information Technology""}",ead_s2,value,2026Q2,100017.29,PUBLISHED_EXACT,100017.29,c9,
G-01-1,core,R:sector=Chemicals:ead_s2:2026Q2,"{""sector"": ""Chemicals""}",ead_s2,value,2026Q2,97638.82,PUBLISHED_EXACT,97638.81999999996,c10,
G-01-1,core,R:sector=Healthcare:ead_s2:2026Q2,"{""sector"": ""Healthcare""}",ead_s2,value,2026Q2,96312.14,PUBLISHED_EXACT,96312.14000000001,c11,
G-01-1,core,R:sector=Telecommunications:ead_s2:2026Q2,"{""sector"": ""Telecommunications""}",ead_s2,value,2026Q2,92096.88,PUBLISHED_EXACT,92096.88000000002,c12,
G-01-1,core,R:sector=Power and Utilities:ead_s2:2026Q2,"{""sector"": ""Power and Utilities""}",ead_s2,value,2026Q2,53934.47,PUBLISHED_EXACT,53934.46999999998,c13,
G-01-2,core,R:sector=Construction:ead_s2:2026Q2,"{""sector"": ""Construction""}",ead_s2,value,2026Q2,1016613.64,PUBLISHED_EXACT,1016613.6399999993,c0,
G-01-2,core,R:sector=Real Estate:ead_s2:2026Q2,"{""sector"": ""Real Estate""}",ead_s2,value,2026Q2,830809.33,PUBLISHED_EXACT,830809.330000001,c1,
G-01-2,core,R:sector=Hospitality:ead_s2:2026Q2,"{""sector"": ""Hospitality""}",ead_s2,value,2026Q2,448103.25,PUBLISHED_EXACT,448103.25,c2,
G-01-2,core,R:sector=Retail Trade:ead_s2:2026Q2,"{""sector"": ""Retail Trade""}",ead_s2,value,2026Q2,444209.84,PUBLISHED_EXACT,444209.83999999997,c3,
G-01-2,core,R:sector=Manufacturing:ead_s2:2026Q2,"{""sector"": ""Manufacturing""}",ead_s2,value,2026Q2,300040.69,PUBLISHED_EXACT,300040.6899999999,c4,
G-01-2,core,R:sector=Transport and Logistics:ead_s2:2026Q2,"{""sector"": ""Transport and Logistics""}",ead_s2,value,2026Q2,260060.51,PUBLISHED_EXACT,260060.50999999998,c5,
G-01-2,core,R:sector=Agriculture and Agri-processing:ead_s2:2026Q2,"{""sector"": ""Agriculture and Agri-processing""}",ead_s2,value,2026Q2,182535.55,PUBLISHED_EXACT,182535.55000000005,c6,
G-01-2,core,R:sector=Wholesale Trade:ead_s2:2026Q2,"{""sector"": ""Wholesale Trade""}",ead_s2,value,2026Q2,141124.12,PUBLISHED_EXACT,141124.11999999997,c7,
G-01-2,core,R:sector=Metals and Mining:ead_s2:2026Q2,"{""sector"": ""Metals and Mining""}",ead_s2,value,2026Q2,134516.96,PUBLISHED_EXACT,134516.96000000002,c8,
G-01-2,core,R:sector=Information Technology:ead_s2:2026Q2,"{""sector"": ""Information Technology""}",ead_s2,value,2026Q2,100017.29,PUBLISHED_EXACT,100017.29,c9,
G-01-2,core,R:sector=Chemicals:ead_s2:2026Q2,"{""sector"": ""Chemicals""}",ead_s2,value,2026Q2,97638.82,PUBLISHED_EXACT,97638.81999999996,c10,
G-01-2,core,R:sector=Healthcare:ead_s2:2026Q2,"{""sector"": ""Healthcare""}",ead_s2,value,2026Q2,96312.14,PUBLISHED_EXACT,96312.14000000001,c11,
G-01-2,core,R:sector=Telecommunications:ead_s2:2026Q2,"{""sector"": ""Telecommunications""}",ead_s2,value,2026Q2,92096.88,PUBLISHED_EXACT,92096.88000000002,c12,
G-01-2,core,R:sector=Power and Utilities:ead_s2:2026Q2,"{""sector"": ""Power and Utilities""}",ead_s2,value,2026Q2,53934.47,PUBLISHED_EXACT,53934.46999999998,c13,
G-02-1,core,R:total:coverage:2026Q2,{},coverage,value,2026Q2,0.05071402933,PUBLISHED_EXACT,0.05071402932824071,c0,
G-02-2,core,R:total:coverage:2026Q2,{},coverage,value,2026Q2,0.05071402933,PUBLISHED_EXACT,0.05071402932824071,c0,
G-03-1,core,R:sector=Agriculture and Agri-processing:ead:abs_change:2026Q2 vs 2026Q1,"{""sector"": ""Agriculture and Agri-processing""}",ead,abs_change,2026Q2 vs 2026Q1,18999.530000000028,PUBLISHED_EXACT,18999.53000000096,c0,
G-03-1,core,R:sector=Chemicals:ead:abs_change:2026Q2 vs 2026Q1,"{""sector"": ""Chemicals""}",ead,abs_change,2026Q2 vs 2026Q1,24740.369999999995,PUBLISHED_EXACT,24740.36999999825,c1,
G-03-1,core,R:sector=Construction:ead:abs_change:2026Q2 vs 2026Q1,"{""sector"": ""Construction""}",ead,abs_change,2026Q2 vs 2026Q1,54197.03000000003,PUBLISHED_EXACT,54197.03000000119,c2,
G-03-1,core,R:sector=Healthcare:ead:abs_change:2026Q2 vs 2026Q1,"{""sector"": ""Healthcare""}",ead,abs_change,2026Q2 vs 2026Q1,15835.640000000014,PUBLISHED_EXACT,15835.639999999548,c3,
G-03-1,core,R:sector=Hospitality:ead:abs_change:2026Q2 vs 2026Q1,"{""sector"": ""Hospitality""}",ead,abs_change,2026Q2 vs 2026Q1,25317.72999999998,PUBLISHED_EXACT,25317.730000000447,c4,
G-03-1,core,R:sector=Information Technology:ead:abs_change:2026Q2 vs 2026Q1,"{""sector"": ""Information Technology""}",ead,abs_change,2026Q2 vs 2026Q1,13880.390000000014,PUBLISHED_EXACT,13880.390000000363,c5,
G-03-1,core,R:sector=Manufacturing:ead:abs_change:2026Q2 vs 2026Q1,"{""sector"": ""Manufacturing""}",ead,abs_change,2026Q2 vs 2026Q1,34534.48999999999,PUBLISHED_EXACT,34534.48999999836,c6,
G-03-1,core,R:sector=Metals and Mining:ead:abs_change:2026Q2 vs 2026Q1,"{""sector"": ""Metals and Mining""}",ead,abs_change,2026Q2 vs 2026Q1,12615.630000000005,PUBLISHED_EXACT,12615.629999998491,c7,
G-03-1,core,R:sector=Power and Utilities:ead:abs_change:2026Q2 vs 2026Q1,"{""sector"": ""Power and Utilities""}",ead,abs_change,2026Q2 vs 2026Q1,13276.54999999993,PUBLISHED_EXACT,13276.549999999232,c8,
G-03-1,core,R:sector=Real Estate:ead:abs_change:2026Q2 vs 2026Q1,"{""sector"": ""Real Estate""}",ead,abs_change,2026Q2 vs 2026Q1,37358.64999999991,PUBLISHED_EXACT,37358.64999999874,c9,
G-03-1,core,R:sector=Retail Trade:ead:abs_change:2026Q2 vs 2026Q1,"{""sector"": ""Retail Trade""}",ead,abs_change,2026Q2 vs 2026Q1,22320.980000000214,PUBLISHED_EXACT,22320.979999999516,c10,
G-03-1,core,R:sector=Telecommunications:ead:abs_change:2026Q2 vs 2026Q1,"{""sector"": ""Telecommunications""}",ead,abs_change,2026Q2 vs 2026Q1,15350.069999999949,PUBLISHED_EXACT,15350.069999998435,c11,
G-03-1,core,R:sector=Transport and Logistics:ead:abs_change:2026Q2 vs 2026Q1,"{""sector"": ""Transport and Logistics""}",ead,abs_change,2026Q2 vs 2026Q1,19136.22999999998,PUBLISHED_EXACT,19136.230000000214,c12,
G-03-1,core,R:sector=Wholesale Trade:ead:abs_change:2026Q2 vs 2026Q1,"{""sector"": ""Wholesale Trade""}",ead,abs_change,2026Q2 vs 2026Q1,20941.54999999993,PUBLISHED_EXACT,20941.550000001444,c13,
G-03-2,core,R:sector=Agriculture and Agri-processing:ead:abs_change:2026Q2 vs 2026Q1,"{""sector"": ""Agriculture and Agri-processing""}",ead,abs_change,2026Q2 vs 2026Q1,18999.530000000028,PUBLISHED_EXACT,18999.530000000843,c0,
G-03-2,core,R:sector=Chemicals:ead:abs_change:2026Q2 vs 2026Q1,"{""sector"": ""Chemicals""}",ead,abs_change,2026Q2 vs 2026Q1,24740.369999999995,PUBLISHED_EXACT,24740.369999998482,c1,
G-03-2,core,R:sector=Construction:ead:abs_change:2026Q2 vs 2026Q1,"{""sector"": ""Construction""}",ead,abs_change,2026Q2 vs 2026Q1,54197.03000000003,PUBLISHED_EXACT,54197.03000000212,c2,
G-03-2,core,R:sector=Healthcare:ead:abs_change:2026Q2 vs 2026Q1,"{""sector"": ""Healthcare""}",ead,abs_change,2026Q2 vs 2026Q1,15835.640000000014,PUBLISHED_EXACT,15835.639999999781,c3,
G-03-2,core,R:sector=Hospitality:ead:abs_change:2026Q2 vs 2026Q1,"{""sector"": ""Hospitality""}",ead,abs_change,2026Q2 vs 2026Q1,25317.72999999998,PUBLISHED_EXACT,25317.73000000161,c4,
G-03-2,core,R:sector=Information Technology:ead:abs_change:2026Q2 vs 2026Q1,"{""sector"": ""Information Technology""}",ead,abs_change,2026Q2 vs 2026Q1,13880.390000000014,PUBLISHED_EXACT,13880.39000000048,c5,
G-03-2,core,R:sector=Manufacturing:ead:abs_change:2026Q2 vs 2026Q1,"{""sector"": ""Manufacturing""}",ead,abs_change,2026Q2 vs 2026Q1,34534.48999999999,PUBLISHED_EXACT,34534.489999997895,c6,
G-03-2,core,R:sector=Metals and Mining:ead:abs_change:2026Q2 vs 2026Q1,"{""sector"": ""Metals and Mining""}",ead,abs_change,2026Q2 vs 2026Q1,12615.630000000005,PUBLISHED_EXACT,12615.629999998608,c7,
G-03-2,core,R:sector=Power and Utilities:ead:abs_change:2026Q2 vs 2026Q1,"{""sector"": ""Power and Utilities""}",ead,abs_change,2026Q2 vs 2026Q1,13276.54999999993,PUBLISHED_EXACT,13276.549999999115,c8,
G-03-2,core,R:sector=Real Estate:ead:abs_change:2026Q2 vs 2026Q1,"{""sector"": ""Real Estate""}",ead,abs_change,2026Q2 vs 2026Q1,37358.64999999991,PUBLISHED_EXACT,37358.64999999851,c9,
G-03-2,core,R:sector=Retail Trade:ead:abs_change:2026Q2 vs 2026Q1,"{""sector"": ""Retail Trade""}",ead,abs_change,2026Q2 vs 2026Q1,22320.980000000214,PUBLISHED_EXACT,22320.97999999998,c10,
G-03-2,core,R:sector=Telecommunications:ead:abs_change:2026Q2 vs 2026Q1,"{""sector"": ""Telecommunications""}",ead,abs_change,2026Q2 vs 2026Q1,15350.069999999949,PUBLISHED_EXACT,15350.069999998203,c11,
G-03-2,core,R:sector=Transport and Logistics:ead:abs_change:2026Q2 vs 2026Q1,"{""sector"": ""Transport and Logistics""}",ead,abs_change,2026Q2 vs 2026Q1,19136.22999999998,PUBLISHED_EXACT,19136.23000000068,c12,
G-03-2,core,R:sector=Wholesale Trade:ead:abs_change:2026Q2 vs 2026Q1,"{""sector"": ""Wholesale Trade""}",ead,abs_change,2026Q2 vs 2026Q1,20941.54999999993,PUBLISHED_EXACT,20941.550000001327,c13,
G-04-1,core,R:sector=Construction:ead:latest:2026Q2,"{""sector"": ""Construction""}",ead,latest,2026Q2,1869524.58,PUBLISHED_EXACT,1869524.5800000022,c0,
G-04-1,core,R:sector=Construction:ead:base:2026Q1,"{""sector"": ""Construction""}",ead,base,2026Q1,1815327.55,PUBLISHED_EXACT,1815327.55,c1,
G-04-1,core,R:sector=Construction:ead:abs_change:2026Q2 vs 2026Q1,"{""sector"": ""Construction""}",ead,abs_change,2026Q2 vs 2026Q1,54197.03000000003,PUBLISHED_EXACT,54197.03000000212,c2,
G-04-1,core,R:sector=Construction:ead:pct_change:2026Q2 vs 2026Q1,"{""sector"": ""Construction""}",ead,pct_change,2026Q2 vs 2026Q1,0.029855234665501565,PUBLISHED_EXACT,0.02985523466550272,c3,
G-04-1,core,R:sector=Hospitality:ead:latest:2026Q2,"{""sector"": ""Hospitality""}",ead,latest,2026Q2,1114146.03,PUBLISHED_EXACT,1114146.0300000017,c4,
G-04-1,core,R:sector=Hospitality:ead:base:2026Q1,"{""sector"": ""Hospitality""}",ead,base,2026Q1,1088828.3,PUBLISHED_EXACT,1088828.3,c5,
G-04-1,core,R:sector=Hospitality:ead:abs_change:2026Q2 vs 2026Q1,"{""sector"": ""Hospitality""}",ead,abs_change,2026Q2 vs 2026Q1,25317.72999999998,PUBLISHED_EXACT,25317.73000000161,c6,
G-04-1,core,R:sector=Hospitality:ead:pct_change:2026Q2 vs 2026Q1,"{""sector"": ""Hospitality""}",ead,pct_change,2026Q2 vs 2026Q1,0.023252270353369745,PUBLISHED_EXACT,0.023252270353371244,c7,
G-04-1,core,R:sector=Manufacturing:ead:latest:2026Q2,"{""sector"": ""Manufacturing""}",ead,latest,2026Q2,1345476.26,PUBLISHED_EXACT,1345476.2599999965,c8,
G-04-1,core,R:sector=Manufacturing:ead:base:2026Q1,"{""sector"": ""Manufacturing""}",ead,base,2026Q1,1310941.77,PUBLISHED_EXACT,1310941.7699999986,c9,
G-04-1,core,R:sector=Manufacturing:ead:abs_change:2026Q2 vs 2026Q1,"{""sector"": ""Manufacturing""}",ead,abs_change,2026Q2 vs 2026Q1,34534.48999999999,PUBLISHED_EXACT,34534.489999997895,c10,
G-04-1,core,R:sector=Manufacturing:ead:pct_change:2026Q2 vs 2026Q1,"{""sector"": ""Manufacturing""}",ead,pct_change,2026Q2 vs 2026Q1,0.026343267710510123,PUBLISHED_EXACT,0.026343267710508555,c11,
G-04-1,core,R:sector=Real Estate:ead:latest:2026Q2,"{""sector"": ""Real Estate""}",ead,latest,2026Q2,1614126.76,PUBLISHED_EXACT,1614126.7599999986,c12,
G-04-1,core,R:sector=Real Estate:ead:base:2026Q1,"{""sector"": ""Real Estate""}",ead,base,2026Q1,1576768.11,PUBLISHED_EXACT,1576768.11,c13,
G-04-1,core,R:sector=Real Estate:ead:abs_change:2026Q2 vs 2026Q1,"{""sector"": ""Real Estate""}",ead,abs_change,2026Q2 vs 2026Q1,37358.64999999991,PUBLISHED_EXACT,37358.64999999851,c14,
G-04-1,core,R:sector=Real Estate:ead:pct_change:2026Q2 vs 2026Q1,"{""sector"": ""Real Estate""}",ead,pct_change,2026Q2 vs 2026Q1,0.023693179588722087,PUBLISHED_EXACT,0.023693179588721202,c15,
G-04-1,core,R:sector=Transport and Logistics:ead:latest:2026Q2,"{""sector"": ""Transport and Logistics""}",ead,latest,2026Q2,1139204.05,PUBLISHED_EXACT,1139204.049999999,c16,
G-04-1,core,R:sector=Transport and Logistics:ead:base:2026Q1,"{""sector"": ""Transport and Logistics""}",ead,base,2026Q1,1120067.82,PUBLISHED_EXACT,1120067.8199999984,c17,
G-04-1,core,R:sector=Transport and Logistics:ead:abs_change:2026Q2 vs 2026Q1,"{""sector"": ""Transport and Logistics""}",ead,abs_change,2026Q2 vs 2026Q1,19136.22999999998,PUBLISHED_EXACT,19136.23000000068,c18,
G-04-1,core,R:sector=Transport and Logistics:ead:pct_change:2026Q2 vs 2026Q1,"{""sector"": ""Transport and Logistics""}",ead,pct_change,2026Q2 vs 2026Q1,0.017084885092047353,PUBLISHED_EXACT,0.017084885092048002,c19,
G-04-1,core,RANKING,,,,,"[{""sector"": ""Construction""}, {""sector"": ""Real Estate""}, {""sector"": ""Manufacturing""}, {""sector"": ""Transport and Logistics""}, {""sector"": ""Hospitality""}]",OK,"[{""sector"": ""Construction""}, {""sector"": ""Real Estate""}, {""sector"": ""Manufacturing""}, {""sector"": ""Transport and Logistics""}, {""sector"": ""Hospitality""}]",,
G-04-2,core,R:sector=Construction:ead:latest:2026Q2,"{""sector"": ""Construction""}",ead,latest,2026Q2,1869524.58,PUBLISHED_EXACT,1869524.5800000022,c0,
G-04-2,core,R:sector=Construction:ead:base:2026Q1,"{""sector"": ""Construction""}",ead,base,2026Q1,1815327.55,PUBLISHED_EXACT,1815327.55,c1,
G-04-2,core,R:sector=Construction:ead:abs_change:2026Q2 vs 2026Q1,"{""sector"": ""Construction""}",ead,abs_change,2026Q2 vs 2026Q1,54197.03000000003,PUBLISHED_EXACT,54197.03000000212,c2,
G-04-2,core,R:sector=Construction:ead:pct_change:2026Q2 vs 2026Q1,"{""sector"": ""Construction""}",ead,pct_change,2026Q2 vs 2026Q1,0.029855234665501565,PUBLISHED_EXACT,0.02985523466550272,c3,
G-04-2,core,R:sector=Hospitality:ead:latest:2026Q2,"{""sector"": ""Hospitality""}",ead,latest,2026Q2,1114146.03,PUBLISHED_EXACT,1114146.0300000017,c4,
G-04-2,core,R:sector=Hospitality:ead:base:2026Q1,"{""sector"": ""Hospitality""}",ead,base,2026Q1,1088828.3,PUBLISHED_EXACT,1088828.3,c5,
G-04-2,core,R:sector=Hospitality:ead:abs_change:2026Q2 vs 2026Q1,"{""sector"": ""Hospitality""}",ead,abs_change,2026Q2 vs 2026Q1,25317.72999999998,PUBLISHED_EXACT,25317.73000000161,c6,
G-04-2,core,R:sector=Hospitality:ead:pct_change:2026Q2 vs 2026Q1,"{""sector"": ""Hospitality""}",ead,pct_change,2026Q2 vs 2026Q1,0.023252270353369745,PUBLISHED_EXACT,0.023252270353371244,c7,
G-04-2,core,R:sector=Manufacturing:ead:latest:2026Q2,"{""sector"": ""Manufacturing""}",ead,latest,2026Q2,1345476.26,PUBLISHED_EXACT,1345476.2599999965,c8,
G-04-2,core,R:sector=Manufacturing:ead:base:2026Q1,"{""sector"": ""Manufacturing""}",ead,base,2026Q1,1310941.77,PUBLISHED_EXACT,1310941.7699999986,c9,
G-04-2,core,R:sector=Manufacturing:ead:abs_change:2026Q2 vs 2026Q1,"{""sector"": ""Manufacturing""}",ead,abs_change,2026Q2 vs 2026Q1,34534.48999999999,PUBLISHED_EXACT,34534.489999997895,c10,
G-04-2,core,R:sector=Manufacturing:ead:pct_change:2026Q2 vs 2026Q1,"{""sector"": ""Manufacturing""}",ead,pct_change,2026Q2 vs 2026Q1,0.026343267710510123,PUBLISHED_EXACT,0.026343267710508555,c11,
G-04-2,core,R:sector=Real Estate:ead:latest:2026Q2,"{""sector"": ""Real Estate""}",ead,latest,2026Q2,1614126.76,PUBLISHED_EXACT,1614126.7599999986,c12,
G-04-2,core,R:sector=Real Estate:ead:base:2026Q1,"{""sector"": ""Real Estate""}",ead,base,2026Q1,1576768.11,PUBLISHED_EXACT,1576768.11,c13,
G-04-2,core,R:sector=Real Estate:ead:abs_change:2026Q2 vs 2026Q1,"{""sector"": ""Real Estate""}",ead,abs_change,2026Q2 vs 2026Q1,37358.64999999991,PUBLISHED_EXACT,37358.64999999851,c14,
G-04-2,core,R:sector=Real Estate:ead:pct_change:2026Q2 vs 2026Q1,"{""sector"": ""Real Estate""}",ead,pct_change,2026Q2 vs 2026Q1,0.023693179588722087,PUBLISHED_EXACT,0.023693179588721202,c15,
G-04-2,core,R:sector=Transport and Logistics:ead:latest:2026Q2,"{""sector"": ""Transport and Logistics""}",ead,latest,2026Q2,1139204.05,PUBLISHED_EXACT,1139204.049999999,c16,
G-04-2,core,R:sector=Transport and Logistics:ead:base:2026Q1,"{""sector"": ""Transport and Logistics""}",ead,base,2026Q1,1120067.82,PUBLISHED_EXACT,1120067.8199999984,c17,
G-04-2,core,R:sector=Transport and Logistics:ead:abs_change:2026Q2 vs 2026Q1,"{""sector"": ""Transport and Logistics""}",ead,abs_change,2026Q2 vs 2026Q1,19136.22999999998,PUBLISHED_EXACT,19136.23000000068,c18,
G-04-2,core,R:sector=Transport and Logistics:ead:pct_change:2026Q2 vs 2026Q1,"{""sector"": ""Transport and Logistics""}",ead,pct_change,2026Q2 vs 2026Q1,0.017084885092047353,PUBLISHED_EXACT,0.017084885092048002,c19,
G-04-2,core,RANKING,,,,,"[{""sector"": ""Construction""}, {""sector"": ""Real Estate""}, {""sector"": ""Manufacturing""}, {""sector"": ""Transport and Logistics""}, {""sector"": ""Hospitality""}]",OK,"[{""sector"": ""Construction""}, {""sector"": ""Real Estate""}, {""sector"": ""Manufacturing""}, {""sector"": ""Transport and Logistics""}, {""sector"": ""Hospitality""}]",,
G-05-1,core,R:total:ead_s2:abs_change,{},ead_s2,abs_change,2026Q2 vs 2026Q1,148751.11,PUBLISHED_EXACT,148751.1099999991,c0,
G-05-1,core,R:sector=Retail Trade:ead_s2:abs_change:2026Q2 vs 2026Q1,"{""sector"": ""Retail Trade""}",ead_s2,abs_change,2026Q2 vs 2026Q1,50905.330000000016,PUBLISHED_EXACT,50905.329999999725,c1,
G-05-1,core,R:sector=Hospitality:ead_s2:abs_change:2026Q2 vs 2026Q1,"{""sector"": ""Hospitality""}",ead_s2,abs_change,2026Q2 vs 2026Q1,39982.92999999999,PUBLISHED_EXACT,39982.92999999999,c2,
G-05-1,core,R:sector=Manufacturing:ead_s2:abs_change:2026Q2 vs 2026Q1,"{""sector"": ""Manufacturing""}",ead_s2,abs_change,2026Q2 vs 2026Q1,29965.609999999986,PUBLISHED_EXACT,29965.609999999928,c3,
G-05-1,core,R:sector=Construction:ead_s2:abs_change:2026Q2 vs 2026Q1,"{""sector"": ""Construction""}",ead_s2,abs_change,2026Q2 vs 2026Q1,-27196.22999999998,PUBLISHED_EXACT,-27196.230000002193,c4,
G-05-1,core,R:sector=Chemicals:ead_s2:abs_change:2026Q2 vs 2026Q1,"{""sector"": ""Chemicals""}",ead_s2,abs_change,2026Q2 vs 2026Q1,16879.33,PUBLISHED_EXACT,16879.32999999993,c5,
G-05-1,core,RANKING,,,,,"[{""sector"": ""Retail Trade""}, {""sector"": ""Hospitality""}, {""sector"": ""Manufacturing""}, {""sector"": ""Construction""}, {""sector"": ""Chemicals""}]",OK,"[{""sector"": ""Retail Trade""}, {""sector"": ""Hospitality""}, {""sector"": ""Manufacturing""}, {""sector"": ""Construction""}, {""sector"": ""Chemicals""}]",,
G-05-2,core,R:total:ead_s2:abs_change,{},ead_s2,abs_change,2026Q2 vs 2026Q1,148751.11,PUBLISHED_EXACT,148751.1099999991,c0,
G-05-2,core,R:sector=Retail Trade:ead_s2:abs_change:2026Q2 vs 2026Q1,"{""sector"": ""Retail Trade""}",ead_s2,abs_change,2026Q2 vs 2026Q1,50905.330000000016,PUBLISHED_EXACT,50905.329999999725,c1,
G-05-2,core,R:sector=Hospitality:ead_s2:abs_change:2026Q2 vs 2026Q1,"{""sector"": ""Hospitality""}",ead_s2,abs_change,2026Q2 vs 2026Q1,39982.92999999999,PUBLISHED_EXACT,39982.92999999999,c2,
G-05-2,core,R:sector=Manufacturing:ead_s2:abs_change:2026Q2 vs 2026Q1,"{""sector"": ""Manufacturing""}",ead_s2,abs_change,2026Q2 vs 2026Q1,29965.609999999986,PUBLISHED_EXACT,29965.609999999928,c3,
G-05-2,core,R:sector=Construction:ead_s2:abs_change:2026Q2 vs 2026Q1,"{""sector"": ""Construction""}",ead_s2,abs_change,2026Q2 vs 2026Q1,-27196.22999999998,PUBLISHED_EXACT,-27196.230000002193,c4,
G-05-2,core,R:sector=Chemicals:ead_s2:abs_change:2026Q2 vs 2026Q1,"{""sector"": ""Chemicals""}",ead_s2,abs_change,2026Q2 vs 2026Q1,16879.33,PUBLISHED_EXACT,16879.32999999993,c5,
G-05-2,core,RANKING,,,,,"[{""sector"": ""Retail Trade""}, {""sector"": ""Hospitality""}, {""sector"": ""Manufacturing""}, {""sector"": ""Construction""}, {""sector"": ""Chemicals""}]",OK,"[{""sector"": ""Retail Trade""}, {""sector"": ""Hospitality""}, {""sector"": ""Manufacturing""}, {""sector"": ""Construction""}, {""sector"": ""Chemicals""}]",,
G-06-1,core,R:product=Mortgage:ead:2026-08,"{""product"": ""Mortgage""}",ead,value,2026-08,16648.92204,PUBLISHED_EXACT,16648.92203999996,c0,
G-06-1,core,R:product=Personal Finance:ead:2026-08,"{""product"": ""Personal Finance""}",ead,value,2026-08,1796.9443,PUBLISHED_EXACT,1796.9443000000022,c1,
G-06-1,core,R:product=Auto Finance:ead:2026-08,"{""product"": ""Auto Finance""}",ead,value,2026-08,740.8253,PUBLISHED_EXACT,740.8253000000019,c2,
G-06-1,core,R:product=Credit Card:ead:2026-08,"{""product"": ""Credit Card""}",ead,value,2026-08,513.18428,PUBLISHED_EXACT,513.1842799999981,c3,
G-06-1,core,R:product=Buy Now Pay Later:ead:2026-08,"{""product"": ""Buy Now Pay Later""}",ead,value,2026-08,38.95622,PUBLISHED_EXACT,38.95622000000003,c4,
G-06-2,core,R:product=Mortgage:ead:2026-08,"{""product"": ""Mortgage""}",ead,value,2026-08,16648.92204,PUBLISHED_EXACT,16648.92203999996,c0,
G-06-2,core,R:product=Personal Finance:ead:2026-08,"{""product"": ""Personal Finance""}",ead,value,2026-08,1796.9443,PUBLISHED_EXACT,1796.9443000000022,c1,
G-06-2,core,R:product=Auto Finance:ead:2026-08,"{""product"": ""Auto Finance""}",ead,value,2026-08,740.8253,PUBLISHED_EXACT,740.8253000000019,c2,
G-06-2,core,R:product=Credit Card:ead:2026-08,"{""product"": ""Credit Card""}",ead,value,2026-08,513.18428,PUBLISHED_EXACT,513.1842799999981,c3,
G-06-2,core,R:product=Buy Now Pay Later:ead:2026-08,"{""product"": ""Buy Now Pay Later""}",ead,value,2026-08,38.95622,PUBLISHED_EXACT,38.95622000000003,c4,
G-07-1,core,R:total:ecl:abs_change:2026-08 vs 2026-07,{},ecl,abs_change,2026-08 vs 2026-07,19.189461999999992,PUBLISHED_EXACT,19.18946199999928,c0,
G-07-1,core,R:total:ecl:pct_change:2026-08 vs 2026-07,{},ecl,pct_change,2026-08 vs 2026-07,0.09343979880401102,PUBLISHED_EXACT,0.09343979880400743,c1,
G-07-2,core,R:total:ecl:abs_change:2026-08 vs 2026-07,{},ecl,abs_change,2026-08 vs 2026-07,19.189461999999992,PUBLISHED_EXACT,19.18946199999928,c0,
G-07-2,core,R:total:ecl:pct_change:2026-08 vs 2026-07,{},ecl,pct_change,2026-08 vs 2026-07,0.09343979880401102,PUBLISHED_EXACT,0.09343979880400743,c1,
G-08-1,core,R:product=Credit Card:s2_share:2026-08,"{""product"": ""Credit Card""}",s2_share,value,2026-08,0.2135788142,PUBLISHED_EXACT,0.21357881422244734,c0,
G-08-1,core,R:product=Buy Now Pay Later:s2_share:2026-08,"{""product"": ""Buy Now Pay Later""}",s2_share,value,2026-08,0.1908796593,PUBLISHED_EXACT,0.19087965926878916,c1,
G-08-1,core,R:product=Personal Finance:s2_share:2026-08,"{""product"": ""Personal Finance""}",s2_share,value,2026-08,0.1188885933,PUBLISHED_EXACT,0.1188885932635751,c2,
G-08-1,core,R:product=Mortgage:s2_share:2026-08,"{""product"": ""Mortgage""}",s2_share,value,2026-08,0.03608342862,PUBLISHED_EXACT,0.03608342861818109,c3,
G-08-1,core,R:product=Auto Finance:s2_share:2026-08,"{""product"": ""Auto Finance""}",s2_share,value,2026-08,0.02129977202,PUBLISHED_EXACT,0.021299772024524485,c4,
G-08-1,core,RANKING,,,,,"[{""product"": ""Credit Card""}, {""product"": ""Buy Now Pay Later""}, {""product"": ""Personal Finance""}, {""product"": ""Mortgage""}, {""product"": ""Auto Finance""}]",OK,"[{""product"": ""Credit Card""}, {""product"": ""Buy Now Pay Later""}, {""product"": ""Personal Finance""}, {""product"": ""Mortgage""}, {""product"": ""Auto Finance""}]",,
G-08-2,core,R:product=Credit Card:s2_share:2026-08,"{""product"": ""Credit Card""}",s2_share,value,2026-08,0.2135788142,PUBLISHED_EXACT,0.21357881422244734,c0,
G-08-2,core,R:product=Buy Now Pay Later:s2_share:2026-08,"{""product"": ""Buy Now Pay Later""}",s2_share,value,2026-08,0.1908796593,PUBLISHED_EXACT,0.19087965926878916,c1,
G-08-2,core,R:product=Personal Finance:s2_share:2026-08,"{""product"": ""Personal Finance""}",s2_share,value,2026-08,0.1188885933,PUBLISHED_EXACT,0.1188885932635751,c2,
G-08-2,core,R:product=Mortgage:s2_share:2026-08,"{""product"": ""Mortgage""}",s2_share,value,2026-08,0.03608342862,PUBLISHED_EXACT,0.03608342861818109,c3,
G-08-2,core,R:product=Auto Finance:s2_share:2026-08,"{""product"": ""Auto Finance""}",s2_share,value,2026-08,0.02129977202,PUBLISHED_EXACT,0.021299772024524485,c4,
G-08-2,core,RANKING,,,,,"[{""product"": ""Credit Card""}, {""product"": ""Buy Now Pay Later""}, {""product"": ""Personal Finance""}, {""product"": ""Mortgage""}, {""product"": ""Auto Finance""}]",OK,"[{""product"": ""Credit Card""}, {""product"": ""Buy Now Pay Later""}, {""product"": ""Personal Finance""}, {""product"": ""Mortgage""}, {""product"": ""Auto Finance""}]",,
G-09-1,core,R:total:ecl:abs_change,{},ecl,abs_change,2026-08 vs 2026-07,19.189462000000006,PUBLISHED_EXACT,19.189461999999807,c0,
G-09-1,core,R:product=Mortgage:ecl:abs_change:2026-08 vs 2026-07,"{""product"": ""Mortgage""}",ecl,abs_change,2026-08 vs 2026-07,7.189681,PUBLISHED_EXACT,7.189680999999837,c1,
G-09-1,core,R:product=Credit Card:ecl:abs_change:2026-08 vs 2026-07,"{""product"": ""Credit Card""}",ecl,abs_change,2026-08 vs 2026-07,6.487053000000003,PUBLISHED_EXACT,6.487052999999825,c2,
G-09-1,core,R:product=Personal Finance:ecl:abs_change:2026-08 vs 2026-07,"{""product"": ""Personal Finance""}",ecl,abs_change,2026-08 vs 2026-07,3.980090000000004,PUBLISHED_EXACT,3.9800900000001747,c3,
G-09-1,core,R:product=Buy Now Pay Later:ecl:abs_change:2026-08 vs 2026-07,"{""product"": ""Buy Now Pay Later""}",ecl,abs_change,2026-08 vs 2026-07,0.9871850000000002,PUBLISHED_EXACT,0.9871850000000062,c4,
G-09-1,core,R:product=Auto Finance:ecl:abs_change:2026-08 vs 2026-07,"{""product"": ""Auto Finance""}",ecl,abs_change,2026-08 vs 2026-07,0.5454530000000002,PUBLISHED_EXACT,0.5454529999999664,c5,
G-09-1,core,RANKING,,,,,"[{""product"": ""Mortgage""}, {""product"": ""Credit Card""}, {""product"": ""Personal Finance""}, {""product"": ""Buy Now Pay Later""}, {""product"": ""Auto Finance""}]",OK,"[{""product"": ""Mortgage""}, {""product"": ""Credit Card""}, {""product"": ""Personal Finance""}, {""product"": ""Buy Now Pay Later""}, {""product"": ""Auto Finance""}]",,
G-09-2,core,R:total:ecl:abs_change,{},ecl,abs_change,2026-08 vs 2026-07,19.189462000000006,PUBLISHED_EXACT,19.189461999999807,c0,
G-09-2,core,R:product=Mortgage:ecl:abs_change:2026-08 vs 2026-07,"{""product"": ""Mortgage""}",ecl,abs_change,2026-08 vs 2026-07,7.189681,PUBLISHED_EXACT,7.189680999999837,c1,
G-09-2,core,R:product=Credit Card:ecl:abs_change:2026-08 vs 2026-07,"{""product"": ""Credit Card""}",ecl,abs_change,2026-08 vs 2026-07,6.487053000000003,PUBLISHED_EXACT,6.487052999999825,c2,
G-09-2,core,R:product=Personal Finance:ecl:abs_change:2026-08 vs 2026-07,"{""product"": ""Personal Finance""}",ecl,abs_change,2026-08 vs 2026-07,3.980090000000004,PUBLISHED_EXACT,3.9800900000001747,c3,
G-09-2,core,R:product=Buy Now Pay Later:ecl:abs_change:2026-08 vs 2026-07,"{""product"": ""Buy Now Pay Later""}",ecl,abs_change,2026-08 vs 2026-07,0.9871850000000002,PUBLISHED_EXACT,0.9871850000000062,c4,
G-09-2,core,R:product=Auto Finance:ecl:abs_change:2026-08 vs 2026-07,"{""product"": ""Auto Finance""}",ecl,abs_change,2026-08 vs 2026-07,0.5454530000000002,PUBLISHED_EXACT,0.5454529999999664,c5,
G-09-2,core,RANKING,,,,,"[{""product"": ""Mortgage""}, {""product"": ""Credit Card""}, {""product"": ""Personal Finance""}, {""product"": ""Buy Now Pay Later""}, {""product"": ""Auto Finance""}]",OK,"[{""product"": ""Mortgage""}, {""product"": ""Credit Card""}, {""product"": ""Personal Finance""}, {""product"": ""Buy Now Pay Later""}, {""product"": ""Auto Finance""}]",,
G-10-1,core,R:delinquency_bucket=Current:ead:2026-08,"{""delinquency_bucket"": ""Current""}",ead,value,2026-08,19243.95666,PUBLISHED_EXACT,19243.95666000003,c0,
G-10-1,core,R:delinquency_bucket=90+:ead:2026-08,"{""delinquency_bucket"": ""90+""}",ead,value,2026-08,184.85222,PUBLISHED_EXACT,184.85221999999996,c1,
G-10-1,core,R:delinquency_bucket=1-29:ead:2026-08,"{""delinquency_bucket"": ""1-29""}",ead,value,2026-08,147.1634,PUBLISHED_EXACT,147.16340000000014,c2,
G-10-1,core,R:delinquency_bucket=30-59:ead:2026-08,"{""delinquency_bucket"": ""30-59""}",ead,value,2026-08,92.2027,PUBLISHED_EXACT,92.20270000000009,c3,
G-10-1,core,R:delinquency_bucket=60-89:ead:2026-08,"{""delinquency_bucket"": ""60-89""}",ead,value,2026-08,70.65716,PUBLISHED_EXACT,70.65715999999999,c4,
G-10-2,core,R:delinquency_bucket=Current:ead:2026-08,"{""delinquency_bucket"": ""Current""}",ead,value,2026-08,19243.95666,PUBLISHED_EXACT,19243.95666000003,c0,
G-10-2,core,R:delinquency_bucket=90+:ead:2026-08,"{""delinquency_bucket"": ""90+""}",ead,value,2026-08,184.85222,PUBLISHED_EXACT,184.85221999999996,c1,
G-10-2,core,R:delinquency_bucket=1-29:ead:2026-08,"{""delinquency_bucket"": ""1-29""}",ead,value,2026-08,147.1634,PUBLISHED_EXACT,147.16340000000014,c2,
G-10-2,core,R:delinquency_bucket=30-59:ead:2026-08,"{""delinquency_bucket"": ""30-59""}",ead,value,2026-08,92.2027,PUBLISHED_EXACT,92.20270000000009,c3,
G-10-2,core,R:delinquency_bucket=60-89:ead:2026-08,"{""delinquency_bucket"": ""60-89""}",ead,value,2026-08,70.65716,PUBLISHED_EXACT,70.65715999999999,c4,
CAL-A-C01,calibration,R:total:ead:2026Q2,{},ead,value,2026Q2,15370014.18,PUBLISHED_EXACT,15370014.180000028,c0,
CAL-A-C07,calibration,R:sector=Construction:ead_s2:2026Q2,"{""sector"": ""Construction""}",ead_s2,value,2026Q2,1016613.64,PUBLISHED_EXACT,1016613.6399999993,c0,
CAL-A-C07,calibration,R:sector=Real Estate:ead_s2:2026Q2,"{""sector"": ""Real Estate""}",ead_s2,value,2026Q2,830809.33,PUBLISHED_EXACT,830809.330000001,c1,
CAL-A-C07,calibration,R:sector=Hospitality:ead_s2:2026Q2,"{""sector"": ""Hospitality""}",ead_s2,value,2026Q2,448103.25,PUBLISHED_EXACT,448103.25,c2,
CAL-A-C07,calibration,R:sector=Retail Trade:ead_s2:2026Q2,"{""sector"": ""Retail Trade""}",ead_s2,value,2026Q2,444209.84,PUBLISHED_EXACT,444209.83999999997,c3,
CAL-A-C07,calibration,R:sector=Manufacturing:ead_s2:2026Q2,"{""sector"": ""Manufacturing""}",ead_s2,value,2026Q2,300040.69,PUBLISHED_EXACT,300040.6899999999,c4,
CAL-A-C07,calibration,R:sector=Transport and Logistics:ead_s2:2026Q2,"{""sector"": ""Transport and Logistics""}",ead_s2,value,2026Q2,260060.51,PUBLISHED_EXACT,260060.50999999998,c5,
CAL-A-C07,calibration,R:sector=Agriculture and Agri-processing:ead_s2:2026Q2,"{""sector"": ""Agriculture and Agri-processing""}",ead_s2,value,2026Q2,182535.55,PUBLISHED_EXACT,182535.55000000005,c6,
CAL-A-C07,calibration,R:sector=Wholesale Trade:ead_s2:2026Q2,"{""sector"": ""Wholesale Trade""}",ead_s2,value,2026Q2,141124.12,PUBLISHED_EXACT,141124.11999999997,c7,
CAL-A-C07,calibration,R:sector=Metals and Mining:ead_s2:2026Q2,"{""sector"": ""Metals and Mining""}",ead_s2,value,2026Q2,134516.96,PUBLISHED_EXACT,134516.96000000002,c8,
CAL-A-C07,calibration,R:sector=Information Technology:ead_s2:2026Q2,"{""sector"": ""Information Technology""}",ead_s2,value,2026Q2,100017.29,PUBLISHED_EXACT,100017.29,c9,
CAL-A-C07,calibration,R:sector=Chemicals:ead_s2:2026Q2,"{""sector"": ""Chemicals""}",ead_s2,value,2026Q2,97638.82,PUBLISHED_EXACT,97638.81999999996,c10,
CAL-A-C07,calibration,R:sector=Healthcare:ead_s2:2026Q2,"{""sector"": ""Healthcare""}",ead_s2,value,2026Q2,96312.14,PUBLISHED_EXACT,96312.14000000001,c11,
CAL-A-C07,calibration,R:sector=Telecommunications:ead_s2:2026Q2,"{""sector"": ""Telecommunications""}",ead_s2,value,2026Q2,92096.88,PUBLISHED_EXACT,92096.88000000002,c12,
CAL-A-C07,calibration,R:sector=Power and Utilities:ead_s2:2026Q2,"{""sector"": ""Power and Utilities""}",ead_s2,value,2026Q2,53934.47,PUBLISHED_EXACT,53934.46999999998,c13,
CAL-A-R01,calibration,R:total:ead:2026-08,{},ead,value,2026-08,19738.83214,PUBLISHED_EXACT,19738.832140000075,c0,
CAL-A-R05,calibration,R:product=Mortgage:ead:2026-08,"{""product"": ""Mortgage""}",ead,value,2026-08,16648.92204,PUBLISHED_EXACT,16648.92203999996,c0,
CAL-A-R05,calibration,R:product=Personal Finance:ead:2026-08,"{""product"": ""Personal Finance""}",ead,value,2026-08,1796.9443,PUBLISHED_EXACT,1796.9443000000022,c1,
CAL-A-R05,calibration,R:product=Auto Finance:ead:2026-08,"{""product"": ""Auto Finance""}",ead,value,2026-08,740.8253,PUBLISHED_EXACT,740.8253000000019,c2,
CAL-A-R05,calibration,R:product=Credit Card:ead:2026-08,"{""product"": ""Credit Card""}",ead,value,2026-08,513.18428,PUBLISHED_EXACT,513.1842799999981,c3,
CAL-A-R05,calibration,R:product=Buy Now Pay Later:ead:2026-08,"{""product"": ""Buy Now Pay Later""}",ead,value,2026-08,38.95622,PUBLISHED_EXACT,38.95622000000003,c4,
CAL-B-C03-1,calibration,R:sector=Construction:ead_s2:2026Q2,"{""sector"": ""Construction""}",ead_s2,value,2026Q2,1016613.64,PUBLISHED_EXACT,1016613.6399999993,c0,
CAL-B-C03-1,calibration,R:sector=Real Estate:ead_s2:2026Q2,"{""sector"": ""Real Estate""}",ead_s2,value,2026Q2,830809.33,PUBLISHED_EXACT,830809.330000001,c1,
CAL-B-C03-1,calibration,R:sector=Hospitality:ead_s2:2026Q2,"{""sector"": ""Hospitality""}",ead_s2,value,2026Q2,448103.25,PUBLISHED_EXACT,448103.25,c2,
CAL-B-C03-1,calibration,R:sector=Retail Trade:ead_s2:2026Q2,"{""sector"": ""Retail Trade""}",ead_s2,value,2026Q2,444209.84,PUBLISHED_EXACT,444209.83999999997,c3,
CAL-B-C03-1,calibration,R:sector=Manufacturing:ead_s2:2026Q2,"{""sector"": ""Manufacturing""}",ead_s2,value,2026Q2,300040.69,PUBLISHED_EXACT,300040.6899999999,c4,
CAL-B-C03-1,calibration,R:sector=Transport and Logistics:ead_s2:2026Q2,"{""sector"": ""Transport and Logistics""}",ead_s2,value,2026Q2,260060.51,PUBLISHED_EXACT,260060.50999999998,c5,
CAL-B-C03-1,calibration,R:sector=Agriculture and Agri-processing:ead_s2:2026Q2,"{""sector"": ""Agriculture and Agri-processing""}",ead_s2,value,2026Q2,182535.55,PUBLISHED_EXACT,182535.55000000005,c6,
CAL-B-C03-1,calibration,R:sector=Wholesale Trade:ead_s2:2026Q2,"{""sector"": ""Wholesale Trade""}",ead_s2,value,2026Q2,141124.12,PUBLISHED_EXACT,141124.11999999997,c7,
CAL-B-C03-1,calibration,R:sector=Metals and Mining:ead_s2:2026Q2,"{""sector"": ""Metals and Mining""}",ead_s2,value,2026Q2,134516.96,PUBLISHED_EXACT,134516.96000000002,c8,
CAL-B-C03-1,calibration,R:sector=Information Technology:ead_s2:2026Q2,"{""sector"": ""Information Technology""}",ead_s2,value,2026Q2,100017.29,PUBLISHED_EXACT,100017.29,c9,
CAL-B-C03-1,calibration,R:sector=Chemicals:ead_s2:2026Q2,"{""sector"": ""Chemicals""}",ead_s2,value,2026Q2,97638.82,PUBLISHED_EXACT,97638.81999999996,c10,
CAL-B-C03-1,calibration,R:sector=Healthcare:ead_s2:2026Q2,"{""sector"": ""Healthcare""}",ead_s2,value,2026Q2,96312.14,PUBLISHED_EXACT,96312.14000000001,c11,
CAL-B-C03-1,calibration,R:sector=Telecommunications:ead_s2:2026Q2,"{""sector"": ""Telecommunications""}",ead_s2,value,2026Q2,92096.88,PUBLISHED_EXACT,92096.88000000002,c12,
CAL-B-C03-1,calibration,R:sector=Power and Utilities:ead_s2:2026Q2,"{""sector"": ""Power and Utilities""}",ead_s2,value,2026Q2,53934.47,PUBLISHED_EXACT,53934.46999999998,c13,
CAL-B-R03-2,calibration,R:product=Mortgage:ead:2026-08,"{""product"": ""Mortgage""}",ead,value,2026-08,16648.92204,PUBLISHED_EXACT,16648.92203999996,c0,
CAL-B-R03-2,calibration,R:product=Personal Finance:ead:2026-08,"{""product"": ""Personal Finance""}",ead,value,2026-08,1796.9443,PUBLISHED_EXACT,1796.9443000000022,c1,
CAL-B-R03-2,calibration,R:product=Auto Finance:ead:2026-08,"{""product"": ""Auto Finance""}",ead,value,2026-08,740.8253,PUBLISHED_EXACT,740.8253000000019,c2,
CAL-B-R03-2,calibration,R:product=Credit Card:ead:2026-08,"{""product"": ""Credit Card""}",ead,value,2026-08,513.18428,PUBLISHED_EXACT,513.1842799999981,c3,
CAL-B-R03-2,calibration,R:product=Buy Now Pay Later:ead:2026-08,"{""product"": ""Buy Now Pay Later""}",ead,value,2026-08,38.95622,PUBLISHED_EXACT,38.95622000000003,c4,
CAL-C-C02,calibration,R:sector=Construction:ead:latest:2026Q2,"{""sector"": ""Construction""}",ead,latest,2026Q2,1869524.58,PUBLISHED_EXACT,1869524.5800000022,c0,
CAL-C-C02,calibration,R:sector=Construction:ead:base:2026Q1,"{""sector"": ""Construction""}",ead,base,2026Q1,1815327.55,PUBLISHED_EXACT,1815327.55,c1,
CAL-C-C02,calibration,R:sector=Construction:ead:abs_change:2026Q2 vs 2026Q1,"{""sector"": ""Construction""}",ead,abs_change,2026Q2 vs 2026Q1,54197.03000000003,PUBLISHED_EXACT,54197.03000000212,c2,
CAL-C-C02,calibration,R:sector=Construction:ead:pct_change:2026Q2 vs 2026Q1,"{""sector"": ""Construction""}",ead,pct_change,2026Q2 vs 2026Q1,0.029855234665501565,PUBLISHED_EXACT,0.02985523466550272,c3,
CAL-C-C02,calibration,R:sector=Hospitality:ead:latest:2026Q2,"{""sector"": ""Hospitality""}",ead,latest,2026Q2,1114146.03,PUBLISHED_EXACT,1114146.0300000017,c4,
CAL-C-C02,calibration,R:sector=Hospitality:ead:base:2026Q1,"{""sector"": ""Hospitality""}",ead,base,2026Q1,1088828.3,PUBLISHED_EXACT,1088828.3,c5,
CAL-C-C02,calibration,R:sector=Hospitality:ead:abs_change:2026Q2 vs 2026Q1,"{""sector"": ""Hospitality""}",ead,abs_change,2026Q2 vs 2026Q1,25317.72999999998,PUBLISHED_EXACT,25317.73000000161,c6,
CAL-C-C02,calibration,R:sector=Hospitality:ead:pct_change:2026Q2 vs 2026Q1,"{""sector"": ""Hospitality""}",ead,pct_change,2026Q2 vs 2026Q1,0.023252270353369745,PUBLISHED_EXACT,0.023252270353371244,c7,
CAL-C-C02,calibration,R:sector=Manufacturing:ead:latest:2026Q2,"{""sector"": ""Manufacturing""}",ead,latest,2026Q2,1345476.26,PUBLISHED_EXACT,1345476.2599999965,c8,
CAL-C-C02,calibration,R:sector=Manufacturing:ead:base:2026Q1,"{""sector"": ""Manufacturing""}",ead,base,2026Q1,1310941.77,PUBLISHED_EXACT,1310941.7699999986,c9,
CAL-C-C02,calibration,R:sector=Manufacturing:ead:abs_change:2026Q2 vs 2026Q1,"{""sector"": ""Manufacturing""}",ead,abs_change,2026Q2 vs 2026Q1,34534.48999999999,PUBLISHED_EXACT,34534.489999997895,c10,
CAL-C-C02,calibration,R:sector=Manufacturing:ead:pct_change:2026Q2 vs 2026Q1,"{""sector"": ""Manufacturing""}",ead,pct_change,2026Q2 vs 2026Q1,0.026343267710510123,PUBLISHED_EXACT,0.026343267710508555,c11,
CAL-C-C02,calibration,R:sector=Real Estate:ead:latest:2026Q2,"{""sector"": ""Real Estate""}",ead,latest,2026Q2,1614126.76,PUBLISHED_EXACT,1614126.7599999986,c12,
CAL-C-C02,calibration,R:sector=Real Estate:ead:base:2026Q1,"{""sector"": ""Real Estate""}",ead,base,2026Q1,1576768.11,PUBLISHED_EXACT,1576768.11,c13,
CAL-C-C02,calibration,R:sector=Real Estate:ead:abs_change:2026Q2 vs 2026Q1,"{""sector"": ""Real Estate""}",ead,abs_change,2026Q2 vs 2026Q1,37358.64999999991,PUBLISHED_EXACT,37358.64999999851,c14,
CAL-C-C02,calibration,R:sector=Real Estate:ead:pct_change:2026Q2 vs 2026Q1,"{""sector"": ""Real Estate""}",ead,pct_change,2026Q2 vs 2026Q1,0.023693179588722087,PUBLISHED_EXACT,0.023693179588721202,c15,
CAL-C-C02,calibration,R:sector=Transport and Logistics:ead:latest:2026Q2,"{""sector"": ""Transport and Logistics""}",ead,latest,2026Q2,1139204.05,PUBLISHED_EXACT,1139204.049999999,c16,
CAL-C-C02,calibration,R:sector=Transport and Logistics:ead:base:2026Q1,"{""sector"": ""Transport and Logistics""}",ead,base,2026Q1,1120067.82,PUBLISHED_EXACT,1120067.8199999984,c17,
CAL-C-C02,calibration,R:sector=Transport and Logistics:ead:abs_change:2026Q2 vs 2026Q1,"{""sector"": ""Transport and Logistics""}",ead,abs_change,2026Q2 vs 2026Q1,19136.22999999998,PUBLISHED_EXACT,19136.23000000068,c18,
CAL-C-C02,calibration,R:sector=Transport and Logistics:ead:pct_change:2026Q2 vs 2026Q1,"{""sector"": ""Transport and Logistics""}",ead,pct_change,2026Q2 vs 2026Q1,0.017084885092047353,PUBLISHED_EXACT,0.017084885092048002,c19,
CAL-C-C02,calibration,RANKING,,,,,"[{""sector"": ""Construction""}, {""sector"": ""Real Estate""}, {""sector"": ""Manufacturing""}, {""sector"": ""Transport and Logistics""}, {""sector"": ""Hospitality""}]",OK,"[{""sector"": ""Construction""}, {""sector"": ""Real Estate""}, {""sector"": ""Manufacturing""}, {""sector"": ""Transport and Logistics""}, {""sector"": ""Hospitality""}]",,
CAL-C-R06,calibration,R:total:ecl:abs_change,{},ecl,abs_change,2026-08 vs 2026-07,19.189462000000006,PUBLISHED_EXACT,19.189461999999807,c0,
CAL-C-R06,calibration,R:product=Mortgage:ecl:abs_change:2026-08 vs 2026-07,"{""product"": ""Mortgage""}",ecl,abs_change,2026-08 vs 2026-07,7.189681,PUBLISHED_EXACT,7.189680999999837,c1,
CAL-C-R06,calibration,R:product=Credit Card:ecl:abs_change:2026-08 vs 2026-07,"{""product"": ""Credit Card""}",ecl,abs_change,2026-08 vs 2026-07,6.487053000000003,PUBLISHED_EXACT,6.487052999999825,c2,
CAL-C-R06,calibration,R:product=Personal Finance:ecl:abs_change:2026-08 vs 2026-07,"{""product"": ""Personal Finance""}",ecl,abs_change,2026-08 vs 2026-07,3.980090000000004,PUBLISHED_EXACT,3.9800900000001747,c3,
CAL-C-R06,calibration,R:product=Buy Now Pay Later:ecl:abs_change:2026-08 vs 2026-07,"{""product"": ""Buy Now Pay Later""}",ecl,abs_change,2026-08 vs 2026-07,0.9871850000000002,PUBLISHED_EXACT,0.9871850000000062,c4,
CAL-C-R06,calibration,R:product=Auto Finance:ecl:abs_change:2026-08 vs 2026-07,"{""product"": ""Auto Finance""}",ecl,abs_change,2026-08 vs 2026-07,0.5454530000000002,PUBLISHED_EXACT,0.5454529999999664,c5,
CAL-C-R06,calibration,RANKING,,,,,"[{""product"": ""Mortgage""}, {""product"": ""Credit Card""}, {""product"": ""Personal Finance""}, {""product"": ""Buy Now Pay Later""}, {""product"": ""Auto Finance""}]",OK,"[{""product"": ""Mortgage""}, {""product"": ""Credit Card""}, {""product"": ""Personal Finance""}, {""product"": ""Buy Now Pay Later""}, {""product"": ""Auto Finance""}]",,
CAL-D-TD04-1,calibration,R:product=Mortgage:ead:2026-08,"{""product"": ""Mortgage""}",ead,value,2026-08,16648.92204,PUBLISHED_EXACT,16648.92203999996,c0,
CAL-D-TD04-1,calibration,R:product=Personal Finance:ead:2026-08,"{""product"": ""Personal Finance""}",ead,value,2026-08,1796.9443,PUBLISHED_EXACT,1796.9443000000022,c1,
CAL-D-TD04-1,calibration,R:product=Auto Finance:ead:2026-08,"{""product"": ""Auto Finance""}",ead,value,2026-08,740.8253,PUBLISHED_EXACT,740.8253000000019,c2,
CAL-D-TD04-1,calibration,R:product=Credit Card:ead:2026-08,"{""product"": ""Credit Card""}",ead,value,2026-08,513.18428,PUBLISHED_EXACT,513.1842799999981,c3,
CAL-D-TD04-1,calibration,R:product=Buy Now Pay Later:ead:2026-08,"{""product"": ""Buy Now Pay Later""}",ead,value,2026-08,38.95622,PUBLISHED_EXACT,38.95622000000003,c4,
CAL-D-TD04-2,calibration,R:product=Mortgage:ead:2026-08,"{""product"": ""Mortgage""}",ead,value,2026-08,16648.92204,PUBLISHED_EXACT,16648.92203999996,c0,
CAL-D-TD04-2,calibration,R:product=Auto Finance:ead:2026-08,"{""product"": ""Auto Finance""}",ead,value,2026-08,740.8253,PUBLISHED_EXACT,740.8253000000019,c1,
