case_id,phase,submission_id,attempt_number,round,status,repair_of,sql_statements,python_steps,raw_submission,validation_result,failed_check,error_code,error_text,failed_step,no_progress_key
A-C01,core,sub-2dfde6f01f7e,1,1,ok,,"[""SELECT SUM(ead_sar_mn) AS ead FROM corp_facility_quarter WHERE reporting_quarter = '2026Q2'""]",[],"{""intent"": {""query_mode"": ""DATA_ANALYSIS"", ""owner"": ""COCKPIT"", ""understood_request"": ""What is total EAD for the corporate portfolio in the latest quarter?"", ""response_language"": ""en"", ""blocking_ambiguities"": [], ""resolved_assumptions"": [], ""canonical_mappings"": [], ""excluded_parts"": [], ""public_rationale"": ""scripted dry run""}, ""objective"": ""What is total EAD for the corporate portfolio in the latest quarter?"", ""subquestions"": [""What is total EAD for the corporate portfolio in the latest quarter?""], ""scope"": {""reporting_months"": [""2026Q2""], ""filters"": {}}, ""metadata_receipt_ids"": [], ""fields_required"": [], ""expected_output_grain"": ""as queried"", ""expected_units"": {}, ""steps"": [{""step_id"": ""s1"", ""language"": ""sql"", ""code"": ""SELECT SUM(ead_sar_mn) AS ead FROM corp_facility_quarter WHERE reporting_quarter = '2026Q2'"", ""parameters"": {}, ""purpose"": ""What is total EAD for the corporate portfolio in the latest quarter?"", ""input_artifact_ids"": [], ""depends_on_step_ids"": []}], ""repair_of_submission_id"": """"}",passed,,,,,da7199febc5df3044289f8733c513424
A-C02,core,sub-d6c7289267a7,1,1,ok,,"[""SELECT SUM(CASE WHEN stage=2 THEN ead_sar_mn ELSE 0 END) AS ead_s2 FROM corp_facility_quarter WHERE reporting_quarter = '2026Q2'""]",[],"{""intent"": {""query_mode"": ""DATA_ANALYSIS"", ""owner"": ""COCKPIT"", ""understood_request"": ""What is total Stage 2 EAD in the latest quarter?"", ""response_language"": ""en"", ""blocking_ambiguities"": [], ""resolved_assumptions"": [], ""canonical_mappings"": [], ""excluded_parts"": [], ""public_rationale"": ""scripted dry run""}, ""objective"": ""What is total Stage 2 EAD in the latest quarter?"", ""subquestions"": [""What is total Stage 2 EAD in the latest quarter?""], ""scope"": {""reporting_months"": [""2026Q2""], ""filters"": {}}, ""metadata_receipt_ids"": [], ""fields_required"": [], ""expected_output_grain"": ""as queried"", ""expected_units"": {}, ""steps"": [{""step_id"": ""s1"", ""language"": ""sql"", ""code"": ""SELECT SUM(CASE WHEN stage=2 THEN ead_sar_mn ELSE 0 END) AS ead_s2 FROM corp_facility_quarter WHERE reporting_quarter = '2026Q2'"", ""parameters"": {}, ""purpose"": ""What is total Stage 2 EAD in the latest quarter?"", ""input_artifact_ids"": [], ""depends_on_step_ids"": []}], ""repair_of_submission_id"": """"}",passed,,,,,75273f5ae773e9a4751384ff43e39509
A-C03,core,sub-b22d2266ec51,1,1,ok,,"[""SELECT SUM(CASE WHEN stage=3 THEN ead_sar_mn ELSE 0 END) AS ead_s3 FROM corp_facility_quarter WHERE reporting_quarter = '2026Q2'""]",[],"{""intent"": {""query_mode"": ""DATA_ANALYSIS"", ""owner"": ""COCKPIT"", ""understood_request"": ""What is total Stage 3 EAD in the latest quarter?"", ""response_language"": ""en"", ""blocking_ambiguities"": [], ""resolved_assumptions"": [], ""canonical_mappings"": [], ""excluded_parts"": [], ""public_rationale"": ""scripted dry run""}, ""objective"": ""What is total Stage 3 EAD in the latest quarter?"", ""subquestions"": [""What is total Stage 3 EAD in the latest quarter?""], ""scope"": {""reporting_months"": [""2026Q2""], ""filters"": {}}, ""metadata_receipt_ids"": [], ""fields_required"": [], ""expected_output_grain"": ""as queried"", ""expected_units"": {}, ""steps"": [{""step_id"": ""s1"", ""language"": ""sql"", ""code"": ""SELECT SUM(CASE WHEN stage=3 THEN ead_sar_mn ELSE 0 END) AS ead_s3 FROM corp_facility_quarter WHERE reporting_quarter = '2026Q2'"", ""parameters"": {}, ""purpose"": ""What is total Stage 3 EAD in the latest quarter?"", ""input_artifact_ids"": [], ""depends_on_step_ids"": []}], ""repair_of_submission_id"": """"}",passed,,,,,3db9c91ed68b0fec779adf9d7d355d41
A-C04,core,sub-0d00c550d6ac,1,1,ok,,"[""SELECT SUM(CASE WHEN stage=1 THEN ead_sar_mn ELSE 0 END) AS ead_s1 FROM corp_facility_quarter WHERE reporting_quarter = '2026Q2'""]",[],"{""intent"": {""query_mode"": ""DATA_ANALYSIS"", ""owner"": ""COCKPIT"", ""understood_request"": ""How much EAD sits in Stage 1 in the latest quarter?"", ""response_language"": ""en"", ""blocking_ambiguities"": [], ""resolved_assumptions"": [], ""canonical_mappings"": [], ""excluded_parts"": [], ""public_rationale"": ""scripted dry run""}, ""objective"": ""How much EAD sits in Stage 1 in the latest quarter?"", ""subquestions"": [""How much EAD sits in Stage 1 in the latest quarter?""], ""scope"": {""reporting_months"": [""2026Q2""], ""filters"": {}}, ""metadata_receipt_ids"": [], ""fields_required"": [], ""expected_output_grain"": ""as queried"", ""expected_units"": {}, ""steps"": [{""step_id"": ""s1"", ""language"": ""sql"", ""code"": ""SELECT SUM(CASE WHEN stage=1 THEN ead_sar_mn ELSE 0 END) AS ead_s1 FROM corp_facility_quarter WHERE reporting_quarter = '2026Q2'"", ""parameters"": {}, ""purpose"": ""How much EAD sits in Stage 1 in the latest quarter?"", ""input_artifact_ids"": [], ""depends_on_step_ids"": []}], ""repair_of_submission_id"": """"}",passed,,,,,cec10b617fcb128f10a4f5d2c0849abb
A-C05,core,sub-55cdac528db4,1,1,ok,,"[""SELECT SUM(ecl_sar_mn) AS ecl FROM corp_facility_quarter WHERE reporting_quarter = '2026Q2'""]",[],"{""intent"": {""query_mode"": ""DATA_ANALYSIS"", ""owner"": ""COCKPIT"", ""understood_request"": ""What is total recognised ECL for the corporate book in the latest quarter?"", ""response_language"": ""en"", ""blocking_ambiguities"": [], ""resolved_assumptions"": [], ""canonical_mappings"": [], ""excluded_parts"": [], ""public_rationale"": ""scripted dry run""}, ""objective"": ""What is total recognised ECL for the corporate book in the latest quarter?"", ""subquestions"": [""What is total recognised ECL for the corporate book in the latest quarter?""], ""scope"": {""reporting_months"": [""2026Q2""], ""filters"": {}}, ""metadata_receipt_ids"": [], ""fields_required"": [], ""expected_output_grain"": ""as queried"", ""expected_units"": {}, ""steps"": [{""step_id"": ""s1"", ""language"": ""sql"", ""code"": ""SELECT SUM(ecl_sar_mn) AS ecl FROM corp_facility_quarter WHERE reporting_quarter = '2026Q2'"", ""parameters"": {}, ""purpose"": ""What is total recognised ECL for the corporate book in the latest quarter?"", ""input_artifact_ids"": [], ""depends_on_step_ids"": []}], ""repair_of_submission_id"": """"}",passed,,,,,bbad842902659ef747102995bdbcd2cc
A-C06,core,sub-ed1faae513bc,1,1,ok,,"[""SELECT stage, SUM(ead_sar_mn) AS ead FROM corp_facility_quarter WHERE reporting_quarter = '2026Q2' GROUP BY stage ORDER BY ead DESC""]",[],"{""intent"": {""query_mode"": ""DATA_ANALYSIS"", ""owner"": ""COCKPIT"", ""understood_request"": ""Show EAD by IFRS 9 stage for the latest quarter."", ""response_language"": ""en"", ""blocking_ambiguities"": [], ""resolved_assumptions"": [], ""canonical_mappings"": [], ""excluded_parts"": [], ""public_rationale"": ""scripted dry run""}, ""objective"": ""Show EAD by IFRS 9 stage for the latest quarter."", ""subquestions"": [""Show EAD by IFRS 9 stage for the latest quarter.""], ""scope"": {""reporting_months"": [""2026Q2""], ""filters"": {}}, ""metadata_receipt_ids"": [], ""fields_required"": [], ""expected_output_grain"": ""as queried"", ""expected_units"": {}, ""steps"": [{""step_id"": ""s1"", ""language"": ""sql"", ""code"": ""SELECT stage, SUM(ead_sar_mn) AS ead FROM corp_facility_quarter WHERE reporting_quarter = '2026Q2' GROUP BY stage ORDER BY ead DESC"", ""parameters"": {}, ""purpose"": ""Show EAD by IFRS 9 stage for the latest quarter."", ""input_artifact_ids"": [], ""depends_on_step_ids"": []}], ""repair_of_submission_id"": """"}",passed,,,,,307701f34cdeee96b30d603bccd410cd
A-C07,core,sub-813db7e386b4,1,1,ok,,"[""SELECT sector, SUM(CASE WHEN stage=2 THEN ead_sar_mn ELSE 0 END) AS ead_s2 FROM corp_facility_quarter WHERE reporting_quarter = '2026Q2' GROUP BY sector ORDER BY ead_s2 DESC""]",[],"{""intent"": {""query_mode"": ""DATA_ANALYSIS"", ""owner"": ""COCKPIT"", ""understood_request"": ""Show Stage 2 EAD by sector for the latest quarter."", ""response_language"": ""en"", ""blocking_ambiguities"": [], ""resolved_assumptions"": [], ""canonical_mappings"": [], ""excluded_parts"": [], ""public_rationale"": ""scripted dry run""}, ""objective"": ""Show Stage 2 EAD by sector for the latest quarter."", ""subquestions"": [""Show Stage 2 EAD by sector for the latest quarter.""], ""scope"": {""reporting_months"": [""2026Q2""], ""filters"": {}}, ""metadata_receipt_ids"": [], ""fields_required"": [], ""expected_output_grain"": ""as queried"", ""expected_units"": {}, ""steps"": [{""step_id"": ""s1"", ""language"": ""sql"", ""code"": ""SELECT sector, SUM(CASE WHEN stage=2 THEN ead_sar_mn ELSE 0 END) AS ead_s2 FROM corp_facility_quarter WHERE reporting_quarter = '2026Q2' GROUP BY sector ORDER BY ead_s2 DESC"", ""parameters"": {}, ""purpose"": ""Show Stage 2 EAD by sector for the latest quarter."", ""input_artifact_ids"": [], ""depends_on_step_ids"": []}], ""repair_of_submission_id"": """"}",passed,,,,,141b2c5ad33a6eddd4f25c006a5294ed
A-C08,core,sub-c66718d3f427,1,1,ok,,"[""SELECT sector, SUM(ead_sar_mn) AS ead FROM corp_facility_quarter WHERE reporting_quarter = '2026Q2' GROUP BY sector ORDER BY ead DESC""]",[],"{""intent"": {""query_mode"": ""DATA_ANALYSIS"", ""owner"": ""COCKPIT"", ""understood_request"": ""Show total EAD by sector for the latest quarter, largest first."", ""response_language"": ""en"", ""blocking_ambiguities"": [], ""resolved_assumptions"": [], ""canonical_mappings"": [], ""excluded_parts"": [], ""public_rationale"": ""scripted dry run""}, ""objective"": ""Show total EAD by sector for the latest quarter, largest first."", ""subquestions"": [""Show total EAD by sector for the latest quarter, largest first.""], ""scope"": {""reporting_months"": [""2026Q2""], ""filters"": {}}, ""metadata_receipt_ids"": [], ""fields_required"": [], ""expected_output_grain"": ""as queried"", ""expected_units"": {}, ""steps"": [{""step_id"": ""s1"", ""language"": ""sql"", ""code"": ""SELECT sector, SUM(ead_sar_mn) AS ead FROM corp_facility_quarter WHERE reporting_quarter = '2026Q2' GROUP BY sector ORDER BY ead DESC"", ""parameters"": {}, ""purpose"": ""Show total EAD by sector for the latest quarter, largest first."", ""input_artifact_ids"": [], ""depends_on_step_ids"": []}], ""repair_of_submission_id"": """"}",passed,,,,,8830054936154d7202df51bc2c4d2000
A-C09,core,sub-e3790ceeca66,1,1,ok,,"[""SELECT sector, SUM(ecl_sar_mn) AS ecl FROM corp_facility_quarter WHERE reporting_quarter = '2026Q2' GROUP BY sector ORDER BY ecl DESC LIMIT 5""]",[],"{""intent"": {""query_mode"": ""DATA_ANALYSIS"", ""owner"": ""COCKPIT"", ""understood_request"": ""Which five sectors have the highest ECL in the latest quarter?"", ""response_language"": ""en"", ""blocking_ambiguities"": [], ""resolved_assumptions"": [], ""canonical_mappings"": [], ""excluded_parts"": [], ""public_rationale"": ""scripted dry run""}, ""objective"": ""Which five sectors have the highest ECL in the latest quarter?"", ""subquestions"": [""Which five sectors have the highest ECL in the latest quarter?""], ""scope"": {""reporting_months"": [""2026Q2""], ""filters"": {}}, ""metadata_receipt_ids"": [], ""fields_required"": [], ""expected_output_grain"": ""as queried"", ""expected_units"": {}, ""steps"": [{""step_id"": ""s1"", ""language"": ""sql"", ""code"": ""SELECT sector, SUM(ecl_sar_mn) AS ecl FROM corp_facility_quarter WHERE reporting_quarter = '2026Q2' GROUP BY sector ORDER BY ecl DESC LIMIT 5"", ""parameters"": {}, ""purpose"": ""Which five sectors have the highest ECL in the latest quarter?"", ""input_artifact_ids"": [], ""depends_on_step_ids"": []}], ""repair_of_submission_id"": """"}",passed,,,,,ec33ba1ee4328172e6337fcfda7c2336
A-C10,core,sub-c05f65e98d47,1,1,ok,,"[""SELECT sector, SUM(CASE WHEN stage=3 THEN ead_sar_mn ELSE 0 END) AS ead_s3 FROM corp_facility_quarter WHERE reporting_quarter = '2026Q2' GROUP BY sector ORDER BY ead_s3 ASC LIMIT 3""]",[],"{""intent"": {""query_mode"": ""DATA_ANALYSIS"", ""owner"": ""COCKPIT"", ""understood_request"": ""Which three sectors have the lowest Stage 3 EAD in the latest quarter?"", ""response_language"": ""en"", ""blocking_ambiguities"": [], ""resolved_assumptions"": [], ""canonical_mappings"": [], ""excluded_parts"": [], ""public_rationale"": ""scripted dry run""}, ""objective"": ""Which three sectors have the lowest Stage 3 EAD in the latest quarter?"", ""subquestions"": [""Which three sectors have the lowest Stage 3 EAD in the latest quarter?""], ""scope"": {""reporting_months"": [""2026Q2""], ""filters"": {}}, ""metadata_receipt_ids"": [], ""fields_required"": [], ""expected_output_grain"": ""as queried"", ""expected_units"": {}, ""steps"": [{""step_id"": ""s1"", ""language"": ""sql"", ""code"": ""SELECT sector, SUM(CASE WHEN stage=3 THEN ead_sar_mn ELSE 0 END) AS ead_s3 FROM corp_facility_quarter WHERE reporting_quarter = '2026Q2' GROUP BY sector ORDER BY ead_s3 ASC LIMIT 3"", ""parameters"": {}, ""purpose"": ""Which three sectors have the lowest Stage 3 EAD in the latest quarter?"", ""input_artifact_ids"": [], ""depends_on_step_ids"": []}], ""repair_of_submission_id"": """"}",passed,,,,,c1c190e6a069c0121957cf46b2f94ec5
A-C11,core,sub-0f7e6954a1cf,1,1,ok,,"[""SELECT region, SUM(ead_sar_mn) AS ead FROM corp_facility_quarter WHERE reporting_quarter = '2026Q2' GROUP BY region ORDER BY ead DESC""]",[],"{""intent"": {""query_mode"": ""DATA_ANALYSIS"", ""owner"": ""COCKPIT"", ""understood_request"": ""Show EAD by region for the latest quarter."", ""response_language"": ""en"", ""blocking_ambiguities"": [], ""resolved_assumptions"": [], ""canonical_mappings"": [], ""excluded_parts"": [], ""public_rationale"": ""scripted dry run""}, ""objective"": ""Show EAD by region for the latest quarter."", ""subquestions"": [""Show EAD by region for the latest quarter.""], ""scope"": {""reporting_months"": [""2026Q2""], ""filters"": {}}, ""metadata_receipt_ids"": [], ""fields_required"": [], ""expected_output_grain"": ""as queried"", ""expected_units"": {}, ""steps"": [{""step_id"": ""s1"", ""language"": ""sql"", ""code"": ""SELECT region, SUM(ead_sar_mn) AS ead FROM corp_facility_quarter WHERE reporting_quarter = '2026Q2' GROUP BY region ORDER BY ead DESC"", ""parameters"": {}, ""purpose"": ""Show EAD by region for the latest quarter."", ""input_artifact_ids"": [], ""depends_on_step_ids"": []}], ""repair_of_submission_id"": """"}",passed,,,,,4d1036dcd173353ea76f1e279254fc7d
A-C12,core,sub-f7a0ba8b25f8,1,1,ok,,"[""SELECT SUM(ecl_sar_mn)/NULLIF(SUM(ead_sar_mn),0) AS coverage FROM corp_facility_quarter WHERE reporting_quarter = '2026Q2'""]",[],"{""intent"": {""query_mode"": ""DATA_ANALYSIS"", ""owner"": ""COCKPIT"", ""understood_request"": ""What is the ECL coverage ratio, ECL divided by EAD, for the whole corporate book in the latest quarter?"", ""response_language"": ""en"", ""blocking_ambiguities"": [], ""resolved_assumptions"": [], ""canonical_mappings"": [], ""excluded_parts"": [], ""public_rationale"": ""scripted dry run""}, ""objective"": ""What is the ECL coverage ratio, ECL divided by EAD, for the whole corporate book in the latest quarter?"", ""subquestions"": [""What is the ECL coverage ratio, ECL divided by EAD, for the whole corporate book in the latest quarter?""], ""scope"": {""reporting_months"": [""2026Q2""], ""filters"": {}}, ""metadata_receipt_ids"": [], ""fields_required"": [], ""expected_output_grain"": ""as queried"", ""expected_units"": {}, ""steps"": [{""step_id"": ""s1"", ""language"": ""sql"", ""code"": ""SELECT SUM(ecl_sar_mn)/NULLIF(SUM(ead_sar_mn),0) AS coverage FROM corp_facility_quarter WHERE reporting_quarter = '2026Q2'"", ""parameters"": {}, ""purpose"": ""What is the ECL coverage ratio, ECL divided by EAD, for the whole corporate book in the latest quarter?"", ""input_artifact_ids"": [], ""depends_on_step_ids"": []}], ""repair_of_submission_id"": """"}",passed,,,,,0fc843332e1d66422ccdb53ff959bd09
A-C13,core,sub-a25edc10b5f0,1,1,ok,,"[""SELECT SUM(CASE WHEN stage=2 THEN ead_sar_mn ELSE 0 END)/NULLIF(SUM(ead_sar_mn),0) AS s2_share FROM corp_facility_quarter WHERE reporting_quarter = '2026Q2'""]",[],"{""intent"": {""query_mode"": ""DATA_ANALYSIS"", ""owner"": ""COCKPIT"", ""understood_request"": ""What share of total EAD is in Stage 2 in the latest quarter?"", ""response_language"": ""en"", ""blocking_ambiguities"": [], ""resolved_assumptions"": [], ""canonical_mappings"": [], ""excluded_parts"": [], ""public_rationale"": ""scripted dry run""}, ""objective"": ""What share of total EAD is in Stage 2 in the latest quarter?"", ""subquestions"": [""What share of total EAD is in Stage 2 in the latest quarter?""], ""scope"": {""reporting_months"": [""2026Q2""], ""filters"": {}}, ""metadata_receipt_ids"": [], ""fields_required"": [], ""expected_output_grain"": ""as queried"", ""expected_units"": {}, ""steps"": [{""step_id"": ""s1"", ""language"": ""sql"", ""code"": ""SELECT SUM(CASE WHEN stage=2 THEN ead_sar_mn ELSE 0 END)/NULLIF(SUM(ead_sar_mn),0) AS s2_share FROM corp_facility_quarter WHERE reporting_quarter = '2026Q2'"", ""parameters"": {}, ""purpose"": ""What share of total EAD is in Stage 2 in the latest quarter?"", ""input_artifact_ids"": [], ""depends_on_step_ids"": []}], ""repair_of_submission_id"": """"}",passed,,,,,554ef868d5a32fd04e70b59a06da531f
A-C14,core,sub-90fe1fd46ed6,1,1,ok,,"[""SELECT sector, SUM(CASE WHEN stage=2 THEN ead_sar_mn ELSE 0 END)/NULLIF(SUM(ead_sar_mn),0) AS s2_share FROM corp_facility_quarter WHERE reporting_quarter = '2026Q2' GROUP BY sector ORDER BY s2_share DESC""]",[],"{""intent"": {""query_mode"": ""DATA_ANALYSIS"", ""owner"": ""COCKPIT"", ""understood_request"": ""Show the Stage 2 share of EAD for each sector in the latest quarter."", ""response_language"": ""en"", ""blocking_ambiguities"": [], ""resolved_assumptions"": [], ""canonical_mappings"": [], ""excluded_parts"": [], ""public_rationale"": ""scripted dry run""}, ""objective"": ""Show the Stage 2 share of EAD for each sector in the latest quarter."", ""subquestions"": [""Show the Stage 2 share of EAD for each sector in the latest quarter.""], ""scope"": {""reporting_months"": [""2026Q2""], ""filters"": {}}, ""metadata_receipt_ids"": [], ""fields_required"": [], ""expected_output_grain"": ""as queried"", ""expected_units"": {}, ""steps"": [{""step_id"": ""s1"", ""language"": ""sql"", ""code"": ""SELECT sector, SUM(CASE WHEN stage=2 THEN ead_sar_mn ELSE 0 END)/NULLIF(SUM(ead_sar_mn),0) AS s2_share FROM corp_facility_quarter WHERE reporting_quarter = '2026Q2' GROUP BY sector ORDER BY s2_share DESC"", ""parameters"": {}, ""purpose"": ""Show the Stage 2 share of EAD for each sector in the latest quarter."", ""input_artifact_ids"": [], ""depends_on_step_ids"": []}], ""repair_of_submission_id"": """"}",passed,,,,,ac1580661a5c991f4fe719797d9d3f91
A-C15,core,sub-3df9eb6c97d4,1,1,ok,,"[""SELECT SUM(ead_sar_mn) AS ead FROM corp_facility_quarter WHERE reporting_quarter = '2026Q1'""]",[],"{""intent"": {""query_mode"": ""DATA_ANALYSIS"", ""owner"": ""COCKPIT"", ""understood_request"": ""What was total EAD in the previous quarter?"", ""response_language"": ""en"", ""blocking_ambiguities"": [], ""resolved_assumptions"": [], ""canonical_mappings"": [], ""excluded_parts"": [], ""public_rationale"": ""scripted dry run""}, ""objective"": ""What was total EAD in the previous quarter?"", ""subquestions"": [""What was total EAD in the previous quarter?""], ""scope"": {""reporting_months"": [""2026Q2""], ""filters"": {}}, ""metadata_receipt_ids"": [], ""fields_required"": [], ""expected_output_grain"": ""as queried"", ""expected_units"": {}, ""steps"": [{""step_id"": ""s1"", ""language"": ""sql"", ""code"": ""SELECT SUM(ead_sar_mn) AS ead FROM corp_facility_quarter WHERE reporting_quarter = '2026Q1'"", ""parameters"": {}, ""purpose"": ""What was total EAD in the previous quarter?"", ""input_artifact_ids"": [], ""depends_on_step_ids"": []}], ""repair_of_submission_id"": """"}",passed,,,,,08ddac47a398895e724e8f87b99bfd53
A-C16,core,sub-9088685562b1,1,1,ok,,"[""WITH a AS (SELECT SUM(CASE WHEN stage=2 THEN ead_sar_mn ELSE 0 END) AS ead_s2 FROM corp_facility_quarter WHERE reporting_quarter = '2026Q2'), b AS (SELECT SUM(CASE WHEN stage=2 THEN ead_sar_mn ELSE 0 END) AS ead_s2 FROM corp_facility_quarter WHERE reporting_quarter = '2026Q1') SELECT a.ead_s2 AS ead_s2_latest, b.ead_s2 AS ead_s2_base, a.ead_s2 - b.ead_s2 AS ead_s2_abs_change, (a.ead_s2 - b.ead_s2) / NULLIF(b.ead_s2, 0) AS ead_s2_pct_change FROM a LEFT JOIN b ON TRUE""]",[],"{""intent"": {""query_mode"": ""DATA_ANALYSIS"", ""owner"": ""COCKPIT"", ""understood_request"": ""How did total Stage 2 EAD change quarter on quarter?"", ""response_language"": ""en"", ""blocking_ambiguities"": [], ""resolved_assumptions"": [], ""canonical_mappings"": [], ""excluded_parts"": [], ""public_rationale"": ""scripted dry run""}, ""objective"": ""How did total Stage 2 EAD change quarter on quarter?"", ""subquestions"": [""How did total Stage 2 EAD change quarter on quarter?""], ""scope"": {""reporting_months"": [""2026Q2""], ""filters"": {}}, ""metadata_receipt_ids"": [], ""fields_required"": [], ""expected_output_grain"": ""as queried"", ""expected_units"": {}, ""steps"": [{""step_id"": ""s1"", ""language"": ""sql"", ""code"": ""WITH a AS (SELECT SUM(CASE WHEN stage=2 THEN ead_sar_mn ELSE 0 END) AS ead_s2 FROM corp_facility_quarter WHERE reporting_quarter = '2026Q2'), b AS (SELECT SUM(CASE WHEN stage=2 THEN ead_sar_mn ELSE 0 END) AS ead_s2 FROM corp_facility_quarter WHERE reporting_quarter = '2026Q1') SELECT a.ead_s2 AS ead_s2_latest, b.ead_s2 AS ead_s2_base, a.ead_s2 - b.ead_s2 AS ead_s2_abs_change, (a.ead_s2 - b.ead_s2) / NULLIF(b.ead_s2, 0) AS ead_s2_pct_change FROM a LEFT JOIN b ON TRUE"", ""parameters"": {}, ""purpose"": ""How did total Stage 2 EAD change quarter on quarter?"", ""input_artifact_ids"": [], ""depends_on_step_ids"": []}], ""repair_of_submission_id"": """"}",passed,,,,,b5ee3ac9bbe154a8ce1b9b7319dcaed8
A-C17,core,sub-d38d623813e0,1,1,ok,,"[""WITH a AS (SELECT sector, SUM(ead_sar_mn) AS ead FROM corp_facility_quarter WHERE reporting_quarter = '2026Q2' GROUP BY sector), b AS (SELECT sector, SUM(ead_sar_mn) AS ead FROM corp_facility_quarter WHERE reporting_quarter = '2026Q1' GROUP BY sector) SELECT a.sector, a.ead AS ead_latest, b.ead AS ead_base, a.ead - b.ead AS ead_abs_change, (a.ead - b.ead) / NULLIF(b.ead, 0) AS ead_pct_change FROM a LEFT JOIN b USING (sector)""]",[],"{""intent"": {""query_mode"": ""DATA_ANALYSIS"", ""owner"": ""COCKPIT"", ""understood_request"": ""Show the quarter-on-quarter change in EAD for each sector."", ""response_language"": ""en"", ""blocking_ambiguities"": [], ""resolved_assumptions"": [], ""canonical_mappings"": [], ""excluded_parts"": [], ""public_rationale"": ""scripted dry run""}, ""objective"": ""Show the quarter-on-quarter change in EAD for each sector."", ""subquestions"": [""Show the quarter-on-quarter change in EAD for each sector.""], ""scope"": {""reporting_months"": [""2026Q2""], ""filters"": {}}, ""metadata_receipt_ids"": [], ""fields_required"": [], ""expected_output_grain"": ""as queried"", ""expected_units"": {}, ""steps"": [{""step_id"": ""s1"", ""language"": ""sql"", ""code"": ""WITH a AS (SELECT sector, SUM(ead_sar_mn) AS ead FROM corp_facility_quarter WHERE reporting_quarter = '2026Q2' GROUP BY sector), b AS (SELECT sector, SUM(ead_sar_mn) AS ead FROM corp_facility_quarter WHERE reporting_quarter = '2026Q1' GROUP BY sector) SELECT a.sector, a.ead AS ead_latest, b.ead AS ead_base, a.ead - b.ead AS ead_abs_change, (a.ead - b.ead) / NULLIF(b.ead, 0) AS ead_pct_change FROM a LEFT JOIN b USING (sector)"", ""parameters"": {}, ""purpose"": ""Show the quarter-on-quarter change in EAD for each sector."", ""input_artifact_ids"": [], ""depends_on_step_ids"": []}], ""repair_of_submission_id"": """"}",passed,,,,,4726abb825d9aaf165d27eb8b8dd1c0b
A-C18,core,sub-189fefc6cc66,1,1,ok,,"[""SELECT SUM(pd_pit_12m*ead_sar_mn)/NULLIF(SUM(ead_sar_mn),0) AS pd_w FROM corp_facility_quarter WHERE reporting_quarter = '2026Q2'""]",[],"{""intent"": {""query_mode"": ""DATA_ANALYSIS"", ""owner"": ""COCKPIT"", ""understood_request"": ""What is the EAD-weighted average 12-month point-in-time PD of the corporate book in the latest quarter?"", ""response_language"": ""en"", ""blocking_ambiguities"": [], ""resolved_assumptions"": [], ""canonical_mappings"": [], ""excluded_parts"": [], ""public_rationale"": ""scripted dry run""}, ""objective"": ""What is the EAD-weighted average 12-month point-in-time PD of the corporate book in the latest quarter?"", ""subquestions"": [""What is the EAD-weighted average 12-month point-in-time PD of the corporate book in the latest quarter?""], ""scope"": {""reporting_months"": [""2026Q2""], ""filters"": {}}, ""metadata_receipt_ids"": [], ""fields_required"": [], ""expected_output_grain"": ""as queried"", ""expected_units"": {}, ""steps"": [{""step_id"": ""s1"", ""language"": ""sql"", ""code"": ""SELECT SUM(pd_pit_12m*ead_sar_mn)/NULLIF(SUM(ead_sar_mn),0) AS pd_w FROM corp_facility_quarter WHERE reporting_quarter = '2026Q2'"", ""parameters"": {}, ""purpose"": ""What is the EAD-weighted average 12-month point-in-time PD of the corporate book in the latest quarter?"", ""input_artifact_ids"": [], ""depends_on_step_ids"": []}], ""repair_of_submission_id"": """"}",passed,,,,,5dd782d2873c368bc54056a09899723f
A-C19,core,sub-4073a3cb4e75,1,1,ok,,"[""SELECT sector, SUM(lgd_pct*ead_sar_mn)/NULLIF(SUM(ead_sar_mn),0) AS lgd_w FROM corp_facility_quarter WHERE reporting_quarter = '2026Q2' GROUP BY sector ORDER BY lgd_w DESC""]",[],"{""intent"": {""query_mode"": ""DATA_ANALYSIS"", ""owner"": ""COCKPIT"", ""understood_request"": ""What is the EAD-weighted average LGD for each sector in the latest quarter?"", ""response_language"": ""en"", ""blocking_ambiguities"": [], ""resolved_assumptions"": [], ""canonical_mappings"": [], ""excluded_parts"": [], ""public_rationale"": ""scripted dry run""}, ""objective"": ""What is the EAD-weighted average LGD for each sector in the latest quarter?"", ""subquestions"": [""What is the EAD-weighted average LGD for each sector in the latest quarter?""], ""scope"": {""reporting_months"": [""2026Q2""], ""filters"": {}}, ""metadata_receipt_ids"": [], ""fields_required"": [], ""expected_output_grain"": ""as queried"", ""expected_units"": {}, ""steps"": [{""step_id"": ""s1"", ""language"": ""sql"", ""code"": ""SELECT sector, SUM(lgd_pct*ead_sar_mn)/NULLIF(SUM(ead_sar_mn),0) AS lgd_w FROM corp_facility_quarter WHERE reporting_quarter = '2026Q2' GROUP BY sector ORDER BY lgd_w DESC"", ""parameters"": {}, ""purpose"": ""What is the EAD-weighted average LGD for each sector in the latest quarter?"", ""input_artifact_ids"": [], ""depends_on_step_ids"": []}], ""repair_of_submission_id"": """"}",passed,,,,,61a3111b9fb7392d18b932e41a6827ae
A-C20,core,sub-6596bf8c4e25,1,1,ok,,"[""SELECT SUM(CASE WHEN dpd_days>=90 THEN ead_sar_mn ELSE 0 END) AS dpd90_ead FROM corp_facility_quarter WHERE reporting_quarter = '2026Q2'""]",[],"{""intent"": {""query_mode"": ""DATA_ANALYSIS"", ""owner"": ""COCKPIT"", ""understood_request"": ""How much EAD is 90 or more days past due in the latest quarter?"", ""response_language"": ""en"", ""blocking_ambiguities"": [], ""resolved_assumptions"": [], ""canonical_mappings"": [], ""excluded_parts"": [], ""public_rationale"": ""scripted dry run""}, ""objective"": ""How much EAD is 90 or more days past due in the latest quarter?"", ""subquestions"": [""How much EAD is 90 or more days past due in the latest quarter?""], ""scope"": {""reporting_months"": [""2026Q2""], ""filters"": {}}, ""metadata_receipt_ids"": [], ""fields_required"": [], ""expected_output_grain"": ""as queried"", ""expected_units"": {}, ""steps"": [{""step_id"": ""s1"", ""language"": ""sql"", ""code"": ""SELECT SUM(CASE WHEN dpd_days>=90 THEN ead_sar_mn ELSE 0 END) AS dpd90_ead FROM corp_facility_quarter WHERE reporting_quarter = '2026Q2'"", ""parameters"": {}, ""purpose"": ""How much EAD is 90 or more days past due in the latest quarter?"", ""input_artifact_ids"": [], ""depends_on_step_ids"": []}], ""repair_of_submission_id"": """"}",passed,,,,,49751bf8e0dbf2fde7ef109ef3172432
A-C21,core,sub-cd1882259b62,1,1,ok,,"[""SELECT product_type, SUM(ecl_sar_mn) AS ecl FROM corp_facility_quarter WHERE reporting_quarter = '2026Q2' GROUP BY product_type ORDER BY ecl DESC""]",[],"{""intent"": {""query_mode"": ""DATA_ANALYSIS"", ""owner"": ""COCKPIT"", ""understood_request"": ""Show ECL by product type for the latest quarter."", ""response_language"": ""en"", ""blocking_ambiguities"": [], ""resolved_assumptions"": [], ""canonical_mappings"": [], ""excluded_parts"": [], ""public_rationale"": ""scripted dry run""}, ""objective"": ""Show ECL by product type for the latest quarter."", ""subquestions"": [""Show ECL by product type for the latest quarter.""], ""scope"": {""reporting_months"": [""2026Q2""], ""filters"": {}}, ""metadata_receipt_ids"": [], ""fields_required"": [], ""expected_output_grain"": ""as queried"", ""expected_units"": {}, ""steps"": [{""step_id"": ""s1"", ""language"": ""sql"", ""code"": ""SELECT product_type, SUM(ecl_sar_mn) AS ecl FROM corp_facility_quarter WHERE reporting_quarter = '2026Q2' GROUP BY product_type ORDER BY ecl DESC"", ""parameters"": {}, ""purpose"": ""Show ECL by product type for the latest quarter."", ""input_artifact_ids"": [], ""depends_on_step_ids"": []}], ""repair_of_submission_id"": """"}",passed,,,,,4395cc5091c99d45ea816ff233b5c4c9
A-C22,core,sub-d419c6f015c6,1,1,ok,,"[""SELECT borrower_name, SUM(ead_sar_mn) AS ead FROM corp_facility_quarter WHERE reporting_quarter='2026Q2' GROUP BY borrower_id, borrower_name ORDER BY ead DESC LIMIT 10""]",[],"{""intent"": {""query_mode"": ""DATA_ANALYSIS"", ""owner"": ""COCKPIT"", ""understood_request"": ""Who are the ten largest borrowers by EAD in the latest quarter?"", ""response_language"": ""en"", ""blocking_ambiguities"": [], ""resolved_assumptions"": [], ""canonical_mappings"": [], ""excluded_parts"": [], ""public_rationale"": ""scripted dry run""}, ""objective"": ""Who are the ten largest borrowers by EAD in the latest quarter?"", ""subquestions"": [""Who are the ten largest borrowers by EAD in the latest quarter?""], ""scope"": {""reporting_months"": [""2026Q2""], ""filters"": {}}, ""metadata_receipt_ids"": [], ""fields_required"": [], ""expected_output_grain"": ""as queried"", ""expected_units"": {}, ""steps"": [{""step_id"": ""s1"", ""language"": ""sql"", ""code"": ""SELECT borrower_name, SUM(ead_sar_mn) AS ead FROM corp_facility_quarter WHERE reporting_quarter='2026Q2' GROUP BY borrower_id, borrower_name ORDER BY ead DESC LIMIT 10"", ""parameters"": {}, ""purpose"": ""Who are the ten largest borrowers by EAD in the latest quarter?"", ""input_artifact_ids"": [], ""depends_on_step_ids"": []}], ""repair_of_submission_id"": """"}",passed,,,,,b6bf23d974f54b0867047ef5d4eeccac
A-C23,core,sub-b8246b3eaf0e,1,1,ok,,"[""SELECT SUM(CASE WHEN stage=3 THEN 1 ELSE 0 END) AS n_s3 FROM corp_facility_quarter WHERE reporting_quarter = '2026Q2'""]",[],"{""intent"": {""query_mode"": ""DATA_ANALYSIS"", ""owner"": ""COCKPIT"", ""understood_request"": ""How many facilities are in Stage 3 in the latest quarter?"", ""response_language"": ""en"", ""blocking_ambiguities"": [], ""resolved_assumptions"": [], ""canonical_mappings"": [], ""excluded_parts"": [], ""public_rationale"": ""scripted dry run""}, ""objective"": ""How many facilities are in Stage 3 in the latest quarter?"", ""subquestions"": [""How many facilities are in Stage 3 in the latest quarter?""], ""scope"": {""reporting_months"": [""2026Q2""], ""filters"": {}}, ""metadata_receipt_ids"": [], ""fields_required"": [], ""expected_output_grain"": ""as queried"", ""expected_units"": {}, ""steps"": [{""step_id"": ""s1"", ""language"": ""sql"", ""code"": ""SELECT SUM(CASE WHEN stage=3 THEN 1 ELSE 0 END) AS n_s3 FROM corp_facility_quarter WHERE reporting_quarter = '2026Q2'"", ""parameters"": {}, ""purpose"": ""How many facilities are in Stage 3 in the latest quarter?"", ""input_artifact_ids"": [], ""depends_on_step_ids"": []}], ""repair_of_submission_id"": """"}",passed,,,,,4ed8326bd5f66a1a5758f729fc328e69
A-C24,core,sub-6219f8ad650b,1,1,ok,,"[""SELECT relationship_tier, SUM(ead_sar_mn) AS ead FROM corp_facility_quarter WHERE reporting_quarter = '2026Q2' GROUP BY relationship_tier ORDER BY ead DESC""]",[],"{""intent"": {""query_mode"": ""DATA_ANALYSIS"", ""owner"": ""COCKPIT"", ""understood_request"": ""Show EAD by relationship tier for the latest quarter."", ""response_language"": ""en"", ""blocking_ambiguities"": [], ""resolved_assumptions"": [], ""canonical_mappings"": [], ""excluded_parts"": [], ""public_rationale"": ""scripted dry run""}, ""objective"": ""Show EAD by relationship tier for the latest quarter."", ""subquestions"": [""Show EAD by relationship tier for the latest quarter.""], ""scope"": {""reporting_months"": [""2026Q2""], ""filters"": {}}, ""metadata_receipt_ids"": [], ""fields_required"": [], ""expected_output_grain"": ""as queried"", ""expected_units"": {}, ""steps"": [{""step_id"": ""s1"", ""language"": ""sql"", ""code"": ""SELECT relationship_tier, SUM(ead_sar_mn) AS ead FROM corp_facility_quarter WHERE reporting_quarter = '2026Q2' GROUP BY relationship_tier ORDER BY ead DESC"", ""parameters"": {}, ""purpose"": ""Show EAD by relationship tier for the latest quarter."", ""input_artifact_ids"": [], ""depends_on_step_ids"": []}], ""repair_of_submission_id"": """"}",passed,,,,,12a78b4293a64461626e1da7090167b5
A-C25,core,sub-f43c9411d188,1,1,ok,,"[""SELECT SUM(CASE WHEN stage=1 THEN ead_sar_mn ELSE 0 END) AS ead_s1, SUM(CASE WHEN stage=2 THEN ead_sar_mn ELSE 0 END) AS ead_s2, SUM(CASE WHEN stage=3 THEN ead_sar_mn ELSE 0 END) AS ead_s3, SUM(ead_sar_mn) AS ead FROM corp_facility_quarter WHERE reporting_quarter = '2026Q2'""]",[],"{""intent"": {""query_mode"": ""DATA_ANALYSIS"", ""owner"": ""COCKPIT"", ""understood_request"": ""Do Stage 1, Stage 2 and Stage 3 EAD add up to total EAD in the latest quarter? Show the reconciliation."", ""response_language"": ""en"", ""blocking_ambiguities"": [], ""resolved_assumptions"": [], ""canonical_mappings"": [], ""excluded_parts"": [], ""public_rationale"": ""scripted dry run""}, ""objective"": ""Do Stage 1, Stage 2 and Stage 3 EAD add up to total EAD in the latest quarter? Show the reconciliation."", ""subquestions"": [""Do Stage 1, Stage 2 and Stage 3 EAD add up to total EAD in the latest quarter? Show the reconciliation.""], ""scope"": {""reporting_months"": [""2026Q2""], ""filters"": {}}, ""metadata_receipt_ids"": [], ""fields_required"": [], ""expected_output_grain"": ""as queried"", ""expected_units"": {}, ""steps"": [{""step_id"": ""s1"", ""language"": ""sql"", ""code"": ""SELECT SUM(CASE WHEN stage=1 THEN ead_sar_mn ELSE 0 END) AS ead_s1, SUM(CASE WHEN stage=2 THEN ead_sar_mn ELSE 0 END) AS ead_s2, SUM(CASE WHEN stage=3 THEN ead_sar_mn ELSE 0 END) AS ead_s3, SUM(ead_sar_mn) AS ead FROM corp_facility_quarter WHERE reporting_quarter = '2026Q2'"", ""parameters"": {}, ""purpose"": ""Do Stage 1, Stage 2 and Stage 3 EAD add up to total EAD in the latest quarter? Show the reconciliation."", ""input_artifact_ids"": [], ""depends_on_step_ids"": []}], ""repair_of_submission_id"": """"}",passed,,,,,55a0a2e5019b1fb38794b43a3dfff9d9
A-R01,core,sub-c7e988cbb9db,1,1,ok,,"[""SELECT SUM(ead_sar_mn) AS ead FROM retail_account_month WHERE reporting_month = '2026-08'""]",[],"{""intent"": {""query_mode"": ""DATA_ANALYSIS"", ""owner"": ""COCKPIT"", ""understood_request"": ""What is total retail EAD in the latest month?"", ""response_language"": ""en"", ""blocking_ambiguities"": [], ""resolved_assumptions"": [], ""canonical_mappings"": [], ""excluded_parts"": [], ""public_rationale"": ""scripted dry run""}, ""objective"": ""What is total retail EAD in the latest month?"", ""subquestions"": [""What is total retail EAD in the latest month?""], ""scope"": {""reporting_months"": [""2026-08""], ""filters"": {}}, ""metadata_receipt_ids"": [], ""fields_required"": [], ""expected_output_grain"": ""as queried"", ""expected_units"": {}, ""steps"": [{""step_id"": ""s1"", ""language"": ""sql"", ""code"": ""SELECT SUM(ead_sar_mn) AS ead FROM retail_account_month WHERE reporting_month = '2026-08'"", ""parameters"": {}, ""purpose"": ""What is total retail EAD in the latest month?"", ""input_artifact_ids"": [], ""depends_on_step_ids"": []}], ""repair_of_submission_id"": """"}",passed,,,,,78c01fd45b9b53292027a74b4b738e23
A-R02,core,sub-0207e193a8af,1,1,ok,,"[""SELECT SUM(CASE WHEN stage=2 THEN ead_sar_mn ELSE 0 END) AS ead_s2 FROM retail_account_month WHERE reporting_month = '2026-08'""]",[],"{""intent"": {""query_mode"": ""DATA_ANALYSIS"", ""owner"": ""COCKPIT"", ""understood_request"": ""What is total Stage 2 EAD in the retail book for the latest month?"", ""response_language"": ""en"", ""blocking_ambiguities"": [], ""resolved_assumptions"": [], ""canonical_mappings"": [], ""excluded_parts"": [], ""public_rationale"": ""scripted dry run""}, ""objective"": ""What is total Stage 2 EAD in the retail book for the latest month?"", ""subquestions"": [""What is total Stage 2 EAD in the retail book for the latest month?""], ""scope"": {""reporting_months"": [""2026-08""], ""filters"": {}}, ""metadata_receipt_ids"": [], ""fields_required"": [], ""expected_output_grain"": ""as queried"", ""expected_units"": {}, ""steps"": [{""step_id"": ""s1"", ""language"": ""sql"", ""code"": ""SELECT SUM(CASE WHEN stage=2 THEN ead_sar_mn ELSE 0 END) AS ead_s2 FROM retail_account_month WHERE reporting_month = '2026-08'"", ""parameters"": {}, ""purpose"": ""What is total Stage 2 EAD in the retail book for the latest month?"", ""input_artifact_ids"": [], ""depends_on_step_ids"": []}], ""repair_of_submission_id"": """"}",passed,,,,,76ff1ce666cd186088913fcb65aac170
A-R03,core,sub-0feea8eedf53,1,1,ok,,"[""SELECT SUM(CASE WHEN stage=3 THEN ead_sar_mn ELSE 0 END) AS ead_s3 FROM retail_account_month WHERE reporting_month = '2026-08'""]",[],"{""intent"": {""query_mode"": ""DATA_ANALYSIS"", ""owner"": ""COCKPIT"", ""understood_request"": ""What is total Stage 3 EAD in retail for the latest month?"", ""response_language"": ""en"", ""blocking_ambiguities"": [], ""resolved_assumptions"": [], ""canonical_mappings"": [], ""excluded_parts"": [], ""public_rationale"": ""scripted dry run""}, ""objective"": ""What is total Stage 3 EAD in retail for the latest month?"", ""subquestions"": [""What is total Stage 3 EAD in retail for the latest month?""], ""scope"": {""reporting_months"": [""2026-08""], ""filters"": {}}, ""metadata_receipt_ids"": [], ""fields_required"": [], ""expected_output_grain"": ""as queried"", ""expected_units"": {}, ""steps"": [{""step_id"": ""s1"", ""language"": ""sql"", ""code"": ""SELECT SUM(CASE WHEN stage=3 THEN ead_sar_mn ELSE 0 END) AS ead_s3 FROM retail_account_month WHERE reporting_month = '2026-08'"", ""parameters"": {}, ""purpose"": ""What is total Stage 3 EAD in retail for the latest month?"", ""input_artifact_ids"": [], ""depends_on_step_ids"": []}], ""repair_of_submission_id"": """"}",passed,,,,,6eb308a6eb2dc93fb81d2fb77b885a09
A-R04,core,sub-d1a34b069715,1,1,ok,,"[""SELECT SUM(ecl_sar_mn) AS ecl FROM retail_account_month WHERE reporting_month = '2026-08'""]",[],"{""intent"": {""query_mode"": ""DATA_ANALYSIS"", ""owner"": ""COCKPIT"", ""understood_request"": ""What is total recognised ECL for the retail book in the latest month?"", ""response_language"": ""en"", ""blocking_ambiguities"": [], ""resolved_assumptions"": [], ""canonical_mappings"": [], ""excluded_parts"": [], ""public_rationale"": ""scripted dry run""}, ""objective"": ""What is total recognised ECL for the retail book in the latest month?"", ""subquestions"": [""What is total recognised ECL for the retail book in the latest month?""], ""scope"": {""reporting_months"": [""2026-08""], ""filters"": {}}, ""metadata_receipt_ids"": [], ""fields_required"": [], ""expected_output_grain"": ""as queried"", ""expected_units"": {}, ""steps"": [{""step_id"": ""s1"", ""language"": ""sql"", ""code"": ""SELECT SUM(ecl_sar_mn) AS ecl FROM retail_account_month WHERE reporting_month = '2026-08'"", ""parameters"": {}, ""purpose"": ""What is total recognised ECL for the retail book in the latest month?"", ""input_artifact_ids"": [], ""depends_on_step_ids"": []}], ""repair_of_submission_id"": """"}",passed,,,,,442d18cb751da1774cfec342d751d619
A-R05,core,sub-8b9ef67d7568,1,1,ok,,"[""SELECT product, SUM(ead_sar_mn) AS ead FROM retail_account_month WHERE reporting_month = '2026-08' GROUP BY product ORDER BY ead DESC""]",[],"{""intent"": {""query_mode"": ""DATA_ANALYSIS"", ""owner"": ""COCKPIT"", ""understood_request"": ""Show retail EAD by product for the latest month."", ""response_language"": ""en"", ""blocking_ambiguities"": [], ""resolved_assumptions"": [], ""canonical_mappings"": [], ""excluded_parts"": [], ""public_rationale"": ""scripted dry run""}, ""objective"": ""Show retail EAD by product for the latest month."", ""subquestions"": [""Show retail EAD by product for the latest month.""], ""scope"": {""reporting_months"": [""2026-08""], ""filters"": {}}, ""metadata_receipt_ids"": [], ""fields_required"": [], ""expected_output_grain"": ""as queried"", ""expected_units"": {}, ""steps"": [{""step_id"": ""s1"", ""language"": ""sql"", ""code"": ""SELECT product, SUM(ead_sar_mn) AS ead FROM retail_account_month WHERE reporting_month = '2026-08' GROUP BY product ORDER BY ead DESC"", ""parameters"": {}, ""purpose"": ""Show retail EAD by product for the latest month."", ""input_artifact_ids"": [], ""depends_on_step_ids"": []}], ""repair_of_submission_id"": """"}",passed,,,,,f581ef21bd08374511c3de508f0a6b92
A-R06,core,sub-3072196c39a8,1,1,ok,,"[""SELECT product, SUM(CASE WHEN stage=2 THEN ead_sar_mn ELSE 0 END) AS ead_s2 FROM retail_account_month WHERE reporting_month = '2026-08' GROUP BY product ORDER BY ead_s2 DESC""]",[],"{""intent"": {""query_mode"": ""DATA_ANALYSIS"", ""owner"": ""COCKPIT"", ""understood_request"": ""Show Stage 2 EAD by product for the latest month."", ""response_language"": ""en"", ""blocking_ambiguities"": [], ""resolved_assumptions"": [], ""canonical_mappings"": [], ""excluded_parts"": [], ""public_rationale"": ""scripted dry run""}, ""objective"": ""Show Stage 2 EAD by product for the latest month."", ""subquestions"": [""Show Stage 2 EAD by product for the latest month.""], ""scope"": {""reporting_months"": [""2026-08""], ""filters"": {}}, ""metadata_receipt_ids"": [], ""fields_required"": [], ""expected_output_grain"": ""as queried"", ""expected_units"": {}, ""steps"": [{""step_id"": ""s1"", ""language"": ""sql"", ""code"": ""SELECT product, SUM(CASE WHEN stage=2 THEN ead_sar_mn ELSE 0 END) AS ead_s2 FROM retail_account_month WHERE reporting_month = '2026-08' GROUP BY product ORDER BY ead_s2 DESC"", ""parameters"": {}, ""purpose"": ""Show Stage 2 EAD by product for the latest month."", ""input_artifact_ids"": [], ""depends_on_step_ids"": []}], ""repair_of_submission_id"": """"}",passed,,,,,4ab12f218900f455ddacad77921d4eb1
A-R07,core,sub-e41447430b43,1,1,ok,,"[""SELECT product, SUM(ecl_sar_mn) AS ecl FROM retail_account_month WHERE reporting_month = '2026-08' GROUP BY product ORDER BY ecl DESC""]",[],"{""intent"": {""query_mode"": ""DATA_ANALYSIS"", ""owner"": ""COCKPIT"", ""understood_request"": ""Rank retail products by ECL for the latest month, largest first."", ""response_language"": ""en"", ""blocking_ambiguities"": [], ""resolved_assumptions"": [], ""canonical_mappings"": [], ""excluded_parts"": [], ""public_rationale"": ""scripted dry run""}, ""objective"": ""Rank retail products by ECL for the latest month, largest first."", ""subquestions"": [""Rank retail products by ECL for the latest month, largest first.""], ""scope"": {""reporting_months"": [""2026-08""], ""filters"": {}}, ""metadata_receipt_ids"": [], ""fields_required"": [], ""expected_output_grain"": ""as queried"", ""expected_units"": {}, ""steps"": [{""step_id"": ""s1"", ""language"": ""sql"", ""code"": ""SELECT product, SUM(ecl_sar_mn) AS ecl FROM retail_account_month WHERE reporting_month = '2026-08' GROUP BY product ORDER BY ecl DESC"", ""parameters"": {}, ""purpose"": ""Rank retail products by ECL for the latest month, largest first."", ""input_artifact_ids"": [], ""depends_on_step_ids"": []}], ""repair_of_submission_id"": """"}",passed,,,,,1563b5b7f9bc43463a4d7d82e861be32
A-R08,core,sub-7ea4b04dc816,1,1,ok,,"[""SELECT stage, SUM(ead_sar_mn) AS ead FROM retail_account_month WHERE reporting_month = '2026-08' GROUP BY stage ORDER BY ead DESC""]",[],"{""intent"": {""query_mode"": ""DATA_ANALYSIS"", ""owner"": ""COCKPIT"", ""understood_request"": ""Show retail EAD by IFRS 9 stage for the latest month."", ""response_language"": ""en"", ""blocking_ambiguities"": [], ""resolved_assumptions"": [], ""canonical_mappings"": [], ""excluded_parts"": [], ""public_rationale"": ""scripted dry run""}, ""objective"": ""Show retail EAD by IFRS 9 stage for the latest month."", ""subquestions"": [""Show retail EAD by IFRS 9 stage for the latest month.""], ""scope"": {""reporting_months"": [""2026-08""], ""filters"": {}}, ""metadata_receipt_ids"": [], ""fields_required"": [], ""expected_output_grain"": ""as queried"", ""expected_units"": {}, ""steps"": [{""step_id"": ""s1"", ""language"": ""sql"", ""code"": ""SELECT stage, SUM(ead_sar_mn) AS ead FROM retail_account_month WHERE reporting_month = '2026-08' GROUP BY stage ORDER BY ead DESC"", ""parameters"": {}, ""purpose"": ""Show retail EAD by IFRS 9 stage for the latest month."", ""input_artifact_ids"": [], ""depends_on_step_ids"": []}], ""repair_of_submission_id"": """"}",passed,,,,,9e505641fab6177a4094e277579ab25f
A-R09,core,sub-660f6ecc0343,1,1,ok,,"[""SELECT region, SUM(ead_sar_mn) AS ead FROM retail_account_month WHERE reporting_month = '2026-08' GROUP BY region ORDER BY ead DESC""]",[],"{""intent"": {""query_mode"": ""DATA_ANALYSIS"", ""owner"": ""COCKPIT"", ""understood_request"": ""Show retail EAD by region for the latest month."", ""response_language"": ""en"", ""blocking_ambiguities"": [], ""resolved_assumptions"": [], ""canonical_mappings"": [], ""excluded_parts"": [], ""public_rationale"": ""scripted dry run""}, ""objective"": ""Show retail EAD by region for the latest month."", ""subquestions"": [""Show retail EAD by region for the latest month.""], ""scope"": {""reporting_months"": [""2026-08""], ""filters"": {}}, ""metadata_receipt_ids"": [], ""fields_required"": [], ""expected_output_grain"": ""as queried"", ""expected_units"": {}, ""steps"": [{""step_id"": ""s1"", ""language"": ""sql"", ""code"": ""SELECT region, SUM(ead_sar_mn) AS ead FROM retail_account_month WHERE reporting_month = '2026-08' GROUP BY region ORDER BY ead DESC"", ""parameters"": {}, ""purpose"": ""Show retail EAD by region for the latest month."", ""input_artifact_ids"": [], ""depends_on_step_ids"": []}], ""repair_of_submission_id"": """"}",passed,,,,,4cc73608ff4cf3f44e8023b2ab7f75a9
A-R10,core,sub-aad3403c511b,1,1,ok,,"[""SELECT region, SUM(ecl_sar_mn) AS ecl FROM retail_account_month WHERE reporting_month = '2026-08' GROUP BY region ORDER BY ecl DESC LIMIT 3""]",[],"{""intent"": {""query_mode"": ""DATA_ANALYSIS"", ""owner"": ""COCKPIT"", ""understood_request"": ""Which three regions have the highest retail ECL in the latest month?"", ""response_language"": ""en"", ""blocking_ambiguities"": [], ""resolved_assumptions"": [], ""canonical_mappings"": [], ""excluded_parts"": [], ""public_rationale"": ""scripted dry run""}, ""objective"": ""Which three regions have the highest retail ECL in the latest month?"", ""subquestions"": [""Which three regions have the highest retail ECL in the latest month?""], ""scope"": {""reporting_months"": [""2026-08""], ""filters"": {}}, ""metadata_receipt_ids"": [], ""fields_required"": [], ""expected_output_grain"": ""as queried"", ""expected_units"": {}, ""steps"": [{""step_id"": ""s1"", ""language"": ""sql"", ""code"": ""SELECT region, SUM(ecl_sar_mn) AS ecl FROM retail_account_month WHERE reporting_month = '2026-08' GROUP BY region ORDER BY ecl DESC LIMIT 3"", ""parameters"": {}, ""purpose"": ""Which three regions have the highest retail ECL in the latest month?"", ""input_artifact_ids"": [], ""depends_on_step_ids"": []}], ""repair_of_submission_id"": """"}",passed,,,,,7c1305eda87dd64a1214b8e615659add
A-R11,core,sub-6ba9fbdf5fb0,1,1,ok,,"[""SELECT SUM(ecl_sar_mn)/NULLIF(SUM(ead_sar_mn),0) AS coverage FROM retail_account_month WHERE reporting_month = '2026-08'""]",[],"{""intent"": {""query_mode"": ""DATA_ANALYSIS"", ""owner"": ""COCKPIT"", ""understood_request"": ""What is the retail ECL coverage ratio, ECL divided by EAD, in the latest month?"", ""response_language"": ""en"", ""blocking_ambiguities"": [], ""resolved_assumptions"": [], ""canonical_mappings"": [], ""excluded_parts"": [], ""public_rationale"": ""scripted dry run""}, ""objective"": ""What is the retail ECL coverage ratio, ECL divided by EAD, in the latest month?"", ""subquestions"": [""What is the retail ECL coverage ratio, ECL divided by EAD, in the latest month?""], ""scope"": {""reporting_months"": [""2026-08""], ""filters"": {}}, ""metadata_receipt_ids"": [], ""fields_required"": [], ""expected_output_grain"": ""as queried"", ""expected_units"": {}, ""steps"": [{""step_id"": ""s1"", ""language"": ""sql"", ""code"": ""SELECT SUM(ecl_sar_mn)/NULLIF(SUM(ead_sar_mn),0) AS coverage FROM retail_account_month WHERE reporting_month = '2026-08'"", ""parameters"": {}, ""purpose"": ""What is the retail ECL coverage ratio, ECL divided by EAD, in the latest month?"", ""input_artifact_ids"": [], ""depends_on_step_ids"": []}], ""repair_of_submission_id"": """"}",passed,,,,,61bc7a9e3f5f739a645c3b657230e7fb
A-R12,core,sub-e2ca8ba66b16,1,1,ok,,"[""SELECT product, SUM(ecl_sar_mn)/NULLIF(SUM(ead_sar_mn),0) AS coverage FROM retail_account_month WHERE reporting_month = '2026-08' GROUP BY product ORDER BY coverage DESC""]",[],"{""intent"": {""query_mode"": ""DATA_ANALYSIS"", ""owner"": ""COCKPIT"", ""understood_request"": ""Show the ECL coverage ratio, ECL divided by EAD, for each retail product in the latest month."", ""response_language"": ""en"", ""blocking_ambiguities"": [], ""resolved_assumptions"": [], ""canonical_mappings"": [], ""excluded_parts"": [], ""public_rationale"": ""scripted dry run""}, ""objective"": ""Show the ECL coverage ratio, ECL divided by EAD, for each retail product in the latest month."", ""subquestions"": [""Show the ECL coverage ratio, ECL divided by EAD, for each retail product in the latest month.""], ""scope"": {""reporting_months"": [""2026-08""], ""filters"": {}}, ""metadata_receipt_ids"": [], ""fields_required"": [], ""expected_output_grain"": ""as queried"", ""expected_units"": {}, ""steps"": [{""step_id"": ""s1"", ""language"": ""sql"", ""code"": ""SELECT product, SUM(ecl_sar_mn)/NULLIF(SUM(ead_sar_mn),0) AS coverage FROM retail_account_month WHERE reporting_month = '2026-08' GROUP BY product ORDER BY coverage DESC"", ""parameters"": {}, ""purpose"": ""Show the ECL coverage ratio, ECL divided by EAD, for each retail product in the latest month."", ""input_artifact_ids"": [], ""depends_on_step_ids"": []}], ""repair_of_submission_id"": """"}",passed,,,,,4a6f1e7b8ebe2b5f4e78b606f1621db8
A-R13,core,sub-610f37f1c54b,1,1,ok,,"[""SELECT SUM(CASE WHEN stage=2 THEN ead_sar_mn ELSE 0 END)/NULLIF(SUM(ead_sar_mn),0) AS s2_share FROM retail_account_month WHERE reporting_month = '2026-08'""]",[],"{""intent"": {""query_mode"": ""DATA_ANALYSIS"", ""owner"": ""COCKPIT"", ""understood_request"": ""What share of retail EAD is in Stage 2 in the latest month?"", ""response_language"": ""en"", ""blocking_ambiguities"": [], ""resolved_assumptions"": [], ""canonical_mappings"": [], ""excluded_parts"": [], ""public_rationale"": ""scripted dry run""}, ""objective"": ""What share of retail EAD is in Stage 2 in the latest month?"", ""subquestions"": [""What share of retail EAD is in Stage 2 in the latest month?""], ""scope"": {""reporting_months"": [""2026-08""], ""filters"": {}}, ""metadata_receipt_ids"": [], ""fields_required"": [], ""expected_output_grain"": ""as queried"", ""expected_units"": {}, ""steps"": [{""step_id"": ""s1"", ""language"": ""sql"", ""code"": ""SELECT SUM(CASE WHEN stage=2 THEN ead_sar_mn ELSE 0 END)/NULLIF(SUM(ead_sar_mn),0) AS s2_share FROM retail_account_month WHERE reporting_month = '2026-08'"", ""parameters"": {}, ""purpose"": ""What share of retail EAD is in Stage 2 in the latest month?"", ""input_artifact_ids"": [], ""depends_on_step_ids"": []}], ""repair_of_submission_id"": """"}",passed,,,,,4da63382ab4948cc1f74d7d7f13fa3c5
A-R14,core,sub-0872885822e4,1,1,ok,,"[""SELECT product, SUM(CASE WHEN stage=2 THEN ead_sar_mn ELSE 0 END)/NULLIF(SUM(ead_sar_mn),0) AS s2_share FROM retail_account_month WHERE reporting_month = '2026-08' GROUP BY product ORDER BY s2_share DESC""]",[],"{""intent"": {""query_mode"": ""DATA_ANALYSIS"", ""owner"": ""COCKPIT"", ""understood_request"": ""Show the Stage 2 share of EAD for each retail product in the latest month."", ""response_language"": ""en"", ""blocking_ambiguities"": [], ""resolved_assumptions"": [], ""canonical_mappings"": [], ""excluded_parts"": [], ""public_rationale"": ""scripted dry run""}, ""objective"": ""Show the Stage 2 share of EAD for each retail product in the latest month."", ""subquestions"": [""Show the Stage 2 share of EAD for each retail product in the latest month.""], ""scope"": {""reporting_months"": [""2026-08""], ""filters"": {}}, ""metadata_receipt_ids"": [], ""fields_required"": [], ""expected_output_grain"": ""as queried"", ""expected_units"": {}, ""steps"": [{""step_id"": ""s1"", ""language"": ""sql"", ""code"": ""SELECT product, SUM(CASE WHEN stage=2 THEN ead_sar_mn ELSE 0 END)/NULLIF(SUM(ead_sar_mn),0) AS s2_share FROM retail_account_month WHERE reporting_month = '2026-08' GROUP BY product ORDER BY s2_share DESC"", ""parameters"": {}, ""purpose"": ""Show the Stage 2 share of EAD for each retail product in the latest month."", ""input_artifact_ids"": [], ""depends_on_step_ids"": []}], ""repair_of_submission_id"": """"}",passed,,,,,6599fa5f2666dd490495279c10e9d8e7
A-R15,core,sub-a14cc54f0bfc,1,1,ok,,"[""SELECT SUM(ead_sar_mn) AS ead FROM retail_account_month WHERE reporting_month = '2026-07'""]",[],"{""intent"": {""query_mode"": ""DATA_ANALYSIS"", ""owner"": ""COCKPIT"", ""understood_request"": ""What was total retail EAD in the previous month?"", ""response_language"": ""en"", ""blocking_ambiguities"": [], ""resolved_assumptions"": [], ""canonical_mappings"": [], ""excluded_parts"": [], ""public_rationale"": ""scripted dry run""}, ""objective"": ""What was total retail EAD in the previous month?"", ""subquestions"": [""What was total retail EAD in the previous month?""], ""scope"": {""reporting_months"": [""2026-08""], ""filters"": {}}, ""metadata_receipt_ids"": [], ""fields_required"": [], ""expected_output_grain"": ""as queried"", ""expected_units"": {}, ""steps"": [{""step_id"": ""s1"", ""language"": ""sql"", ""code"": ""SELECT SUM(ead_sar_mn) AS ead FROM retail_account_month WHERE reporting_month = '2026-07'"", ""parameters"": {}, ""purpose"": ""What was total retail EAD in the previous month?"", ""input_artifact_ids"": [], ""depends_on_step_ids"": []}], ""repair_of_submission_id"": """"}",passed,,,,,0b277ecdc0e450fb6336f0204b6febf0
A-R16,core,sub-a7b0f7a30bec,1,1,ok,,"[""WITH a AS (SELECT SUM(ecl_sar_mn) AS ecl FROM retail_account_month WHERE reporting_month = '2026-08'), b AS (SELECT SUM(ecl_sar_mn) AS ecl FROM retail_account_month WHERE reporting_month = '2026-07') SELECT a.ecl AS ecl_latest, b.ecl AS ecl_base, a.ecl - b.ecl AS ecl_abs_change, (a.ecl - b.ecl) / NULLIF(b.ecl, 0) AS ecl_pct_change FROM a LEFT JOIN b ON TRUE""]",[],"{""intent"": {""query_mode"": ""DATA_ANALYSIS"", ""owner"": ""COCKPIT"", ""understood_request"": ""How did total retail ECL change month on month, in absolute and percentage terms?"", ""response_language"": ""en"", ""blocking_ambiguities"": [], ""resolved_assumptions"": [], ""canonical_mappings"": [], ""excluded_parts"": [], ""public_rationale"": ""scripted dry run""}, ""objective"": ""How did total retail ECL change month on month, in absolute and percentage terms?"", ""subquestions"": [""How did total retail ECL change month on month, in absolute and percentage terms?""], ""scope"": {""reporting_months"": [""2026-08""], ""filters"": {}}, ""metadata_receipt_ids"": [], ""fields_required"": [], ""expected_output_grain"": ""as queried"", ""expected_units"": {}, ""steps"": [{""step_id"": ""s1"", ""language"": ""sql"", ""code"": ""WITH a AS (SELECT SUM(ecl_sar_mn) AS ecl FROM retail_account_month WHERE reporting_month = '2026-08'), b AS (SELECT SUM(ecl_sar_mn) AS ecl FROM retail_account_month WHERE reporting_month = '2026-07') SELECT a.ecl AS ecl_latest, b.ecl AS ecl_base, a.ecl - b.ecl AS ecl_abs_change, (a.ecl - b.ecl) / NULLIF(b.ecl, 0) AS ecl_pct_change FROM a LEFT JOIN b ON TRUE"", ""parameters"": {}, ""purpose"": ""How did total retail ECL change month on month, in absolute and percentage terms?"", ""input_artifact_ids"": [], ""depends_on_step_ids"": []}], ""repair_of_submission_id"": """"}",passed,,,,,3372c3074ea891bdbe769af868067b02
A-R17,core,sub-14f2e0df5291,1,1,ok,,"[""WITH a AS (SELECT product, SUM(CASE WHEN stage=2 THEN ead_sar_mn ELSE 0 END) AS ead_s2 FROM retail_account_month WHERE reporting_month = '2026-08' GROUP BY product), b AS (SELECT product, SUM(CASE WHEN stage=2 THEN ead_sar_mn ELSE 0 END) AS ead_s2 FROM retail_account_month WHERE reporting_month = '2026-07' GROUP BY product) SELECT a.product, a.ead_s2 AS ead_s2_latest, b.ead_s2 AS ead_s2_base, a.ead_s2 - b.ead_s2 AS ead_s2_abs_change, (a.ead_s2 - b.ead_s2) / NULLIF(b.ead_s2, 0) AS ead_s2_pct_change FROM a LEFT JOIN b USING (product)""]",[],"{""intent"": {""query_mode"": ""DATA_ANALYSIS"", ""owner"": ""COCKPIT"", ""understood_request"": ""Show the month-on-month change in Stage 2 EAD for each retail product."", ""response_language"": ""en"", ""blocking_ambiguities"": [], ""resolved_assumptions"": [], ""canonical_mappings"": [], ""excluded_parts"": [], ""public_rationale"": ""scripted dry run""}, ""objective"": ""Show the month-on-month change in Stage 2 EAD for each retail product."", ""subquestions"": [""Show the month-on-month change in Stage 2 EAD for each retail product.""], ""scope"": {""reporting_months"": [""2026-08""], ""filters"": {}}, ""metadata_receipt_ids"": [], ""fields_required"": [], ""expected_output_grain"": ""as queried"", ""expected_units"": {}, ""steps"": [{""step_id"": ""s1"", ""language"": ""sql"", ""code"": ""WITH a AS (SELECT product, SUM(CASE WHEN stage=2 THEN ead_sar_mn ELSE 0 END) AS ead_s2 FROM retail_account_month WHERE reporting_month = '2026-08' GROUP BY product), b AS (SELECT product, SUM(CASE WHEN stage=2 THEN ead_sar_mn ELSE 0 END) AS ead_s2 FROM retail_account_month WHERE reporting_month = '2026-07' GROUP BY product) SELECT a.product, a.ead_s2 AS ead_s2_latest, b.ead_s2 AS ead_s2_base, a.ead_s2 - b.ead_s2 AS ead_s2_abs_change, (a.ead_s2 - b.ead_s2) / NULLIF(b.ead_s2, 0) AS ead_s2_pct_change FROM a LEFT JOIN b USING (product)"", ""parameters"": {}, ""purpose"": ""Show the month-on-month change in Stage 2 EAD for each retail product."", ""input_artifact_ids"": [], ""depends_on_step_ids"": []}], ""repair_of_submission_id"": """"}",passed,,,,,f298b08aa0b528130f58007f3506bd61
A-R18,core,sub-953868a91202,1,1,ok,,"[""SELECT SUM(CASE WHEN dpd_days>=30 THEN ead_sar_mn ELSE 0 END) AS dpd30_ead FROM retail_account_month WHERE reporting_month = '2026-08'""]",[],"{""intent"": {""query_mode"": ""DATA_ANALYSIS"", ""owner"": ""COCKPIT"", ""understood_request"": ""How much retail EAD is 30 or more days past due in the latest month?"", ""response_language"": ""en"", ""blocking_ambiguities"": [], ""resolved_assumptions"": [], ""canonical_mappings"": [], ""excluded_parts"": [], ""public_rationale"": ""scripted dry run""}, ""objective"": ""How much retail EAD is 30 or more days past due in the latest month?"", ""subquestions"": [""How much retail EAD is 30 or more days past due in the latest month?""], ""scope"": {""reporting_months"": [""2026-08""], ""filters"": {}}, ""metadata_receipt_ids"": [], ""fields_required"": [], ""expected_output_grain"": ""as queried"", ""expected_units"": {}, ""steps"": [{""step_id"": ""s1"", ""language"": ""sql"", ""code"": ""SELECT SUM(CASE WHEN dpd_days>=30 THEN ead_sar_mn ELSE 0 END) AS dpd30_ead FROM retail_account_month WHERE reporting_month = '2026-08'"", ""parameters"": {}, ""purpose"": ""How much retail EAD is 30 or more days past due in the latest month?"", ""input_artifact_ids"": [], ""depends_on_step_ids"": []}], ""repair_of_submission_id"": """"}",passed,,,,,60e03454dc9ad1b3616988edeb09a42a
A-R19,core,sub-70e1bc2fb165,1,1,ok,,"[""SELECT delinquency_bucket, SUM(ead_sar_mn) AS ead FROM retail_account_month WHERE reporting_month = '2026-08' GROUP BY delinquency_bucket ORDER BY ead DESC""]",[],"{""intent"": {""query_mode"": ""DATA_ANALYSIS"", ""owner"": ""COCKPIT"", ""understood_request"": ""Show retail EAD by delinquency bucket for the latest month."", ""response_language"": ""en"", ""blocking_ambiguities"": [], ""resolved_assumptions"": [], ""canonical_mappings"": [], ""excluded_parts"": [], ""public_rationale"": ""scripted dry run""}, ""objective"": ""Show retail EAD by delinquency bucket for the latest month."", ""subquestions"": [""Show retail EAD by delinquency bucket for the latest month.""], ""scope"": {""reporting_months"": [""2026-08""], ""filters"": {}}, ""metadata_receipt_ids"": [], ""fields_required"": [], ""expected_output_grain"": ""as queried"", ""expected_units"": {}, ""steps"": [{""step_id"": ""s1"", ""language"": ""sql"", ""code"": ""SELECT delinquency_bucket, SUM(ead_sar_mn) AS ead FROM retail_account_month WHERE reporting_month = '2026-08' GROUP BY delinquency_bucket ORDER BY ead DESC"", ""parameters"": {}, ""purpose"": ""Show retail EAD by delinquency bucket for the latest month."", ""input_artifact_ids"": [], ""depends_on_step_ids"": []}], ""repair_of_submission_id"": """"}",passed,,,,,a749f2687dc9a5d1dd53bd69b7510636
A-R20,core,sub-2583a842918a,1,1,ok,,"[""SELECT SUM(CASE WHEN stage=3 THEN 1 ELSE 0 END) AS n_s3 FROM retail_account_month WHERE reporting_month = '2026-08'""]",[],"{""intent"": {""query_mode"": ""DATA_ANALYSIS"", ""owner"": ""COCKPIT"", ""understood_request"": ""How many retail accounts are in Stage 3 in the latest month?"", ""response_language"": ""en"", ""blocking_ambiguities"": [], ""resolved_assumptions"": [], ""canonical_mappings"": [], ""excluded_parts"": [], ""public_rationale"": ""scripted dry run""}, ""objective"": ""How many retail accounts are in Stage 3 in the latest month?"", ""subquestions"": [""How many retail accounts are in Stage 3 in the latest month?""], ""scope"": {""reporting_months"": [""2026-08""], ""filters"": {}}, ""metadata_receipt_ids"": [], ""fields_required"": [], ""expected_output_grain"": ""as queried"", ""expected_units"": {}, ""steps"": [{""step_id"": ""s1"", ""language"": ""sql"", ""code"": ""SELECT SUM(CASE WHEN stage=3 THEN 1 ELSE 0 END) AS n_s3 FROM retail_account_month WHERE reporting_month = '2026-08'"", ""parameters"": {}, ""purpose"": ""How many retail accounts are in Stage 3 in the latest month?"", ""input_artifact_ids"": [], ""depends_on_step_ids"": []}], ""repair_of_submission_id"": """"}",passed,,,,,375abdb02a52279fccbe23662c811e81
A-R21,core,sub-5951fe415630,1,1,ok,,"[""SELECT customer_segment, SUM(ead_sar_mn) AS ead FROM retail_account_month WHERE reporting_month = '2026-08' GROUP BY customer_segment ORDER BY ead DESC""]",[],"{""intent"": {""query_mode"": ""DATA_ANALYSIS"", ""owner"": ""COCKPIT"", ""understood_request"": ""Show retail EAD by customer segment for the latest month."", ""response_language"": ""en"", ""blocking_ambiguities"": [], ""resolved_assumptions"": [], ""canonical_mappings"": [], ""excluded_parts"": [], ""public_rationale"": ""scripted dry run""}, ""objective"": ""Show retail EAD by customer segment for the latest month."", ""subquestions"": [""Show retail EAD by customer segment for the latest month.""], ""scope"": {""reporting_months"": [""2026-08""], ""filters"": {}}, ""metadata_receipt_ids"": [], ""fields_required"": [], ""expected_output_grain"": ""as queried"", ""expected_units"": {}, ""steps"": [{""step_id"": ""s1"", ""language"": ""sql"", ""code"": ""SELECT customer_segment, SUM(ead_sar_mn) AS ead FROM retail_account_month WHERE reporting_month = '2026-08' GROUP BY customer_segment ORDER BY ead DESC"", ""parameters"": {}, ""purpose"": ""Show retail EAD by customer segment for the latest month."", ""input_artifact_ids"": [], ""depends_on_step_ids"": []}], ""repair_of_submission_id"": """"}",passed,,,,,455d81e385150d15c6104fc5c267a2fb
A-R22,core,sub-eaf14c969c79,1,1,ok,,"[""SELECT product, SUM(pd_pit_12m*ead_sar_mn)/NULLIF(SUM(ead_sar_mn),0) AS pd_w FROM retail_account_month WHERE reporting_month = '2026-08' GROUP BY product ORDER BY pd_w DESC""]",[],"{""intent"": {""query_mode"": ""DATA_ANALYSIS"", ""owner"": ""COCKPIT"", ""understood_request"": ""What is the EAD-weighted average 12-month point-in-time PD for each retail product in the latest month?"", ""response_language"": ""en"", ""blocking_ambiguities"": [], ""resolved_assumptions"": [], ""canonical_mappings"": [], ""excluded_parts"": [], ""public_rationale"": ""scripted dry run""}, ""objective"": ""What is the EAD-weighted average 12-month point-in-time PD for each retail product in the latest month?"", ""subquestions"": [""What is the EAD-weighted average 12-month point-in-time PD for each retail product in the latest month?""], ""scope"": {""reporting_months"": [""2026-08""], ""filters"": {}}, ""metadata_receipt_ids"": [], ""fields_required"": [], ""expected_output_grain"": ""as queried"", ""expected_units"": {}, ""steps"": [{""step_id"": ""s1"", ""language"": ""sql"", ""code"": ""SELECT product, SUM(pd_pit_12m*ead_sar_mn)/NULLIF(SUM(ead_sar_mn),0) AS pd_w FROM retail_account_month WHERE reporting_month = '2026-08' GROUP BY product ORDER BY pd_w DESC"", ""parameters"": {}, ""purpose"": ""What is the EAD-weighted average 12-month point-in-time PD for each retail product in the latest month?"", ""input_artifact_ids"": [], ""depends_on_step_ids"": []}], ""repair_of_submission_id"": """"}",passed,,,,,edffbc5ee608c8bd0cdcf05faf55647a
A-R23,core,sub-91c3f6352f0d,1,1,ok,,"[""SELECT sub_product, SUM(ecl_sar_mn) AS ecl FROM retail_account_month WHERE reporting_month = '2026-08' AND product = 'Credit Card' GROUP BY sub_product ORDER BY ecl DESC""]",[],"{""intent"": {""query_mode"": ""DATA_ANALYSIS"", ""owner"": ""COCKPIT"", ""understood_request"": ""Show Credit Card ECL by sub-product for the latest month."", ""response_language"": ""en"", ""blocking_ambiguities"": [], ""resolved_assumptions"": [], ""canonical_mappings"": [], ""excluded_parts"": [], ""public_rationale"": ""scripted dry run""}, ""objective"": ""Show Credit Card ECL by sub-product for the latest month."", ""subquestions"": [""Show Credit Card ECL by sub-product for the latest month.""], ""scope"": {""reporting_months"": [""2026-08""], ""filters"": {}}, ""metadata_receipt_ids"": [], ""fields_required"": [], ""expected_output_grain"": ""as queried"", ""expected_units"": {}, ""steps"": [{""step_id"": ""s1"", ""language"": ""sql"", ""code"": ""SELECT sub_product, SUM(ecl_sar_mn) AS ecl FROM retail_account_month WHERE reporting_month = '2026-08' AND product = 'Credit Card' GROUP BY sub_product ORDER BY ecl DESC"", ""parameters"": {}, ""purpose"": ""Show Credit Card ECL by sub-product for the latest month."", ""input_artifact_ids"": [], ""depends_on_step_ids"": []}], ""repair_of_submission_id"": """"}",passed,,,,,14cd1780ea62a8ba20f8a758114305d7
A-R24,core,sub-f1b24bccbfa8,1,1,ok,,"[""SELECT product, SUM(ecl_sar_mn)/NULLIF(SUM(ead_sar_mn),0) AS coverage FROM retail_account_month WHERE reporting_month = '2026-08' GROUP BY product ORDER BY coverage ASC LIMIT 2""]",[],"{""intent"": {""query_mode"": ""DATA_ANALYSIS"", ""owner"": ""COCKPIT"", ""understood_request"": ""Which two retail products have the lowest ECL coverage ratio, ECL divided by EAD, in the latest month?"", ""response_language"": ""en"", ""blocking_ambiguities"": [], ""resolved_assumptions"": [], ""canonical_mappings"": [], ""excluded_parts"": [], ""public_rationale"": ""scripted dry run""}, ""objective"": ""Which two retail products have the lowest ECL coverage ratio, ECL divided by EAD, in the latest month?"", ""subquestions"": [""Which two retail products have the lowest ECL coverage ratio, ECL divided by EAD, in the latest month?""], ""scope"": {""reporting_months"": [""2026-08""], ""filters"": {}}, ""metadata_receipt_ids"": [], ""fields_required"": [], ""expected_output_grain"": ""as queried"", ""expected_units"": {}, ""steps"": [{""step_id"": ""s1"", ""language"": ""sql"", ""code"": ""SELECT product, SUM(ecl_sar_mn)/NULLIF(SUM(ead_sar_mn),0) AS coverage FROM retail_account_month WHERE reporting_month = '2026-08' GROUP BY product ORDER BY coverage ASC LIMIT 2"", ""parameters"": {}, ""purpose"": ""Which two retail products have the lowest ECL coverage ratio, ECL divided by EAD, in the latest month?"", ""input_artifact_ids"": [], ""depends_on_step_ids"": []}], ""repair_of_submission_id"": """"}",passed,,,,,6c18a4a2ee6f1945142a89d31d8349e7
A-R25,core,sub-4842af04ce2f,1,1,ok,,"[""SELECT SUM(CASE WHEN stage=1 THEN ead_sar_mn ELSE 0 END) AS ead_s1, SUM(CASE WHEN stage=2 THEN ead_sar_mn ELSE 0 END) AS ead_s2, SUM(CASE WHEN stage=3 THEN ead_sar_mn ELSE 0 END) AS ead_s3, SUM(ead_sar_mn) AS ead FROM retail_account_month WHERE reporting_month = '2026-08'""]",[],"{""intent"": {""query_mode"": ""DATA_ANALYSIS"", ""owner"": ""COCKPIT"", ""understood_request"": ""Do Stage 1, Stage 2 and Stage 3 EAD add up to total retail EAD in the latest month? Show the reconciliation."", ""response_language"": ""en"", ""blocking_ambiguities"": [], ""resolved_assumptions"": [], ""canonical_mappings"": [], ""excluded_parts"": [], ""public_rationale"": ""scripted dry run""}, ""objective"": ""Do Stage 1, Stage 2 and Stage 3 EAD add up to total retail EAD in the latest month? Show the reconciliation."", ""subquestions"": [""Do Stage 1, Stage 2 and Stage 3 EAD add up to total retail EAD in the latest month? Show the reconciliation.""], ""scope"": {""reporting_months"": [""2026-08""], ""filters"": {}}, ""metadata_receipt_ids"": [], ""fields_required"": [], ""expected_output_grain"": ""as queried"", ""expected_units"": {}, ""steps"": [{""step_id"": ""s1"", ""language"": ""sql"", ""code"": ""SELECT SUM(CASE WHEN stage=1 THEN ead_sar_mn ELSE 0 END) AS ead_s1, SUM(CASE WHEN stage=2 THEN ead_sar_mn ELSE 0 END) AS ead_s2, SUM(CASE WHEN stage=3 THEN ead_sar_mn ELSE 0 END) AS ead_s3, SUM(ead_sar_mn) AS ead FROM retail_account_month WHERE reporting_month = '2026-08'"", ""parameters"": {}, ""purpose"": ""Do Stage 1, Stage 2 and Stage 3 EAD add up to total retail EAD in the latest month? Show the reconciliation."", ""input_artifact_ids"": [], ""depends_on_step_ids"": []}], ""repair_of_submission_id"": """"}",passed,,,,,c23476669d42e7738fd1196b4830b9ae
B-C01-1,core,sub-36d19ced4de2,1,1,ok,,"[""SELECT SUM(ead_sar_mn) AS ead FROM corp_facility_quarter WHERE reporting_quarter = '2026Q2'""]",[],"{""intent"": {""query_mode"": ""DATA_ANALYSIS"", ""owner"": ""COCKPIT"", ""understood_request"": ""whats the total corporate ead right now"", ""response_language"": ""en"", ""blocking_ambiguities"": [], ""resolved_assumptions"": [], ""canonical_mappings"": [], ""excluded_parts"": [], ""public_rationale"": ""scripted dry run""}, ""objective"": ""whats the total corporate ead right now"", ""subquestions"": [""whats the total corporate ead right now""], ""scope"": {""reporting_months"": [""2026Q2""], ""filters"": {}}, ""metadata_receipt_ids"": [], ""fields_required"": [], ""expected_output_grain"": ""as queried"", ""expected_units"": {}, ""steps"": [{""step_id"": ""s1"", ""language"": ""sql"", ""code"": ""SELECT SUM(ead_sar_mn) AS ead FROM corp_facility_quarter WHERE reporting_quarter = '2026Q2'"", ""parameters"": {}, ""purpose"": ""whats the total corporate ead right now"", ""input_artifact_ids"": [], ""depends_on_step_ids"": []}], ""repair_of_submission_id"": """"}",passed,,,,,da7199febc5df3044289f8733c513424
B-C01-2,core,sub-be577bad8e02,1,1,ok,,"[""SELECT SUM(ead_sar_mn) AS ead FROM corp_facility_quarter WHERE reporting_quarter = '2026Q2'""]",[],"{""intent"": {""query_mode"": ""DATA_ANALYSIS"", ""owner"": ""COCKPIT"", ""understood_request"": ""Give me a board-ready figure for total exposure at default across the corporate book at the most recent quarter-end."", ""response_language"": ""en"", ""blocking_ambiguities"": [], ""resolved_assumptions"": [], ""canonical_mappings"": [], ""excluded_parts"": [], ""public_rationale"": ""scripted dry run""}, ""objective"": ""Give me a board-ready figure for total exposure at default across the corporate book at the most recent quarter-end."", ""subquestions"": [""Give me a board-ready figure for total exposure at default across the corporate book at the most recent quarter-end.""], ""scope"": {""reporting_months"": [""2026Q2""], ""filters"": {}}, ""metadata_receipt_ids"": [], ""fields_required"": [], ""expected_output_grain"": ""as queried"", ""expected_units"": {}, ""steps"": [{""step_id"": ""s1"", ""language"": ""sql"", ""code"": ""SELECT SUM(ead_sar_mn) AS ead FROM corp_facility_quarter WHERE reporting_quarter = '2026Q2'"", ""parameters"": {}, ""purpose"": ""Give me a board-ready figure for total exposure at default across the corporate book at the most recent quarter-end."", ""input_artifact_ids"": [], ""depends_on_step_ids"": []}], ""repair_of_submission_id"": """"}",passed,,,,,da7199febc5df3044289f8733c513424
B-C02-1,core,sub-8a23f382946d,1,1,ok,,"[""SELECT SUM(CASE WHEN stage=2 THEN ead_sar_mn ELSE 0 END) AS ead_s2 FROM corp_facility_quarter WHERE reporting_quarter = '2026Q2'""]",[],"{""intent"": {""query_mode"": ""DATA_ANALYSIS"", ""owner"": ""COCKPIT"", ""understood_request"": ""s2 ead total latest qtr pls"", ""response_language"": ""en"", ""blocking_ambiguities"": [], ""resolved_assumptions"": [], ""canonical_mappings"": [], ""excluded_parts"": [], ""public_rationale"": ""scripted dry run""}, ""objective"": ""s2 ead total latest qtr pls"", ""subquestions"": [""s2 ead total latest qtr pls""], ""scope"": {""reporting_months"": [""2026Q2""], ""filters"": {}}, ""metadata_receipt_ids"": [], ""fields_required"": [], ""expected_output_grain"": ""as queried"", ""expected_units"": {}, ""steps"": [{""step_id"": ""s1"", ""language"": ""sql"", ""code"": ""SELECT SUM(CASE WHEN stage=2 THEN ead_sar_mn ELSE 0 END) AS ead_s2 FROM corp_facility_quarter WHERE reporting_quarter = '2026Q2'"", ""parameters"": {}, ""purpose"": ""s2 ead total latest qtr pls"", ""input_artifact_ids"": [], ""depends_on_step_ids"": []}], ""repair_of_submission_id"": """"}",passed,,,,,75273f5ae773e9a4751384ff43e39509
B-C02-2,core,sub-bd47838210e3,1,1,ok,,"[""SELECT SUM(CASE WHEN stage=2 THEN ead_sar_mn ELSE 0 END) AS ead_s2 FROM corp_facility_quarter WHERE reporting_quarter = '2026Q2'""]",[],"{""intent"": {""query_mode"": ""DATA_ANALYSIS"", ""owner"": ""COCKPIT"", ""understood_request"": ""Don't explain first. Give me the Stage 2 exposure-at-default total for the most recent quarter, then one line of context."", ""response_language"": ""en"", ""blocking_ambiguities"": [], ""resolved_assumptions"": [], ""canonical_mappings"": [], ""excluded_parts"": [], ""public_rationale"": ""scripted dry run""}, ""objective"": ""Don't explain first. Give me the Stage 2 exposure-at-default total for the most recent quarter, then one line of context."", ""subquestions"": [""Don't explain first. Give me the Stage 2 exposure-at-default total for the most recent quarter, then one line of context.""], ""scope"": {""reporting_months"": [""2026Q2""], ""filters"": {}}, ""metadata_receipt_ids"": [], ""fields_required"": [], ""expected_output_grain"": ""as queried"", ""expected_units"": {}, ""steps"": [{""step_id"": ""s1"", ""language"": ""sql"", ""code"": ""SELECT SUM(CASE WHEN stage=2 THEN ead_sar_mn ELSE 0 END) AS ead_s2 FROM corp_facility_quarter WHERE reporting_quarter = '2026Q2'"", ""parameters"": {}, ""purpose"": ""Don't explain first. Give me the Stage 2 exposure-at-default total for the most recent quarter, then one line of context."", ""input_artifact_ids"": [], ""depends_on_step_ids"": []}], ""repair_of_submission_id"": """"}",passed,,,,,75273f5ae773e9a4751384ff43e39509
B-C03-1,core,sub-1892777296fb,1,1,ok,,"[""SELECT sector, SUM(CASE WHEN stage=2 THEN ead_sar_mn ELSE 0 END) AS ead_s2 FROM corp_facility_quarter WHERE reporting_quarter = '2026Q2' GROUP BY sector ORDER BY ead_s2 DESC""]",[],"{""intent"": {""query_mode"": ""DATA_ANALYSIS"", ""owner"": ""COCKPIT"", ""understood_request"": ""Where is Stage 2 sitting across sectors right now?"", ""response_language"": ""en"", ""blocking_ambiguities"": [], ""resolved_assumptions"": [], ""canonical_mappings"": [], ""excluded_parts"": [], ""public_rationale"": ""scripted dry run""}, ""objective"": ""Where is Stage 2 sitting across sectors right now?"", ""subquestions"": [""Where is Stage 2 sitting across sectors right now?""], ""scope"": {""reporting_months"": [""2026Q2""], ""filters"": {}}, ""metadata_receipt_ids"": [], ""fields_required"": [], ""expected_output_grain"": ""as queried"", ""expected_units"": {}, ""steps"": [{""step_id"": ""s1"", ""language"": ""sql"", ""code"": ""SELECT sector, SUM(CASE WHEN stage=2 THEN ead_sar_mn ELSE 0 END) AS ead_s2 FROM corp_facility_quarter WHERE reporting_quarter = '2026Q2' GROUP BY sector ORDER BY ead_s2 DESC"", ""parameters"": {}, ""purpose"": ""Where is Stage 2 sitting across sectors right now?"", ""input_artifact_ids"": [], ""depends_on_step_ids"": []}], ""repair_of_submission_id"": """"}",passed,,,,,141b2c5ad33a6eddd4f25c006a5294ed
B-C03-2,core,sub-df4f9dc91e82,1,1,ok,,"[""SELECT sector, SUM(CASE WHEN stage=2 THEN ead_sar_mn ELSE 0 END) AS ead_s2 FROM corp_facility_quarter WHERE reporting_quarter = '2026Q2' GROUP BY sector ORDER BY ead_s2 DESC""]",[],"{""intent"": {""query_mode"": ""DATA_ANALYSIS"", ""owner"": ""COCKPIT"", ""understood_request"": ""s2 ead by sector latest qtr pls"", ""response_language"": ""en"", ""blocking_ambiguities"": [], ""resolved_assumptions"": [], ""canonical_mappings"": [], ""excluded_parts"": [], ""public_rationale"": ""scripted dry run""}, ""objective"": ""s2 ead by sector latest qtr pls"", ""subquestions"": [""s2 ead by sector latest qtr pls""], ""scope"": {""reporting_months"": [""2026Q2""], ""filters"": {}}, ""metadata_receipt_ids"": [], ""fields_required"": [], ""expected_output_grain"": ""as queried"", ""expected_units"": {}, ""steps"": [{""step_id"": ""s1"", ""language"": ""sql"", ""code"": ""SELECT sector, SUM(CASE WHEN stage=2 THEN ead_sar_mn ELSE 0 END) AS ead_s2 FROM corp_facility_quarter WHERE reporting_quarter = '2026Q2' GROUP BY sector ORDER BY ead_s2 DESC"", ""parameters"": {}, ""purpose"": ""s2 ead by sector latest qtr pls"", ""input_artifact_ids"": [], ""depends_on_step_ids"": []}], ""repair_of_submission_id"": """"}",passed,,,,,141b2c5ad33a6eddd4f25c006a5294ed
B-C04-1,core,sub-baeac01c1e44,1,1,ok,,"[""SELECT sector, SUM(ecl_sar_mn) AS ecl FROM corp_facility_quarter WHERE reporting_quarter = '2026Q2' GROUP BY sector ORDER BY ecl DESC LIMIT 5""]",[],"{""intent"": {""query_mode"": ""DATA_ANALYSIS"", ""owner"": ""COCKPIT"", ""understood_request"": ""Top 5 sectors by expected credit loss, most recent quarter?"", ""response_language"": ""en"", ""blocking_ambiguities"": [], ""resolved_assumptions"": [], ""canonical_mappings"": [], ""excluded_parts"": [], ""public_rationale"": ""scripted dry run""}, ""objective"": ""Top 5 sectors by expected credit loss, most recent quarter?"", ""subquestions"": [""Top 5 sectors by expected credit loss, most recent quarter?""], ""scope"": {""reporting_months"": [""2026Q2""], ""filters"": {}}, ""metadata_receipt_ids"": [], ""fields_required"": [], ""expected_output_grain"": ""as queried"", ""expected_units"": {}, ""steps"": [{""step_id"": ""s1"", ""language"": ""sql"", ""code"": ""SELECT sector, SUM(ecl_sar_mn) AS ecl FROM corp_facility_quarter WHERE reporting_quarter = '2026Q2' GROUP BY sector ORDER BY ecl DESC LIMIT 5"", ""parameters"": {}, ""purpose"": ""Top 5 sectors by expected credit loss, most recent quarter?"", ""input_artifact_ids"": [], ""depends_on_step_ids"": []}], ""repair_of_submission_id"": """"}",passed,,,,,ec33ba1ee4328172e6337fcfda7c2336
B-C04-2,core,sub-73e200aae90e,1,1,ok,,"[""SELECT sector, SUM(ecl_sar_mn) AS ecl FROM corp_facility_quarter WHERE reporting_quarter = '2026Q2' GROUP BY sector ORDER BY ecl DESC LIMIT 5""]",[],"{""intent"": {""query_mode"": ""DATA_ANALYSIS"", ""owner"": ""COCKPIT"", ""understood_request"": ""Give me a board-ready view of the five sectors carrying the most ECL this quarter."", ""response_language"": ""en"", ""blocking_ambiguities"": [], ""resolved_assumptions"": [], ""canonical_mappings"": [], ""excluded_parts"": [], ""public_rationale"": ""scripted dry run""}, ""objective"": ""Give me a board-ready view of the five sectors carrying the most ECL this quarter."", ""subquestions"": [""Give me a board-ready view of the five sectors carrying the most ECL this quarter.""], ""scope"": {""reporting_months"": [""2026Q2""], ""filters"": {}}, ""metadata_receipt_ids"": [], ""fields_required"": [], ""expected_output_grain"": ""as queried"", ""expected_units"": {}, ""steps"": [{""step_id"": ""s1"", ""language"": ""sql"", ""code"": ""SELECT sector, SUM(ecl_sar_mn) AS ecl FROM corp_facility_quarter WHERE reporting_quarter = '2026Q2' GROUP BY sector ORDER BY ecl DESC LIMIT 5"", ""parameters"": {}, ""purpose"": ""Give me a board-ready view of the five sectors carrying the most ECL this quarter."", ""input_artifact_ids"": [], ""depends_on_step_ids"": []}], ""repair_of_submission_id"": """"}",passed,,,,,ec33ba1ee4328172e6337fcfda7c2336
B-C05-1,core,sub-2d90eb7e1778,1,1,ok,,"[""SELECT SUM(ecl_sar_mn)/NULLIF(SUM(ead_sar_mn),0) AS coverage FROM corp_facility_quarter WHERE reporting_quarter = '2026Q2'""]",[],"{""intent"": {""query_mode"": ""DATA_ANALYSIS"", ""owner"": ""COCKPIT"", ""understood_request"": ""How well covered is the corporate book? ECL over EAD, latest quarter."", ""response_language"": ""en"", ""blocking_ambiguities"": [], ""resolved_assumptions"": [], ""canonical_mappings"": [], ""excluded_parts"": [], ""public_rationale"": ""scripted dry run""}, ""objective"": ""How well covered is the corporate book? ECL over EAD, latest quarter."", ""subquestions"": [""How well covered is the corporate book? ECL over EAD, latest quarter.""], ""scope"": {""reporting_months"": [""2026Q2""], ""filters"": {}}, ""metadata_receipt_ids"": [], ""fields_required"": [], ""expected_output_grain"": ""as queried"", ""expected_units"": {}, ""steps"": [{""step_id"": ""s1"", ""language"": ""sql"", ""code"": ""SELECT SUM(ecl_sar_mn)/NULLIF(SUM(ead_sar_mn),0) AS coverage FROM corp_facility_quarter WHERE reporting_quarter = '2026Q2'"", ""parameters"": {}, ""purpose"": ""How well covered is the corporate book? ECL over EAD, latest quarter."", ""input_artifact_ids"": [], ""depends_on_step_ids"": []}], ""repair_of_submission_id"": """"}",passed,,,,,0fc843332e1d66422ccdb53ff959bd09
B-C05-2,core,sub-002f83cac2e3,1,1,ok,,"[""SELECT SUM(ecl_sar_mn)/NULLIF(SUM(ead_sar_mn),0) AS coverage FROM corp_facility_quarter WHERE reporting_quarter = '2026Q2'""]",[],"{""intent"": {""query_mode"": ""DATA_ANALYSIS"", ""owner"": ""COCKPIT"", ""understood_request"": ""coverage ratio ecl/ead whole corp book latest qtr"", ""response_language"": ""en"", ""blocking_ambiguities"": [], ""resolved_assumptions"": [], ""canonical_mappings"": [], ""excluded_parts"": [], ""public_rationale"": ""scripted dry run""}, ""objective"": ""coverage ratio ecl/ead whole corp book latest qtr"", ""subquestions"": [""coverage ratio ecl/ead whole corp book latest qtr""], ""scope"": {""reporting_months"": [""2026Q2""], ""filters"": {}}, ""metadata_receipt_ids"": [], ""fields_required"": [], ""expected_output_grain"": ""as queried"", ""expected_units"": {}, ""steps"": [{""step_id"": ""s1"", ""language"": ""sql"", ""code"": ""SELECT SUM(ecl_sar_mn)/NULLIF(SUM(ead_sar_mn),0) AS coverage FROM corp_facility_quarter WHERE reporting_quarter = '2026Q2'"", ""parameters"": {}, ""purpose"": ""coverage ratio ecl/ead whole corp book latest qtr"", ""input_artifact_ids"": [], ""depends_on_step_ids"": []}], ""repair_of_submission_id"": """"}",passed,,,,,0fc843332e1d66422ccdb53ff959bd09
B-C06-1,core,sub-fce72e85db59,1,1,ok,,"[""SELECT SUM(CASE WHEN stage=2 THEN ead_sar_mn ELSE 0 END)/NULLIF(SUM(ead_sar_mn),0) AS s2_share FROM corp_facility_quarter WHERE reporting_quarter = '2026Q2'""]",[],"{""intent"": {""query_mode"": ""DATA_ANALYSIS"", ""owner"": ""COCKPIT"", ""understood_request"": ""What proportion of corporate exposure at default is Stage 2 at the latest quarter-end?"", ""response_language"": ""en"", ""blocking_ambiguities"": [], ""resolved_assumptions"": [], ""canonical_mappings"": [], ""excluded_parts"": [], ""public_rationale"": ""scripted dry run""}, ""objective"": ""What proportion of corporate exposure at default is Stage 2 at the latest quarter-end?"", ""subquestions"": [""What proportion of corporate exposure at default is Stage 2 at the latest quarter-end?""], ""scope"": {""reporting_months"": [""2026Q2""], ""filters"": {}}, ""metadata_receipt_ids"": [], ""fields_required"": [], ""expected_output_grain"": ""as queried"", ""expected_units"": {}, ""steps"": [{""step_id"": ""s1"", ""language"": ""sql"", ""code"": ""SELECT SUM(CASE WHEN stage=2 THEN ead_sar_mn ELSE 0 END)/NULLIF(SUM(ead_sar_mn),0) AS s2_share FROM corp_facility_quarter WHERE reporting_quarter = '2026Q2'"", ""parameters"": {}, ""purpose"": ""What proportion of corporate exposure at default is Stage 2 at the latest quarter-end?"", ""input_artifact_ids"": [], ""depends_on_step_ids"": []}], ""repair_of_submission_id"": """"}",passed,,,,,554ef868d5a32fd04e70b59a06da531f
B-C06-2,core,sub-43e12e988c49,1,1,ok,,"[""SELECT SUM(CASE WHEN stage=2 THEN ead_sar_mn ELSE 0 END)/NULLIF(SUM(ead_sar_mn),0) AS s2_share FROM corp_facility_quarter WHERE reporting_quarter = '2026Q2'""]",[],"{""intent"": {""query_mode"": ""DATA_ANALYSIS"", ""owner"": ""COCKPIT"", ""understood_request"": ""stage 2 % of ead latest q"", ""response_language"": ""en"", ""blocking_ambiguities"": [], ""resolved_assumptions"": [], ""canonical_mappings"": [], ""excluded_parts"": [], ""public_rationale"": ""scripted dry run""}, ""objective"": ""stage 2 % of ead latest q"", ""subquestions"": [""stage 2 % of ead latest q""], ""scope"": {""reporting_months"": [""2026Q2""], ""filters"": {}}, ""metadata_receipt_ids"": [], ""fields_required"": [], ""expected_output_grain"": ""as queried"", ""expected_units"": {}, ""steps"": [{""step_id"": ""s1"", ""language"": ""sql"", ""code"": ""SELECT SUM(CASE WHEN stage=2 THEN ead_sar_mn ELSE 0 END)/NULLIF(SUM(ead_sar_mn),0) AS s2_share FROM corp_facility_quarter WHERE reporting_quarter = '2026Q2'"", ""parameters"": {}, ""purpose"": ""stage 2 % of ead latest q"", ""input_artifact_ids"": [], ""depends_on_step_ids"": []}], ""repair_of_submission_id"": """"}",passed,,,,,554ef868d5a32fd04e70b59a06da531f
B-C07-1,core,sub-f4bb5b16e08a,1,1,ok,,"[""WITH a AS (SELECT SUM(CASE WHEN stage=2 THEN ead_sar_mn ELSE 0 END) AS ead_s2 FROM corp_facility_quarter WHERE reporting_quarter = '2026Q2'), b AS (SELECT SUM(CASE WHEN stage=2 THEN ead_sar_mn ELSE 0 END) AS ead_s2 FROM corp_facility_quarter WHERE reporting_quarter = '2026Q1') SELECT a.ead_s2 AS ead_s2_latest, b.ead_s2 AS ead_s2_base, a.ead_s2 - b.ead_s2 AS ead_s2_abs_change, (a.ead_s2 - b.ead_s2) / NULLIF(b.ead_s2, 0) AS ead_s2_pct_change FROM a LEFT JOIN b ON TRUE""]",[],"{""intent"": {""query_mode"": ""DATA_ANALYSIS"", ""owner"": ""COCKPIT"", ""understood_request"": ""Did Stage 2 EAD go up or down versus last quarter, and by how much?"", ""response_language"": ""en"", ""blocking_ambiguities"": [], ""resolved_assumptions"": [], ""canonical_mappings"": [], ""excluded_parts"": [], ""public_rationale"": ""scripted dry run""}, ""objective"": ""Did Stage 2 EAD go up or down versus last quarter, and by how much?"", ""subquestions"": [""Did Stage 2 EAD go up or down versus last quarter, and by how much?""], ""scope"": {""reporting_months"": [""2026Q2""], ""filters"": {}}, ""metadata_receipt_ids"": [], ""fields_required"": [], ""expected_output_grain"": ""as queried"", ""expected_units"": {}, ""steps"": [{""step_id"": ""s1"", ""language"": ""sql"", ""code"": ""WITH a AS (SELECT SUM(CASE WHEN stage=2 THEN ead_sar_mn ELSE 0 END) AS ead_s2 FROM corp_facility_quarter WHERE reporting_quarter = '2026Q2'), b AS (SELECT SUM(CASE WHEN stage=2 THEN ead_sar_mn ELSE 0 END) AS ead_s2 FROM corp_facility_quarter WHERE reporting_quarter = '2026Q1') SELECT a.ead_s2 AS ead_s2_latest, b.ead_s2 AS ead_s2_base, a.ead_s2 - b.ead_s2 AS ead_s2_abs_change, (a.ead_s2 - b.ead_s2) / NULLIF(b.ead_s2, 0) AS ead_s2_pct_change FROM a LEFT JOIN b ON TRUE"", ""parameters"": {}, ""purpose"": ""Did Stage 2 EAD go up or down versus last quarter, and by how much?"", ""input_artifact_ids"": [], ""depends_on_step_ids"": []}], ""repair_of_submission_id"": """"}",passed,,,,,b5ee3ac9bbe154a8ce1b9b7319dcaed8
B-C07-2,core,sub-2c291027d48d,1,1,ok,,"[""WITH a AS (SELECT SUM(CASE WHEN stage=2 THEN ead_sar_mn ELSE 0 END) AS ead_s2 FROM corp_facility_quarter WHERE reporting_quarter = '2026Q2'), b AS (SELECT SUM(CASE WHEN stage=2 THEN ead_sar_mn ELSE 0 END) AS ead_s2 FROM corp_facility_quarter WHERE reporting_quarter = '2026Q1') SELECT a.ead_s2 AS ead_s2_latest, b.ead_s2 AS ead_s2_base, a.ead_s2 - b.ead_s2 AS ead_s2_abs_change, (a.ead_s2 - b.ead_s2) / NULLIF(b.ead_s2, 0) AS ead_s2_pct_change FROM a LEFT JOIN b ON TRUE""]",[],"{""intent"": {""query_mode"": ""DATA_ANALYSIS"", ""owner"": ""COCKPIT"", ""understood_request"": ""Don't give me a table. Just tell me the quarter-on-quarter movement in total Stage 2 exposure at default."", ""response_language"": ""en"", ""blocking_ambiguities"": [], ""resolved_assumptions"": [], ""canonical_mappings"": [], ""excluded_parts"": [], ""public_rationale"": ""scripted dry run""}, ""objective"": ""Don't give me a table. Just tell me the quarter-on-quarter movement in total Stage 2 exposure at default."", ""subquestions"": [""Don't give me a table. Just tell me the quarter-on-quarter movement in total Stage 2 exposure at default.""], ""scope"": {""reporting_months"": [""2026Q2""], ""filters"": {}}, ""metadata_receipt_ids"": [], ""fields_required"": [], ""expected_output_grain"": ""as queried"", ""expected_units"": {}, ""steps"": [{""step_id"": ""s1"", ""language"": ""sql"", ""code"": ""WITH a AS (SELECT SUM(CASE WHEN stage=2 THEN ead_sar_mn ELSE 0 END) AS ead_s2 FROM corp_facility_quarter WHERE reporting_quarter = '2026Q2'), b AS (SELECT SUM(CASE WHEN stage=2 THEN ead_sar_mn ELSE 0 END) AS ead_s2 FROM corp_facility_quarter WHERE reporting_quarter = '2026Q1') SELECT a.ead_s2 AS ead_s2_latest, b.ead_s2 AS ead_s2_base, a.ead_s2 - b.ead_s2 AS ead_s2_abs_change, (a.ead_s2 - b.ead_s2) / NULLIF(b.ead_s2, 0) AS ead_s2_pct_change FROM a LEFT JOIN b ON TRUE"", ""parameters"": {}, ""purpose"": ""Don't give me a table. Just tell me the quarter-on-quarter movement in total Stage 2 exposure at default."", ""input_artifact_ids"": [], ""depends_on_step_ids"": []}], ""repair_of_submission_id"": """"}",passed,,,,,b5ee3ac9bbe154a8ce1b9b7319dcaed8
B-C08-1,core,sub-273f7848905b,1,1,ok,,"[""WITH a AS (SELECT sector, SUM(ead_sar_mn) AS ead FROM corp_facility_quarter WHERE reporting_quarter = '2026Q2' GROUP BY sector), b AS (SELECT sector, SUM(ead_sar_mn) AS ead FROM corp_facility_quarter WHERE reporting_quarter = '2026Q1' GROUP BY sector) SELECT a.sector, a.ead AS ead_latest, b.ead AS ead_base, a.ead - b.ead AS ead_abs_change, (a.ead - b.ead) / NULLIF(b.ead, 0) AS ead_pct_change FROM a LEFT JOIN b USING (sector)""]",[],"{""intent"": {""query_mode"": ""DATA_ANALYSIS"", ""owner"": ""COCKPIT"", ""understood_request"": ""For every sector, how much did EAD move since the previous quarter?"", ""response_language"": ""en"", ""blocking_ambiguities"": [], ""resolved_assumptions"": [], ""canonical_mappings"": [], ""excluded_parts"": [], ""public_rationale"": ""scripted dry run""}, ""objective"": ""For every sector, how much did EAD move since the previous quarter?"", ""subquestions"": [""For every sector, how much did EAD move since the previous quarter?""], ""scope"": {""reporting_months"": [""2026Q2""], ""filters"": {}}, ""metadata_receipt_ids"": [], ""fields_required"": [], ""expected_output_grain"": ""as queried"", ""expected_units"": {}, ""steps"": [{""step_id"": ""s1"", ""language"": ""sql"", ""code"": ""WITH a AS (SELECT sector, SUM(ead_sar_mn) AS ead FROM corp_facility_quarter WHERE reporting_quarter = '2026Q2' GROUP BY sector), b AS (SELECT sector, SUM(ead_sar_mn) AS ead FROM corp_facility_quarter WHERE reporting_quarter = '2026Q1' GROUP BY sector) SELECT a.sector, a.ead AS ead_latest, b.ead AS ead_base, a.ead - b.ead AS ead_abs_change, (a.ead - b.ead) / NULLIF(b.ead, 0) AS ead_pct_change FROM a LEFT JOIN b USING (sector)"", ""parameters"": {}, ""purpose"": ""For every sector, how much did EAD move since the previous quarter?"", ""input_artifact_ids"": [], ""depends_on_step_ids"": []}], ""repair_of_submission_id"": """"}",passed,,,,,4726abb825d9aaf165d27eb8b8dd1c0b
B-C08-2,core,sub-a6a057ee4c21,1,1,ok,,"[""WITH a AS (SELECT sector, SUM(ead_sar_mn) AS ead FROM corp_facility_quarter WHERE reporting_quarter = '2026Q2' GROUP BY sector), b AS (SELECT sector, SUM(ead_sar_mn) AS ead FROM corp_facility_quarter WHERE reporting_quarter = '2026Q1' GROUP BY sector) SELECT a.sector, a.ead AS ead_latest, b.ead AS ead_base, a.ead - b.ead AS ead_abs_change, (a.ead - b.ead) / NULLIF(b.ead, 0) AS ead_pct_change FROM a LEFT JOIN b USING (sector)""]",[],"{""intent"": {""query_mode"": ""DATA_ANALYSIS"", ""owner"": ""COCKPIT"", ""understood_request"": ""Give me a board-ready table of quarter-on-quarter EAD movement by sector."", ""response_language"": ""en"", ""blocking_ambiguities"": [], ""resolved_assumptions"": [], ""canonical_mappings"": [], ""excluded_parts"": [], ""public_rationale"": ""scripted dry run""}, ""objective"": ""Give me a board-ready table of quarter-on-quarter EAD movement by sector."", ""subquestions"": [""Give me a board-ready table of quarter-on-quarter EAD movement by sector.""], ""scope"": {""reporting_months"": [""2026Q2""], ""filters"": {}}, ""metadata_receipt_ids"": [], ""fields_required"": [], ""expected_output_grain"": ""as queried"", ""expected_units"": {}, ""steps"": [{""step_id"": ""s1"", ""language"": ""sql"", ""code"": ""WITH a AS (SELECT sector, SUM(ead_sar_mn) AS ead FROM corp_facility_quarter WHERE reporting_quarter = '2026Q2' GROUP BY sector), b AS (SELECT sector, SUM(ead_sar_mn) AS ead FROM corp_facility_quarter WHERE reporting_quarter = '2026Q1' GROUP BY sector) SELECT a.sector, a.ead AS ead_latest, b.ead AS ead_base, a.ead - b.ead AS ead_abs_change, (a.ead - b.ead) / NULLIF(b.ead, 0) AS ead_pct_change FROM a LEFT JOIN b USING (sector)"", ""parameters"": {}, ""purpose"": ""Give me a board-ready table of quarter-on-quarter EAD movement by sector."", ""input_artifact_ids"": [], ""depends_on_step_ids"": []}], ""repair_of_submission_id"": """"}",passed,,,,,4726abb825d9aaf165d27eb8b8dd1c0b
B-C09-1,core,sub-838d78605aa0,1,1,ok,,"[""SELECT borrower_name, SUM(ead_sar_mn) AS ead FROM corp_facility_quarter WHERE reporting_quarter='2026Q2' GROUP BY borrower_id, borrower_name ORDER BY ead DESC LIMIT 10""]",[],"{""intent"": {""query_mode"": ""DATA_ANALYSIS"", ""owner"": ""COCKPIT"", ""understood_request"": ""top 10 borrowers by ead this qtr"", ""response_language"": ""en"", ""blocking_ambiguities"": [], ""resolved_assumptions"": [], ""canonical_mappings"": [], ""excluded_parts"": [], ""public_rationale"": ""scripted dry run""}, ""objective"": ""top 10 borrowers by ead this qtr"", ""subquestions"": [""top 10 borrowers by ead this qtr""], ""scope"": {""reporting_months"": [""2026Q2""], ""filters"": {}}, ""metadata_receipt_ids"": [], ""fields_required"": [], ""expected_output_grain"": ""as queried"", ""expected_units"": {}, ""steps"": [{""step_id"": ""s1"", ""language"": ""sql"", ""code"": ""SELECT borrower_name, SUM(ead_sar_mn) AS ead FROM corp_facility_quarter WHERE reporting_quarter='2026Q2' GROUP BY borrower_id, borrower_name ORDER BY ead DESC LIMIT 10"", ""parameters"": {}, ""purpose"": ""top 10 borrowers by ead this qtr"", ""input_artifact_ids"": [], ""depends_on_step_ids"": []}], ""repair_of_submission_id"": """"}",passed,,,,,b6bf23d974f54b0867047ef5d4eeccac
B-C09-2,core,sub-4b2887bb791a,1,1,ok,,"[""SELECT borrower_name, SUM(ead_sar_mn) AS ead FROM corp_facility_quarter WHERE reporting_quarter='2026Q2' GROUP BY borrower_id, borrower_name ORDER BY ead DESC LIMIT 10""]",[],"{""intent"": {""query_mode"": ""DATA_ANALYSIS"", ""owner"": ""COCKPIT"", ""understood_request"": ""Which ten obligors carry the most exposure at default at the latest quarter-end?"", ""response_language"": ""en"", ""blocking_ambiguities"": [], ""resolved_assumptions"": [], ""canonical_mappings"": [], ""excluded_parts"": [], ""public_rationale"": ""scripted dry run""}, ""objective"": ""Which ten obligors carry the most exposure at default at the latest quarter-end?"", ""subquestions"": [""Which ten obligors carry the most exposure at default at the latest quarter-end?""], ""scope"": {""reporting_months"": [""2026Q2""], ""filters"": {}}, ""metadata_receipt_ids"": [], ""fields_required"": [], ""expected_output_grain"": ""as queried"", ""expected_units"": {}, ""steps"": [{""step_id"": ""s1"", ""language"": ""sql"", ""code"": ""SELECT borrower_name, SUM(ead_sar_mn) AS ead FROM corp_facility_quarter WHERE reporting_quarter='2026Q2' GROUP BY borrower_id, borrower_name ORDER BY ead DESC LIMIT 10"", ""parameters"": {}, ""purpose"": ""Which ten obligors carry the most exposure at default at the latest quarter-end?"", ""input_artifact_ids"": [], ""depends_on_step_ids"": []}], ""repair_of_submission_id"": """"}",passed,,,,,b6bf23d974f54b0867047ef5d4eeccac
B-C10-1,core,sub-2ce8021b2371,1,1,ok,,"[""SELECT sector, SUM(CASE WHEN stage=2 THEN ead_sar_mn ELSE 0 END)/NULLIF(SUM(ead_sar_mn),0) AS s2_share FROM corp_facility_quarter WHERE reporting_quarter = '2026Q2' GROUP BY sector ORDER BY s2_share DESC""]",[],"{""intent"": {""query_mode"": ""DATA_ANALYSIS"", ""owner"": ""COCKPIT"", ""understood_request"": ""Which sectors have the highest proportion of their own EAD in Stage 2? Order them all, latest quarter."", ""response_language"": ""en"", ""blocking_ambiguities"": [], ""resolved_assumptions"": [], ""canonical_mappings"": [], ""excluded_parts"": [], ""public_rationale"": ""scripted dry run""}, ""objective"": ""Which sectors have the highest proportion of their own EAD in Stage 2? Order them all, latest quarter."", ""subquestions"": [""Which sectors have the highest proportion of their own EAD in Stage 2? Order them all, latest quarter.""], ""scope"": {""reporting_months"": [""2026Q2""], ""filters"": {}}, ""metadata_receipt_ids"": [], ""fields_required"": [], ""expected_output_grain"": ""as queried"", ""expected_units"": {}, ""steps"": [{""step_id"": ""s1"", ""language"": ""sql"", ""code"": ""SELECT sector, SUM(CASE WHEN stage=2 THEN ead_sar_mn ELSE 0 END)/NULLIF(SUM(ead_sar_mn),0) AS s2_share FROM corp_facility_quarter WHERE reporting_quarter = '2026Q2' GROUP BY sector ORDER BY s2_share DESC"", ""parameters"": {}, ""purpose"": ""Which sectors have the highest proportion of their own EAD in Stage 2? Order them all, latest quarter."", ""input_artifact_ids"": [], ""depends_on_step_ids"": []}], ""repair_of_submission_id"": """"}",passed,,,,,ac1580661a5c991f4fe719797d9d3f91
B-C10-2,core,sub-47eb7ef781cf,1,1,ok,,"[""SELECT sector, SUM(CASE WHEN stage=2 THEN ead_sar_mn ELSE 0 END)/NULLIF(SUM(ead_sar_mn),0) AS s2_share FROM corp_facility_quarter WHERE reporting_quarter = '2026Q2' GROUP BY sector ORDER BY s2_share DESC""]",[],"{""intent"": {""query_mode"": ""DATA_ANALYSIS"", ""owner"": ""COCKPIT"", ""understood_request"": ""rank sectors s2 share of own ead latest q"", ""response_language"": ""en"", ""blocking_ambiguities"": [], ""resolved_assumptions"": [], ""canonical_mappings"": [], ""excluded_parts"": [], ""public_rationale"": ""scripted dry run""}, ""objective"": ""rank sectors s2 share of own ead latest q"", ""subquestions"": [""rank sectors s2 share of own ead latest q""], ""scope"": {""reporting_months"": [""2026Q2""], ""filters"": {}}, ""metadata_receipt_ids"": [], ""fields_required"": [], ""expected_output_grain"": ""as queried"", ""expected_units"": {}, ""steps"": [{""step_id"": ""s1"", ""language"": ""sql"", ""code"": ""SELECT sector, SUM(CASE WHEN stage=2 THEN ead_sar_mn ELSE 0 END)/NULLIF(SUM(ead_sar_mn),0) AS s2_share FROM corp_facility_quarter WHERE reporting_quarter = '2026Q2' GROUP BY sector ORDER BY s2_share DESC"", ""parameters"": {}, ""purpose"": ""rank sectors s2 share of own ead latest q"", ""input_artifact_ids"": [], ""depends_on_step_ids"": []}], ""repair_of_submission_id"": """"}",passed,,,,,ac1580661a5c991f4fe719797d9d3f91
B-C11-1,core,sub-5619b2a470dd,1,1,ok,,"[""WITH c AS (WITH a AS (SELECT sector, SUM(ead_sar_mn) AS ead FROM corp_facility_quarter WHERE reporting_quarter = '2026Q2' GROUP BY sector), b AS (SELECT sector, SUM(ead_sar_mn) AS ead FROM corp_facility_quarter WHERE reporting_quarter = '2026Q1' GROUP BY sector) SELECT a.sector, a.ead AS ead_latest, b.ead AS ead_base, a.ead - b.ead AS ead_abs_change, (a.ead - b.ead) / NULLIF(b.ead, 0) AS ead_pct_change FROM a LEFT JOIN b USING (sector)) SELECT * FROM c ORDER BY ead_latest DESC NULLS LAST LIMIT 5""]",[],"{""intent"": {""query_mode"": ""DATA_ANALYSIS"", ""owner"": ""COCKPIT"", ""understood_request"": ""Compare the five biggest sectors by EAD this quarter against last quarter, with the absolute and % movement."", ""response_language"": ""en"", ""blocking_ambiguities"": [], ""resolved_assumptions"": [], ""canonical_mappings"": [], ""excluded_parts"": [], ""public_rationale"": ""scripted dry run""}, ""objective"": ""Compare the five biggest sectors by EAD this quarter against last quarter, with the absolute and % movement."", ""subquestions"": [""Compare the five biggest sectors by EAD this quarter against last quarter, with the absolute and % movement.""], ""scope"": {""reporting_months"": [""2026Q2""], ""filters"": {}}, ""metadata_receipt_ids"": [], ""fields_required"": [], ""expected_output_grain"": ""as queried"", ""expected_units"": {}, ""steps"": [{""step_id"": ""s1"", ""language"": ""sql"", ""code"": ""WITH c AS (WITH a AS (SELECT sector, SUM(ead_sar_mn) AS ead FROM corp_facility_quarter WHERE reporting_quarter = '2026Q2' GROUP BY sector), b AS (SELECT sector, SUM(ead_sar_mn) AS ead FROM corp_facility_quarter WHERE reporting_quarter = '2026Q1' GROUP BY sector) SELECT a.sector, a.ead AS ead_latest, b.ead AS ead_base, a.ead - b.ead AS ead_abs_change, (a.ead - b.ead) / NULLIF(b.ead, 0) AS ead_pct_change FROM a LEFT JOIN b USING (sector)) SELECT * FROM c ORDER BY ead_latest DESC NULLS LAST LIMIT 5"", ""parameters"": {}, ""purpose"": ""Compare the five biggest sectors by EAD this quarter against last quarter, with the absolute and % movement."", ""input_artifact_ids"": [], ""depends_on_step_ids"": []}], ""repair_of_submission_id"": """"}",passed,,,,,da376ef46f45c8e56c65bbcb9798ab5e
B-C11-2,core,sub-4b5dba889d8d,1,1,ok,,"[""WITH c AS (WITH a AS (SELECT sector, SUM(ead_sar_mn) AS ead FROM corp_facility_quarter WHERE reporting_quarter = '2026Q2' GROUP BY sector), b AS (SELECT sector, SUM(ead_sar_mn) AS ead FROM corp_facility_quarter WHERE reporting_quarter = '2026Q1' GROUP BY sector) SELECT a.sector, a.ead AS ead_latest, b.ead AS ead_base, a.ead - b.ead AS ead_abs_change, (a.ead - b.ead) / NULLIF(b.ead, 0) AS ead_pct_change FROM a LEFT JOIN b USING (sector)) SELECT * FROM c ORDER BY ead_latest DESC NULLS LAST LIMIT 5""]",[],"{""intent"": {""query_mode"": ""DATA_ANALYSIS"", ""owner"": ""COCKPIT"", ""understood_request"": ""Rank the top five sectors by EAD, then for each show the change from the previous quarter in SAR and in percent. Summary afterwards."", ""response_language"": ""en"", ""blocking_ambiguities"": [], ""resolved_assumptions"": [], ""canonical_mappings"": [], ""excluded_parts"": [], ""public_rationale"": ""scripted dry run""}, ""objective"": ""Rank the top five sectors by EAD, then for each show the change from the previous quarter in SAR and in percent. Summary afterwards."", ""subquestions"": [""Rank the top five sectors by EAD, then for each show the change from the previous quarter in SAR and in percent. Summary afterwards.""], ""scope"": {""reporting_months"": [""2026Q2""], ""filters"": {}}, ""metadata_receipt_ids"": [], ""fields_required"": [], ""expected_output_grain"": ""as queried"", ""expected_units"": {}, ""steps"": [{""step_id"": ""s1"", ""language"": ""sql"", ""code"": ""WITH c AS (WITH a AS (SELECT sector, SUM(ead_sar_mn) AS ead FROM corp_facility_quarter WHERE reporting_quarter = '2026Q2' GROUP BY sector), b AS (SELECT sector, SUM(ead_sar_mn) AS ead FROM corp_facility_quarter WHERE reporting_quarter = '2026Q1' GROUP BY sector) SELECT a.sector, a.ead AS ead_latest, b.ead AS ead_base, a.ead - b.ead AS ead_abs_change, (a.ead - b.ead) / NULLIF(b.ead, 0) AS ead_pct_change FROM a LEFT JOIN b USING (sector)) SELECT * FROM c ORDER BY ead_latest DESC NULLS LAST LIMIT 5"", ""parameters"": {}, ""purpose"": ""Rank the top five sectors by EAD, then for each show the change from the previous quarter in SAR and in percent. Summary afterwards."", ""input_artifact_ids"": [], ""depends_on_step_ids"": []}], ""repair_of_submission_id"": """"}",passed,,,,,da376ef46f45c8e56c65bbcb9798ab5e
B-C12-1,core,sub-e70f0a18586e,1,1,ok,,"[""SELECT sector, SUM(ead_sar_mn) AS ead, SUM(CASE WHEN stage=2 THEN ead_sar_mn ELSE 0 END) AS ead_s2, SUM(CASE WHEN stage=3 THEN ead_sar_mn ELSE 0 END) AS ead_s3, SUM(ecl_sar_mn) AS ecl, SUM(ecl_sar_mn)/NULLIF(SUM(ead_sar_mn),0) AS coverage FROM corp_facility_quarter WHERE reporting_quarter = '2026Q2' GROUP BY sector ORDER BY ead DESC""]",[],"{""intent"": {""query_mode"": ""DATA_ANALYSIS"", ""owner"": ""COCKPIT"", ""understood_request"": ""Build me one driver table by sector for the latest quarter: EAD, Stage 2 EAD, Stage 3 EAD, ECL and coverage."", ""response_language"": ""en"", ""blocking_ambiguities"": [], ""resolved_assumptions"": [], ""canonical_mappings"": [], ""excluded_parts"": [], ""public_rationale"": ""scripted dry run""}, ""objective"": ""Build me one driver table by sector for the latest quarter: EAD, Stage 2 EAD, Stage 3 EAD, ECL and coverage."", ""subquestions"": [""Build me one driver table by sector for the latest quarter: EAD, Stage 2 EAD, Stage 3 EAD, ECL and coverage.""], ""scope"": {""reporting_months"": [""2026Q2""], ""filters"": {}}, ""metadata_receipt_ids"": [], ""fields_required"": [], ""expected_output_grain"": ""as queried"", ""expected_units"": {}, ""steps"": [{""step_id"": ""s1"", ""language"": ""sql"", ""code"": ""SELECT sector, SUM(ead_sar_mn) AS ead, SUM(CASE WHEN stage=2 THEN ead_sar_mn ELSE 0 END) AS ead_s2, SUM(CASE WHEN stage=3 THEN ead_sar_mn ELSE 0 END) AS ead_s3, SUM(ecl_sar_mn) AS ecl, SUM(ecl_sar_mn)/NULLIF(SUM(ead_sar_mn),0) AS coverage FROM corp_facility_quarter WHERE reporting_quarter = '2026Q2' GROUP BY sector ORDER BY ead DESC"", ""parameters"": {}, ""purpose"": ""Build me one driver table by sector for the latest quarter: EAD, Stage 2 EAD, Stage 3 EAD, ECL and coverage."", ""input_artifact_ids"": [], ""depends_on_step_ids"": []}], ""repair_of_submission_id"": """"}",passed,,,,,8057fd98ea4de883e102a4cfc2918e0a
B-C12-2,core,sub-6ac010a31879,1,1,ok,,"[""SELECT sector, SUM(ead_sar_mn) AS ead, SUM(CASE WHEN stage=2 THEN ead_sar_mn ELSE 0 END) AS ead_s2, SUM(CASE WHEN stage=3 THEN ead_sar_mn ELSE 0 END) AS ead_s3, SUM(ecl_sar_mn) AS ecl, SUM(ecl_sar_mn)/NULLIF(SUM(ead_sar_mn),0) AS coverage FROM corp_facility_quarter WHERE reporting_quarter = '2026Q2' GROUP BY sector ORDER BY ead DESC""]",[],"{""intent"": {""query_mode"": ""DATA_ANALYSIS"", ""owner"": ""COCKPIT"", ""understood_request"": ""sector table latest q: ead, s2 ead, s3 ead, ecl, ecl/ead"", ""response_language"": ""en"", ""blocking_ambiguities"": [], ""resolved_assumptions"": [], ""canonical_mappings"": [], ""excluded_parts"": [], ""public_rationale"": ""scripted dry run""}, ""objective"": ""sector table latest q: ead, s2 ead, s3 ead, ecl, ecl/ead"", ""subquestions"": [""sector table latest q: ead, s2 ead, s3 ead, ecl, ecl/ead""], ""scope"": {""reporting_months"": [""2026Q2""], ""filters"": {}}, ""metadata_receipt_ids"": [], ""fields_required"": [], ""expected_output_grain"": ""as queried"", ""expected_units"": {}, ""steps"": [{""step_id"": ""s1"", ""language"": ""sql"", ""code"": ""SELECT sector, SUM(ead_sar_mn) AS ead, SUM(CASE WHEN stage=2 THEN ead_sar_mn ELSE 0 END) AS ead_s2, SUM(CASE WHEN stage=3 THEN ead_sar_mn ELSE 0 END) AS ead_s3, SUM(ecl_sar_mn) AS ecl, SUM(ecl_sar_mn)/NULLIF(SUM(ead_sar_mn),0) AS coverage FROM corp_facility_quarter WHERE reporting_quarter = '2026Q2' GROUP BY sector ORDER BY ead DESC"", ""parameters"": {}, ""purpose"": ""sector table latest q: ead, s2 ead, s3 ead, ecl, ecl/ead"", ""input_artifact_ids"": [], ""depends_on_step_ids"": []}], ""repair_of_submission_id"": """"}",passed,,,,,8057fd98ea4de883e102a4cfc2918e0a
B-C13-1,core,sub-bf9206d5612e,1,1,ok,,"[""WITH c AS (WITH a AS (SELECT sector, SUM(CASE WHEN stage=2 THEN ead_sar_mn ELSE 0 END) AS ead_s2 FROM corp_facility_quarter WHERE reporting_quarter = '2026Q2' GROUP BY sector), b AS (SELECT sector, SUM(CASE WHEN stage=2 THEN ead_sar_mn ELSE 0 END) AS ead_s2 FROM corp_facility_quarter WHERE reporting_quarter = '2026Q1' GROUP BY sector) SELECT a.sector, a.ead_s2 AS ead_s2_latest, b.ead_s2 AS ead_s2_base, a.ead_s2 - b.ead_s2 AS ead_s2_abs_change, (a.ead_s2 - b.ead_s2) / NULLIF(b.ead_s2, 0) AS ead_s2_pct_change FROM a LEFT JOIN b USING (sector)) SELECT *, ead_s2_abs_change / SUM(ead_s2_abs_change) OVER () AS contribution_share, SUM(ead_s2_abs_change) OVER () AS total_abs_change FROM c ORDER BY ABS(ead_s2_abs_change) DESC""]",[],"{""intent"": {""query_mode"": ""DATA_ANALYSIS"", ""owner"": ""COCKPIT"", ""understood_request"": ""What drove the change in Stage 2 EAD this quarter? Show the five sectors with the biggest absolute movement and their share of the total change."", ""response_language"": ""en"", ""blocking_ambiguities"": [], ""resolved_assumptions"": [], ""canonical_mappings"": [], ""excluded_parts"": [], ""public_rationale"": ""scripted dry run""}, ""objective"": ""What drove the change in Stage 2 EAD this quarter? Show the five sectors with the biggest absolute movement and their share of the total change."", ""subquestions"": [""What drove the change in Stage 2 EAD this quarter? Show the five sectors with the biggest absolute movement and their share of the total change.""], ""scope"": {""reporting_months"": [""2026Q2""], ""filters"": {}}, ""metadata_receipt_ids"": [], ""fields_required"": [], ""expected_output_grain"": ""as queried"", ""expected_units"": {}, ""steps"": [{""step_id"": ""s1"", ""language"": ""sql"", ""code"": ""WITH c AS (WITH a AS (SELECT sector, SUM(CASE WHEN stage=2 THEN ead_sar_mn ELSE 0 END) AS ead_s2 FROM corp_facility_quarter WHERE reporting_quarter = '2026Q2' GROUP BY sector), b AS (SELECT sector, SUM(CASE WHEN stage=2 THEN ead_sar_mn ELSE 0 END) AS ead_s2 FROM corp_facility_quarter WHERE reporting_quarter = '2026Q1' GROUP BY sector) SELECT a.sector, a.ead_s2 AS ead_s2_latest, b.ead_s2 AS ead_s2_base, a.ead_s2 - b.ead_s2 AS ead_s2_abs_change, (a.ead_s2 - b.ead_s2) / NULLIF(b.ead_s2, 0) AS ead_s2_pct_change FROM a LEFT JOIN b USING (sector)) SELECT *, ead_s2_abs_change / SUM(ead_s2_abs_change) OVER () AS contribution_share, SUM(ead_s2_abs_change) OVER () AS total_abs_change FROM c ORDER BY ABS(ead_s2_abs_change) DESC"", ""parameters"": {}, ""purpose"": ""What drove the change in Stage 2 EAD this quarter? Show the five sectors with the biggest absolute movement and their share of the total change."", ""input_artifact_ids"": [], ""depends_on_step_ids"": []}], ""repair_of_submission_id"": """"}",passed,,,,,beb1a28d96748f001411d0db01df65cf
B-C13-2,core,sub-09175dfbc9f4,1,1,ok,,"[""WITH c AS (WITH a AS (SELECT sector, SUM(CASE WHEN stage=2 THEN ead_sar_mn ELSE 0 END) AS ead_s2 FROM corp_facility_quarter WHERE reporting_quarter = '2026Q2' GROUP BY sector), b AS (SELECT sector, SUM(CASE WHEN stage=2 THEN ead_sar_mn ELSE 0 END) AS ead_s2 FROM corp_facility_quarter WHERE reporting_quarter = '2026Q1' GROUP BY sector) SELECT a.sector, a.ead_s2 AS ead_s2_latest, b.ead_s2 AS ead_s2_base, a.ead_s2 - b.ead_s2 AS ead_s2_abs_change, (a.ead_s2 - b.ead_s2) / NULLIF(b.ead_s2, 0) AS ead_s2_pct_change FROM a LEFT JOIN b USING (sector)) SELECT *, ead_s2_abs_change / SUM(ead_s2_abs_change) OVER () AS contribution_share, SUM(ead_s2_abs_change) OVER () AS total_abs_change FROM c ORDER BY ABS(ead_s2_abs_change) DESC""]",[],"{""intent"": {""query_mode"": ""DATA_ANALYSIS"", ""owner"": ""COCKPIT"", ""understood_request"": ""Give me a board-ready attribution of the quarter-on-quarter Stage 2 EAD change to its top five sector contributors."", ""response_language"": ""en"", ""blocking_ambiguities"": [], ""resolved_assumptions"": [], ""canonical_mappings"": [], ""excluded_parts"": [], ""public_rationale"": ""scripted dry run""}, ""objective"": ""Give me a board-ready attribution of the quarter-on-quarter Stage 2 EAD change to its top five sector contributors."", ""subquestions"": [""Give me a board-ready attribution of the quarter-on-quarter Stage 2 EAD change to its top five sector contributors.""], ""scope"": {""reporting_months"": [""2026Q2""], ""filters"": {}}, ""metadata_receipt_ids"": [], ""fields_required"": [], ""expected_output_grain"": ""as queried"", ""expected_units"": {}, ""steps"": [{""step_id"": ""s1"", ""language"": ""sql"", ""code"": ""WITH c AS (WITH a AS (SELECT sector, SUM(CASE WHEN stage=2 THEN ead_sar_mn ELSE 0 END) AS ead_s2 FROM corp_facility_quarter WHERE reporting_quarter = '2026Q2' GROUP BY sector), b AS (SELECT sector, SUM(CASE WHEN stage=2 THEN ead_sar_mn ELSE 0 END) AS ead_s2 FROM corp_facility_quarter WHERE reporting_quarter = '2026Q1' GROUP BY sector) SELECT a.sector, a.ead_s2 AS ead_s2_latest, b.ead_s2 AS ead_s2_base, a.ead_s2 - b.ead_s2 AS ead_s2_abs_change, (a.ead_s2 - b.ead_s2) / NULLIF(b.ead_s2, 0) AS ead_s2_pct_change FROM a LEFT JOIN b USING (sector)) SELECT *, ead_s2_abs_change / SUM(ead_s2_abs_change) OVER () AS contribution_share, SUM(ead_s2_abs_change) OVER () AS total_abs_change FROM c ORDER BY ABS(ead_s2_abs_change) DESC"", ""parameters"": {}, ""purpose"": ""Give me a board-ready attribution of the quarter-on-quarter Stage 2 EAD change to its top five sector contributors."", ""input_artifact_ids"": [], ""depends_on_step_ids"": []}], ""repair_of_submission_id"": """"}",passed,,,,,beb1a28d96748f001411d0db01df65cf
B-R01-1,core,sub-7f5a33e92706,1,1,ok,,"[""SELECT SUM(ead_sar_mn) AS ead FROM retail_account_month WHERE reporting_month = '2026-08'""]",[],"{""intent"": {""query_mode"": ""DATA_ANALYSIS"", ""owner"": ""COCKPIT"", ""understood_request"": ""retail ead total latest month"", ""response_language"": ""en"", ""blocking_ambiguities"": [], ""resolved_assumptions"": [], ""canonical_mappings"": [], ""excluded_parts"": [], ""public_rationale"": ""scripted dry run""}, ""objective"": ""retail ead total latest month"", ""subquestions"": [""retail ead total latest month""], ""scope"": {""reporting_months"": [""2026-08""], ""filters"": {}}, ""metadata_receipt_ids"": [], ""fields_required"": [], ""expected_output_grain"": ""as queried"", ""expected_units"": {}, ""steps"": [{""step_id"": ""s1"", ""language"": ""sql"", ""code"": ""SELECT SUM(ead_sar_mn) AS ead FROM retail_account_month WHERE reporting_month = '2026-08'"", ""parameters"": {}, ""purpose"": ""retail ead total latest month"", ""input_artifact_ids"": [], ""depends_on_step_ids"": []}], ""repair_of_submission_id"": """"}",passed,,,,,78c01fd45b9b53292027a74b4b738e23
B-R01-2,core,sub-c0914808f517,1,1,ok,,"[""SELECT SUM(ead_sar_mn) AS ead FROM retail_account_month WHERE reporting_month = '2026-08'""]",[],"{""intent"": {""query_mode"": ""DATA_ANALYSIS"", ""owner"": ""COCKPIT"", ""understood_request"": ""What is the total exposure at default of the retail book at the most recent month-end?"", ""response_language"": ""en"", ""blocking_ambiguities"": [], ""resolved_assumptions"": [], ""canonical_mappings"": [], ""excluded_parts"": [], ""public_rationale"": ""scripted dry run""}, ""objective"": ""What is the total exposure at default of the retail book at the most recent month-end?"", ""subquestions"": [""What is the total exposure at default of the retail book at the most recent month-end?""], ""scope"": {""reporting_months"": [""2026-08""], ""filters"": {}}, ""metadata_receipt_ids"": [], ""fields_required"": [], ""expected_output_grain"": ""as queried"", ""expected_units"": {}, ""steps"": [{""step_id"": ""s1"", ""language"": ""sql"", ""code"": ""SELECT SUM(ead_sar_mn) AS ead FROM retail_account_month WHERE reporting_month = '2026-08'"", ""parameters"": {}, ""purpose"": ""What is the total exposure at default of the retail book at the most recent month-end?"", ""input_artifact_ids"": [], ""depends_on_step_ids"": []}], ""repair_of_submission_id"": """"}",passed,,,,,78c01fd45b9b53292027a74b4b738e23
B-R02-1,core,sub-3f051ee92a96,1,1,ok,,"[""SELECT SUM(ecl_sar_mn) AS ecl FROM retail_account_month WHERE reporting_month = '2026-08'""]",[],"{""intent"": {""query_mode"": ""DATA_ANALYSIS"", ""owner"": ""COCKPIT"", ""understood_request"": ""How much ECL are we carrying in retail right now?"", ""response_language"": ""en"", ""blocking_ambiguities"": [], ""resolved_assumptions"": [], ""canonical_mappings"": [], ""excluded_parts"": [], ""public_rationale"": ""scripted dry run""}, ""objective"": ""How much ECL are we carrying in retail right now?"", ""subquestions"": [""How much ECL are we carrying in retail right now?""], ""scope"": {""reporting_months"": [""2026-08""], ""filters"": {}}, ""metadata_receipt_ids"": [], ""fields_required"": [], ""expected_output_grain"": ""as queried"", ""expected_units"": {}, ""steps"": [{""step_id"": ""s1"", ""language"": ""sql"", ""code"": ""SELECT SUM(ecl_sar_mn) AS ecl FROM retail_account_month WHERE reporting_month = '2026-08'"", ""parameters"": {}, ""purpose"": ""How much ECL are we carrying in retail right now?"", ""input_artifact_ids"": [], ""depends_on_step_ids"": []}], ""repair_of_submission_id"": """"}",passed,,,,,442d18cb751da1774cfec342d751d619
B-R02-2,core,sub-d32dd39e3602,1,1,ok,,"[""SELECT SUM(ecl_sar_mn) AS ecl FROM retail_account_month WHERE reporting_month = '2026-08'""]",[],"{""intent"": {""query_mode"": ""DATA_ANALYSIS"", ""owner"": ""COCKPIT"", ""understood_request"": ""total retail ecl latest mth"", ""response_language"": ""en"", ""blocking_ambiguities"": [], ""resolved_assumptions"": [], ""canonical_mappings"": [], ""excluded_parts"": [], ""public_rationale"": ""scripted dry run""}, ""objective"": ""total retail ecl latest mth"", ""subquestions"": [""total retail ecl latest mth""], ""scope"": {""reporting_months"": [""2026-08""], ""filters"": {}}, ""metadata_receipt_ids"": [], ""fields_required"": [], ""expected_output_grain"": ""as queried"", ""expected_units"": {}, ""steps"": [{""step_id"": ""s1"", ""language"": ""sql"", ""code"": ""SELECT SUM(ecl_sar_mn) AS ecl FROM retail_account_month WHERE reporting_month = '2026-08'"", ""parameters"": {}, ""purpose"": ""total retail ecl latest mth"", ""input_artifact_ids"": [], ""depends_on_step_ids"": []}], ""repair_of_submission_id"": """"}",passed,,,,,442d18cb751da1774cfec342d751d619
B-R03-1,core,sub-2d8000f066bc,1,1,ok,,"[""SELECT product, SUM(ead_sar_mn) AS ead FROM retail_account_month WHERE reporting_month = '2026-08' GROUP BY product ORDER BY ead DESC""]",[],"{""intent"": {""query_mode"": ""DATA_ANALYSIS"", ""owner"": ""COCKPIT"", ""understood_request"": ""Break down retail exposure at default by product for the most recent month."", ""response_language"": ""en"", ""blocking_ambiguities"": [], ""resolved_assumptions"": [], ""canonical_mappings"": [], ""excluded_parts"": [], ""public_rationale"": ""scripted dry run""}, ""objective"": ""Break down retail exposure at default by product for the most recent month."", ""subquestions"": [""Break down retail exposure at default by product for the most recent month.""], ""scope"": {""reporting_months"": [""2026-08""], ""filters"": {}}, ""metadata_receipt_ids"": [], ""fields_required"": [], ""expected_output_grain"": ""as queried"", ""expected_units"": {}, ""steps"": [{""step_id"": ""s1"", ""language"": ""sql"", ""code"": ""SELECT product, SUM(ead_sar_mn) AS ead FROM retail_account_month WHERE reporting_month = '2026-08' GROUP BY product ORDER BY ead DESC"", ""parameters"": {}, ""purpose"": ""Break down retail exposure at default by product for the most recent month."", ""input_artifact_ids"": [], ""depends_on_step_ids"": []}], ""repair_of_submission_id"": """"}",passed,,,,,f581ef21bd08374511c3de508f0a6b92
B-R03-2,core,sub-ea49da48fceb,1,1,ok,,"[""SELECT product, SUM(ead_sar_mn) AS ead FROM retail_account_month WHERE reporting_month = '2026-08' GROUP BY product ORDER BY ead DESC""]",[],"{""intent"": {""query_mode"": ""DATA_ANALYSIS"", ""owner"": ""COCKPIT"", ""understood_request"": ""Give me a board-ready view of how retail EAD splits across products this month."", ""response_language"": ""en"", ""blocking_ambiguities"": [], ""resolved_assumptions"": [], ""canonical_mappings"": [], ""excluded_parts"": [], ""public_rationale"": ""scripted dry run""}, ""objective"": ""Give me a board-ready view of how retail EAD splits across products this month."", ""subquestions"": [""Give me a board-ready view of how retail EAD splits across products this month.""], ""scope"": {""reporting_months"": [""2026-08""], ""filters"": {}}, ""metadata_receipt_ids"": [], ""fields_required"": [], ""expected_output_grain"": ""as queried"", ""expected_units"": {}, ""steps"": [{""step_id"": ""s1"", ""language"": ""sql"", ""code"": ""SELECT product, SUM(ead_sar_mn) AS ead FROM retail_account_month WHERE reporting_month = '2026-08' GROUP BY product ORDER BY ead DESC"", ""parameters"": {}, ""purpose"": ""Give me a board-ready view of how retail EAD splits across products this month."", ""input_artifact_ids"": [], ""depends_on_step_ids"": []}], ""repair_of_submission_id"": """"}",passed,,,,,f581ef21bd08374511c3de508f0a6b92
B-R04-1,core,sub-73e744a7f253,1,1,ok,,"[""SELECT product, SUM(CASE WHEN stage=2 THEN ead_sar_mn ELSE 0 END) AS ead_s2 FROM retail_account_month WHERE reporting_month = '2026-08' GROUP BY product ORDER BY ead_s2 DESC""]",[],"{""intent"": {""query_mode"": ""DATA_ANALYSIS"", ""owner"": ""COCKPIT"", ""understood_request"": ""s2 ead by product latest month"", ""response_language"": ""en"", ""blocking_ambiguities"": [], ""resolved_assumptions"": [], ""canonical_mappings"": [], ""excluded_parts"": [], ""public_rationale"": ""scripted dry run""}, ""objective"": ""s2 ead by product latest month"", ""subquestions"": [""s2 ead by product latest month""], ""scope"": {""reporting_months"": [""2026-08""], ""filters"": {}}, ""metadata_receipt_ids"": [], ""fields_required"": [], ""expected_output_grain"": ""as queried"", ""expected_units"": {}, ""steps"": [{""step_id"": ""s1"", ""language"": ""sql"", ""code"": ""SELECT product, SUM(CASE WHEN stage=2 THEN ead_sar_mn ELSE 0 END) AS ead_s2 FROM retail_account_month WHERE reporting_month = '2026-08' GROUP BY product ORDER BY ead_s2 DESC"", ""parameters"": {}, ""purpose"": ""s2 ead by product latest month"", ""input_artifact_ids"": [], ""depends_on_step_ids"": []}], ""repair_of_submission_id"": """"}",passed,,,,,4ab12f218900f455ddacad77921d4eb1
B-R04-2,core,sub-b92259408726,1,1,ok,,"[""SELECT product, SUM(CASE WHEN stage=2 THEN ead_sar_mn ELSE 0 END) AS ead_s2 FROM retail_account_month WHERE reporting_month = '2026-08' GROUP BY product ORDER BY ead_s2 DESC""]",[],"{""intent"": {""query_mode"": ""DATA_ANALYSIS"", ""owner"": ""COCKPIT"", ""understood_request"": ""Where is retail Stage 2 exposure concentrated by product at the latest month-end?"", ""response_language"": ""en"", ""blocking_ambiguities"": [], ""resolved_assumptions"": [], ""canonical_mappings"": [], ""excluded_parts"": [], ""public_rationale"": ""scripted dry run""}, ""objective"": ""Where is retail Stage 2 exposure concentrated by product at the latest month-end?"", ""subquestions"": [""Where is retail Stage 2 exposure concentrated by product at the latest month-end?""], ""scope"": {""reporting_months"": [""2026-08""], ""filters"": {}}, ""metadata_receipt_ids"": [], ""fields_required"": [], ""expected_output_grain"": ""as queried"", ""expected_units"": {}, ""steps"": [{""step_id"": ""s1"", ""language"": ""sql"", ""code"": ""SELECT product, SUM(CASE WHEN stage=2 THEN ead_sar_mn ELSE 0 END) AS ead_s2 FROM retail_account_month WHERE reporting_month = '2026-08' GROUP BY product ORDER BY ead_s2 DESC"", ""parameters"": {}, ""purpose"": ""Where is retail Stage 2 exposure concentrated by product at the latest month-end?"", ""input_artifact_ids"": [], ""depends_on_step_ids"": []}], ""repair_of_submission_id"": """"}",passed,,,,,4ab12f218900f455ddacad77921d4eb1
B-R05-1,core,sub-6b51d55910cd,1,1,ok,,"[""SELECT SUM(ecl_sar_mn)/NULLIF(SUM(ead_sar_mn),0) AS coverage FROM retail_account_month WHERE reporting_month = '2026-08'""]",[],"{""intent"": {""query_mode"": ""DATA_ANALYSIS"", ""owner"": ""COCKPIT"", ""understood_request"": ""How covered is retail? ECL divided by EAD for the latest month."", ""response_language"": ""en"", ""blocking_ambiguities"": [], ""resolved_assumptions"": [], ""canonical_mappings"": [], ""excluded_parts"": [], ""public_rationale"": ""scripted dry run""}, ""objective"": ""How covered is retail? ECL divided by EAD for the latest month."", ""subquestions"": [""How covered is retail? ECL divided by EAD for the latest month.""], ""scope"": {""reporting_months"": [""2026-08""], ""filters"": {}}, ""metadata_receipt_ids"": [], ""fields_required"": [], ""expected_output_grain"": ""as queried"", ""expected_units"": {}, ""steps"": [{""step_id"": ""s1"", ""language"": ""sql"", ""code"": ""SELECT SUM(ecl_sar_mn)/NULLIF(SUM(ead_sar_mn),0) AS coverage FROM retail_account_month WHERE reporting_month = '2026-08'"", ""parameters"": {}, ""purpose"": ""How covered is retail? ECL divided by EAD for the latest month."", ""input_artifact_ids"": [], ""depends_on_step_ids"": []}], ""repair_of_submission_id"": """"}",passed,,,,,61bc7a9e3f5f739a645c3b657230e7fb
B-R05-2,core,sub-4a5bb5c935be,1,1,ok,,"[""SELECT SUM(ecl_sar_mn)/NULLIF(SUM(ead_sar_mn),0) AS coverage FROM retail_account_month WHERE reporting_month = '2026-08'""]",[],"{""intent"": {""query_mode"": ""DATA_ANALYSIS"", ""owner"": ""COCKPIT"", ""understood_request"": ""retail coverage ecl/ead latest"", ""response_language"": ""en"", ""blocking_ambiguities"": [], ""resolved_assumptions"": [], ""canonical_mappings"": [], ""excluded_parts"": [], ""public_rationale"": ""scripted dry run""}, ""objective"": ""retail coverage ecl/ead latest"", ""subquestions"": [""retail coverage ecl/ead latest""], ""scope"": {""reporting_months"": [""2026-08""], ""filters"": {}}, ""metadata_receipt_ids"": [], ""fields_required"": [], ""expected_output_grain"": ""as queried"", ""expected_units"": {}, ""steps"": [{""step_id"": ""s1"", ""language"": ""sql"", ""code"": ""SELECT SUM(ecl_sar_mn)/NULLIF(SUM(ead_sar_mn),0) AS coverage FROM retail_account_month WHERE reporting_month = '2026-08'"", ""parameters"": {}, ""purpose"": ""retail coverage ecl/ead latest"", ""input_artifact_ids"": [], ""depends_on_step_ids"": []}], ""repair_of_submission_id"": """"}",passed,,,,,61bc7a9e3f5f739a645c3b657230e7fb
B-R06-1,core,sub-a83c72f26bfa,1,1,ok,,"[""SELECT product, SUM(CASE WHEN stage=2 THEN ead_sar_mn ELSE 0 END)/NULLIF(SUM(ead_sar_mn),0) AS s2_share FROM retail_account_month WHERE reporting_month = '2026-08' GROUP BY product ORDER BY s2_share DESC""]",[],"{""intent"": {""query_mode"": ""DATA_ANALYSIS"", ""owner"": ""COCKPIT"", ""understood_request"": ""For each retail product, what percentage of its EAD is Stage 2 this month?"", ""response_language"": ""en"", ""blocking_ambiguities"": [], ""resolved_assumptions"": [], ""canonical_mappings"": [], ""excluded_parts"": [], ""public_rationale"": ""scripted dry run""}, ""objective"": ""For each retail product, what percentage of its EAD is Stage 2 this month?"", ""subquestions"": [""For each retail product, what percentage of its EAD is Stage 2 this month?""], ""scope"": {""reporting_months"": [""2026-08""], ""filters"": {}}, ""metadata_receipt_ids"": [], ""fields_required"": [], ""expected_output_grain"": ""as queried"", ""expected_units"": {}, ""steps"": [{""step_id"": ""s1"", ""language"": ""sql"", ""code"": ""SELECT product, SUM(CASE WHEN stage=2 THEN ead_sar_mn ELSE 0 END)/NULLIF(SUM(ead_sar_mn),0) AS s2_share FROM retail_account_month WHERE reporting_month = '2026-08' GROUP BY product ORDER BY s2_share DESC"", ""parameters"": {}, ""purpose"": ""For each retail product, what percentage of its EAD is Stage 2 this month?"", ""input_artifact_ids"": [], ""depends_on_step_ids"": []}], ""repair_of_submission_id"": """"}",passed,,,,,6599fa5f2666dd490495279c10e9d8e7
B-R06-2,core,sub-5c3f3effaeb5,1,1,ok,,"[""SELECT product, SUM(CASE WHEN stage=2 THEN ead_sar_mn ELSE 0 END)/NULLIF(SUM(ead_sar_mn),0) AS s2_share FROM retail_account_month WHERE reporting_month = '2026-08' GROUP BY product ORDER BY s2_share DESC""]",[],"{""intent"": {""query_mode"": ""DATA_ANALYSIS"", ""owner"": ""COCKPIT"", ""understood_request"": ""stage 2 share by product latest month pls"", ""response_language"": ""en"", ""blocking_ambiguities"": [], ""resolved_assumptions"": [], ""canonical_mappings"": [], ""excluded_parts"": [], ""public_rationale"": ""scripted dry run""}, ""objective"": ""stage 2 share by product latest month pls"", ""subquestions"": [""stage 2 share by product latest month pls""], ""scope"": {""reporting_months"": [""2026-08""], ""filters"": {}}, ""metadata_receipt_ids"": [], ""fields_required"": [], ""expected_output_grain"": ""as queried"", ""expected_units"": {}, ""steps"": [{""step_id"": ""s1"", ""language"": ""sql"", ""code"": ""SELECT product, SUM(CASE WHEN stage=2 THEN ead_sar_mn ELSE 0 END)/NULLIF(SUM(ead_sar_mn),0) AS s2_share FROM retail_account_month WHERE reporting_month = '2026-08' GROUP BY product ORDER BY s2_share DESC"", ""parameters"": {}, ""purpose"": ""stage 2 share by product latest month pls"", ""input_artifact_ids"": [], ""depends_on_step_ids"": []}], ""repair_of_submission_id"": """"}",passed,,,,,6599fa5f2666dd490495279c10e9d8e7
B-R07-1,core,sub-9bb7b76c81ba,1,1,ok,,"[""WITH a AS (SELECT SUM(ecl_sar_mn) AS ecl FROM retail_account_month WHERE reporting_month = '2026-08'), b AS (SELECT SUM(ecl_sar_mn) AS ecl FROM retail_account_month WHERE reporting_month = '2026-07') SELECT a.ecl AS ecl_latest, b.ecl AS ecl_base, a.ecl - b.ecl AS ecl_abs_change, (a.ecl - b.ecl) / NULLIF(b.ecl, 0) AS ecl_pct_change FROM a LEFT JOIN b ON TRUE""]",[],"{""intent"": {""query_mode"": ""DATA_ANALYSIS"", ""owner"": ""COCKPIT"", ""understood_request"": ""Did retail ECL go up or down versus last month? Give the SAR and % change."", ""response_language"": ""en"", ""blocking_ambiguities"": [], ""resolved_assumptions"": [], ""canonical_mappings"": [], ""excluded_parts"": [], ""public_rationale"": ""scripted dry run""}, ""objective"": ""Did retail ECL go up or down versus last month? Give the SAR and % change."", ""subquestions"": [""Did retail ECL go up or down versus last month? Give the SAR and % change.""], ""scope"": {""reporting_months"": [""2026-08""], ""filters"": {}}, ""metadata_receipt_ids"": [], ""fields_required"": [], ""expected_output_grain"": ""as queried"", ""expected_units"": {}, ""steps"": [{""step_id"": ""s1"", ""language"": ""sql"", ""code"": ""WITH a AS (SELECT SUM(ecl_sar_mn) AS ecl FROM retail_account_month WHERE reporting_month = '2026-08'), b AS (SELECT SUM(ecl_sar_mn) AS ecl FROM retail_account_month WHERE reporting_month = '2026-07') SELECT a.ecl AS ecl_latest, b.ecl AS ecl_base, a.ecl - b.ecl AS ecl_abs_change, (a.ecl - b.ecl) / NULLIF(b.ecl, 0) AS ecl_pct_change FROM a LEFT JOIN b ON TRUE"", ""parameters"": {}, ""purpose"": ""Did retail ECL go up or down versus last month? Give the SAR and % change."", ""input_artifact_ids"": [], ""depends_on_step_ids"": []}], ""repair_of_submission_id"": """"}",passed,,,,,3372c3074ea891bdbe769af868067b02
B-R07-2,core,sub-71a07920c438,1,1,ok,,"[""WITH a AS (SELECT SUM(ecl_sar_mn) AS ecl FROM retail_account_month WHERE reporting_month = '2026-08'), b AS (SELECT SUM(ecl_sar_mn) AS ecl FROM retail_account_month WHERE reporting_month = '2026-07') SELECT a.ecl AS ecl_latest, b.ecl AS ecl_base, a.ecl - b.ecl AS ecl_abs_change, (a.ecl - b.ecl) / NULLIF(b.ecl, 0) AS ecl_pct_change FROM a LEFT JOIN b ON TRUE""]",[],"{""intent"": {""query_mode"": ""DATA_ANALYSIS"", ""owner"": ""COCKPIT"", ""understood_request"": ""Don't give me a narrative. Month-on-month change in total retail ECL, absolute and percent."", ""response_language"": ""en"", ""blocking_ambiguities"": [], ""resolved_assumptions"": [], ""canonical_mappings"": [], ""excluded_parts"": [], ""public_rationale"": ""scripted dry run""}, ""objective"": ""Don't give me a narrative. Month-on-month change in total retail ECL, absolute and percent."", ""subquestions"": [""Don't give me a narrative. Month-on-month change in total retail ECL, absolute and percent.""], ""scope"": {""reporting_months"": [""2026-08""], ""filters"": {}}, ""metadata_receipt_ids"": [], ""fields_required"": [], ""expected_output_grain"": ""as queried"", ""expected_units"": {}, ""steps"": [{""step_id"": ""s1"", ""language"": ""sql"", ""code"": ""WITH a AS (SELECT SUM(ecl_sar_mn) AS ecl FROM retail_account_month WHERE reporting_month = '2026-08'), b AS (SELECT SUM(ecl_sar_mn) AS ecl FROM retail_account_month WHERE reporting_month = '2026-07') SELECT a.ecl AS ecl_latest, b.ecl AS ecl_base, a.ecl - b.ecl AS ecl_abs_change, (a.ecl - b.ecl) / NULLIF(b.ecl, 0) AS ecl_pct_change FROM a LEFT JOIN b ON TRUE"", ""parameters"": {}, ""purpose"": ""Don't give me a narrative. Month-on-month change in total retail ECL, absolute and percent."", ""input_artifact_ids"": [], ""depends_on_step_ids"": []}], ""repair_of_submission_id"": """"}",passed,,,,,3372c3074ea891bdbe769af868067b02
B-R08-1,core,sub-8fc13a16cc01,1,1,ok,,"[""SELECT SUM(CASE WHEN dpd_days>=30 THEN ead_sar_mn ELSE 0 END) AS dpd30_ead FROM retail_account_month WHERE reporting_month = '2026-08'""]",[],"{""intent"": {""query_mode"": ""DATA_ANALYSIS"", ""owner"": ""COCKPIT"", ""understood_request"": ""How much retail exposure at default is 30+ days past due at the latest month-end?"", ""response_language"": ""en"", ""blocking_ambiguities"": [], ""resolved_assumptions"": [], ""canonical_mappings"": [], ""excluded_parts"": [], ""public_rationale"": ""scripted dry run""}, ""objective"": ""How much retail exposure at default is 30+ days past due at the latest month-end?"", ""subquestions"": [""How much retail exposure at default is 30+ days past due at the latest month-end?""], ""scope"": {""reporting_months"": [""2026-08""], ""filters"": {}}, ""metadata_receipt_ids"": [], ""fields_required"": [], ""expected_output_grain"": ""as queried"", ""expected_units"": {}, ""steps"": [{""step_id"": ""s1"", ""language"": ""sql"", ""code"": ""SELECT SUM(CASE WHEN dpd_days>=30 THEN ead_sar_mn ELSE 0 END) AS dpd30_ead FROM retail_account_month WHERE reporting_month = '2026-08'"", ""parameters"": {}, ""purpose"": ""How much retail exposure at default is 30+ days past due at the latest month-end?"", ""input_artifact_ids"": [], ""depends_on_step_ids"": []}], ""repair_of_submission_id"": """"}",passed,,,,,60e03454dc9ad1b3616988edeb09a42a
B-R08-2,core,sub-f607f27379b5,1,1,ok,,"[""SELECT SUM(CASE WHEN dpd_days>=30 THEN ead_sar_mn ELSE 0 END) AS dpd30_ead FROM retail_account_month WHERE reporting_month = '2026-08'""]",[],"{""intent"": {""query_mode"": ""DATA_ANALYSIS"", ""owner"": ""COCKPIT"", ""understood_request"": ""ead 30+ dpd retail latest mth"", ""response_language"": ""en"", ""blocking_ambiguities"": [], ""resolved_assumptions"": [], ""canonical_mappings"": [], ""excluded_parts"": [], ""public_rationale"": ""scripted dry run""}, ""objective"": ""ead 30+ dpd retail latest mth"", ""subquestions"": [""ead 30+ dpd retail latest mth""], ""scope"": {""reporting_months"": [""2026-08""], ""filters"": {}}, ""metadata_receipt_ids"": [], ""fields_required"": [], ""expected_output_grain"": ""as queried"", ""expected_units"": {}, ""steps"": [{""step_id"": ""s1"", ""language"": ""sql"", ""code"": ""SELECT SUM(CASE WHEN dpd_days>=30 THEN ead_sar_mn ELSE 0 END) AS dpd30_ead FROM retail_account_month WHERE reporting_month = '2026-08'"", ""parameters"": {}, ""purpose"": ""ead 30+ dpd retail latest mth"", ""input_artifact_ids"": [], ""depends_on_step_ids"": []}], ""repair_of_submission_id"": """"}",passed,,,,,60e03454dc9ad1b3616988edeb09a42a
B-R09-1,core,sub-b8d17eff86f3,1,1,ok,,"[""SELECT delinquency_bucket, SUM(ead_sar_mn) AS ead FROM retail_account_month WHERE reporting_month = '2026-08' GROUP BY delinquency_bucket ORDER BY ead DESC""]",[],"{""intent"": {""query_mode"": ""DATA_ANALYSIS"", ""owner"": ""COCKPIT"", ""understood_request"": ""Show me how retail EAD is distributed across delinquency buckets this month."", ""response_language"": ""en"", ""blocking_ambiguities"": [], ""resolved_assumptions"": [], ""canonical_mappings"": [], ""excluded_parts"": [], ""public_rationale"": ""scripted dry run""}, ""objective"": ""Show me how retail EAD is distributed across delinquency buckets this month."", ""subquestions"": [""Show me how retail EAD is distributed across delinquency buckets this month.""], ""scope"": {""reporting_months"": [""2026-08""], ""filters"": {}}, ""metadata_receipt_ids"": [], ""fields_required"": [], ""expected_output_grain"": ""as queried"", ""expected_units"": {}, ""steps"": [{""step_id"": ""s1"", ""language"": ""sql"", ""code"": ""SELECT delinquency_bucket, SUM(ead_sar_mn) AS ead FROM retail_account_month WHERE reporting_month = '2026-08' GROUP BY delinquency_bucket ORDER BY ead DESC"", ""parameters"": {}, ""purpose"": ""Show me how retail EAD is distributed across delinquency buckets this month."", ""input_artifact_ids"": [], ""depends_on_step_ids"": []}], ""repair_of_submission_id"": """"}",passed,,,,,a749f2687dc9a5d1dd53bd69b7510636
B-R09-2,core,sub-ace7c90b4ade,1,1,ok,,"[""SELECT delinquency_bucket, SUM(ead_sar_mn) AS ead FROM retail_account_month WHERE reporting_month = '2026-08' GROUP BY delinquency_bucket ORDER BY ead DESC""]",[],"{""intent"": {""query_mode"": ""DATA_ANALYSIS"", ""owner"": ""COCKPIT"", ""understood_request"": ""Give me a board-ready view of retail EAD by arrears bucket at the latest month-end."", ""response_language"": ""en"", ""blocking_ambiguities"": [], ""resolved_assumptions"": [], ""canonical_mappings"": [], ""excluded_parts"": [], ""public_rationale"": ""scripted dry run""}, ""objective"": ""Give me a board-ready view of retail EAD by arrears bucket at the latest month-end."", ""subquestions"": [""Give me a board-ready view of retail EAD by arrears bucket at the latest month-end.""], ""scope"": {""reporting_months"": [""2026-08""], ""filters"": {}}, ""metadata_receipt_ids"": [], ""fields_required"": [], ""expected_output_grain"": ""as queried"", ""expected_units"": {}, ""steps"": [{""step_id"": ""s1"", ""language"": ""sql"", ""code"": ""SELECT delinquency_bucket, SUM(ead_sar_mn) AS ead FROM retail_account_month WHERE reporting_month = '2026-08' GROUP BY delinquency_bucket ORDER BY ead DESC"", ""parameters"": {}, ""purpose"": ""Give me a board-ready view of retail EAD by arrears bucket at the latest month-end."", ""input_artifact_ids"": [], ""depends_on_step_ids"": []}], ""repair_of_submission_id"": """"}",passed,,,,,a749f2687dc9a5d1dd53bd69b7510636
B-R10-1,core,sub-cdb2fa0ed82a,1,1,ok,,"[""SELECT product, SUM(CASE WHEN stage=2 THEN ead_sar_mn ELSE 0 END)/NULLIF(SUM(ead_sar_mn),0) AS s2_share FROM retail_account_month WHERE reporting_month = '2026-08' GROUP BY product ORDER BY s2_share DESC""]",[],"{""intent"": {""query_mode"": ""DATA_ANALYSIS"", ""owner"": ""COCKPIT"", ""understood_request"": ""Which retail products have the highest share of their own EAD in Stage 2? Order all of them, latest month."", ""response_language"": ""en"", ""blocking_ambiguities"": [], ""resolved_assumptions"": [], ""canonical_mappings"": [], ""excluded_parts"": [], ""public_rationale"": ""scripted dry run""}, ""objective"": ""Which retail products have the highest share of their own EAD in Stage 2? Order all of them, latest month."", ""subquestions"": [""Which retail products have the highest share of their own EAD in Stage 2? Order all of them, latest month.""], ""scope"": {""reporting_months"": [""2026-08""], ""filters"": {}}, ""metadata_receipt_ids"": [], ""fields_required"": [], ""expected_output_grain"": ""as queried"", ""expected_units"": {}, ""steps"": [{""step_id"": ""s1"", ""language"": ""sql"", ""code"": ""SELECT product, SUM(CASE WHEN stage=2 THEN ead_sar_mn ELSE 0 END)/NULLIF(SUM(ead_sar_mn),0) AS s2_share FROM retail_account_month WHERE reporting_month = '2026-08' GROUP BY product ORDER BY s2_share DESC"", ""parameters"": {}, ""purpose"": ""Which retail products have the highest share of their own EAD in Stage 2? Order all of them, latest month."", ""input_artifact_ids"": [], ""depends_on_step_ids"": []}], ""repair_of_submission_id"": """"}",passed,,,,,6599fa5f2666dd490495279c10e9d8e7
B-R10-2,core,sub-937f01a31d83,1,1,ok,,"[""SELECT product, SUM(CASE WHEN stage=2 THEN ead_sar_mn ELSE 0 END)/NULLIF(SUM(ead_sar_mn),0) AS s2_share FROM retail_account_month WHERE reporting_month = '2026-08' GROUP BY product ORDER BY s2_share DESC""]",[],"{""intent"": {""query_mode"": ""DATA_ANALYSIS"", ""owner"": ""COCKPIT"", ""understood_request"": ""rank products by s2 share of own ead latest month"", ""response_language"": ""en"", ""blocking_ambiguities"": [], ""resolved_assumptions"": [], ""canonical_mappings"": [], ""excluded_parts"": [], ""public_rationale"": ""scripted dry run""}, ""objective"": ""rank products by s2 share of own ead latest month"", ""subquestions"": [""rank products by s2 share of own ead latest month""], ""scope"": {""reporting_months"": [""2026-08""], ""filters"": {}}, ""metadata_receipt_ids"": [], ""fields_required"": [], ""expected_output_grain"": ""as queried"", ""expected_units"": {}, ""steps"": [{""step_id"": ""s1"", ""language"": ""sql"", ""code"": ""SELECT product, SUM(CASE WHEN stage=2 THEN ead_sar_mn ELSE 0 END)/NULLIF(SUM(ead_sar_mn),0) AS s2_share FROM retail_account_month WHERE reporting_month = '2026-08' GROUP BY product ORDER BY s2_share DESC"", ""parameters"": {}, ""purpose"": ""rank products by s2 share of own ead latest month"", ""input_artifact_ids"": [], ""depends_on_step_ids"": []}], ""repair_of_submission_id"": """"}",passed,,,,,6599fa5f2666dd490495279c10e9d8e7
B-R11-1,core,sub-651fa2c9d672,1,1,ok,,"[""WITH a AS (SELECT product, SUM(ead_sar_mn) AS ead FROM retail_account_month WHERE reporting_month = '2026-08' GROUP BY product), b AS (SELECT product, SUM(ead_sar_mn) AS ead FROM retail_account_month WHERE reporting_month = '2026-07' GROUP BY product) SELECT a.product, a.ead AS ead_latest, b.ead AS ead_base, a.ead - b.ead AS ead_abs_change, (a.ead - b.ead) / NULLIF(b.ead, 0) AS ead_pct_change FROM a LEFT JOIN b USING (product)""]",[],"{""intent"": {""query_mode"": ""DATA_ANALYSIS"", ""owner"": ""COCKPIT"", ""understood_request"": ""How did each product's EAD move since last month, in SAR and percent?"", ""response_language"": ""en"", ""blocking_ambiguities"": [], ""resolved_assumptions"": [], ""canonical_mappings"": [], ""excluded_parts"": [], ""public_rationale"": ""scripted dry run""}, ""objective"": ""How did each product's EAD move since last month, in SAR and percent?"", ""subquestions"": [""How did each product's EAD move since last month, in SAR and percent?""], ""scope"": {""reporting_months"": [""2026-08""], ""filters"": {}}, ""metadata_receipt_ids"": [], ""fields_required"": [], ""expected_output_grain"": ""as queried"", ""expected_units"": {}, ""steps"": [{""step_id"": ""s1"", ""language"": ""sql"", ""code"": ""WITH a AS (SELECT product, SUM(ead_sar_mn) AS ead FROM retail_account_month WHERE reporting_month = '2026-08' GROUP BY product), b AS (SELECT product, SUM(ead_sar_mn) AS ead FROM retail_account_month WHERE reporting_month = '2026-07' GROUP BY product) SELECT a.product, a.ead AS ead_latest, b.ead AS ead_base, a.ead - b.ead AS ead_abs_change, (a.ead - b.ead) / NULLIF(b.ead, 0) AS ead_pct_change FROM a LEFT JOIN b USING (product)"", ""parameters"": {}, ""purpose"": ""How did each product's EAD move since last month, in SAR and percent?"", ""input_artifact_ids"": [], ""depends_on_step_ids"": []}], ""repair_of_submission_id"": """"}",passed,,,,,3fea9412954c9a18178b682502b6fd84
B-R11-2,core,sub-984157d35d85,1,1,ok,,"[""WITH a AS (SELECT product, SUM(ead_sar_mn) AS ead FROM retail_account_month WHERE reporting_month = '2026-08' GROUP BY product), b AS (SELECT product, SUM(ead_sar_mn) AS ead FROM retail_account_month WHERE reporting_month = '2026-07' GROUP BY product) SELECT a.product, a.ead AS ead_latest, b.ead AS ead_base, a.ead - b.ead AS ead_abs_change, (a.ead - b.ead) / NULLIF(b.ead, 0) AS ead_pct_change FROM a LEFT JOIN b USING (product)""]",[],"{""intent"": {""query_mode"": ""DATA_ANALYSIS"", ""owner"": ""COCKPIT"", ""understood_request"": ""product ead latest vs prev month abs and pct change"", ""response_language"": ""en"", ""blocking_ambiguities"": [], ""resolved_assumptions"": [], ""canonical_mappings"": [], ""excluded_parts"": [], ""public_rationale"": ""scripted dry run""}, ""objective"": ""product ead latest vs prev month abs and pct change"", ""subquestions"": [""product ead latest vs prev month abs and pct change""], ""scope"": {""reporting_months"": [""2026-08""], ""filters"": {}}, ""metadata_receipt_ids"": [], ""fields_required"": [], ""expected_output_grain"": ""as queried"", ""expected_units"": {}, ""steps"": [{""step_id"": ""s1"", ""language"": ""sql"", ""code"": ""WITH a AS (SELECT product, SUM(ead_sar_mn) AS ead FROM retail_account_month WHERE reporting_month = '2026-08' GROUP BY product), b AS (SELECT product, SUM(ead_sar_mn) AS ead FROM retail_account_month WHERE reporting_month = '2026-07' GROUP BY product) SELECT a.product, a.ead AS ead_latest, b.ead AS ead_base, a.ead - b.ead AS ead_abs_change, (a.ead - b.ead) / NULLIF(b.ead, 0) AS ead_pct_change FROM a LEFT JOIN b USING (product)"", ""parameters"": {}, ""purpose"": ""product ead latest vs prev month abs and pct change"", ""input_artifact_ids"": [], ""depends_on_step_ids"": []}], ""repair_of_submission_id"": """"}",passed,,,,,3fea9412954c9a18178b682502b6fd84
B-R12-1,core,sub-ab38922a068d,1,1,ok,,"[""SELECT product, SUM(ead_sar_mn) AS ead, SUM(CASE WHEN stage=2 THEN ead_sar_mn ELSE 0 END) AS ead_s2, SUM(CASE WHEN stage=3 THEN ead_sar_mn ELSE 0 END) AS ead_s3, SUM(ecl_sar_mn) AS ecl, SUM(ecl_sar_mn)/NULLIF(SUM(ead_sar_mn),0) AS coverage FROM retail_account_month WHERE reporting_month = '2026-08' GROUP BY product ORDER BY ead DESC""]",[],"{""intent"": {""query_mode"": ""DATA_ANALYSIS"", ""owner"": ""COCKPIT"", ""understood_request"": ""Build me one retail driver table by product for the latest month: EAD, Stage 2 EAD, Stage 3 EAD, ECL and coverage."", ""response_language"": ""en"", ""blocking_ambiguities"": [], ""resolved_assumptions"": [], ""canonical_mappings"": [], ""excluded_parts"": [], ""public_rationale"": ""scripted dry run""}, ""objective"": ""Build me one retail driver table by product for the latest month: EAD, Stage 2 EAD, Stage 3 EAD, ECL and coverage."", ""subquestions"": [""Build me one retail driver table by product for the latest month: EAD, Stage 2 EAD, Stage 3 EAD, ECL and coverage.""], ""scope"": {""reporting_months"": [""2026-08""], ""filters"": {}}, ""metadata_receipt_ids"": [], ""fields_required"": [], ""expected_output_grain"": ""as queried"", ""expected_units"": {}, ""steps"": [{""step_id"": ""s1"", ""language"": ""sql"", ""code"": ""SELECT product, SUM(ead_sar_mn) AS ead, SUM(CASE WHEN stage=2 THEN ead_sar_mn ELSE 0 END) AS ead_s2, SUM(CASE WHEN stage=3 THEN ead_sar_mn ELSE 0 END) AS ead_s3, SUM(ecl_sar_mn) AS ecl, SUM(ecl_sar_mn)/NULLIF(SUM(ead_sar_mn),0) AS coverage FROM retail_account_month WHERE reporting_month = '2026-08' GROUP BY product ORDER BY ead DESC"", ""parameters"": {}, ""purpose"": ""Build me one retail driver table by product for the latest month: EAD, Stage 2 EAD, Stage 3 EAD, ECL and coverage."", ""input_artifact_ids"": [], ""depends_on_step_ids"": []}], ""repair_of_submission_id"": """"}",passed,,,,,fa59384c9a32446c4fa3b62e39b9e1b6
B-R12-2,core,sub-5c099053641f,1,1,ok,,"[""SELECT product, SUM(ead_sar_mn) AS ead, SUM(CASE WHEN stage=2 THEN ead_sar_mn ELSE 0 END) AS ead_s2, SUM(CASE WHEN stage=3 THEN ead_sar_mn ELSE 0 END) AS ead_s3, SUM(ecl_sar_mn) AS ecl, SUM(ecl_sar_mn)/NULLIF(SUM(ead_sar_mn),0) AS coverage FROM retail_account_month WHERE reporting_month = '2026-08' GROUP BY product ORDER BY ead DESC""]",[],"{""intent"": {""query_mode"": ""DATA_ANALYSIS"", ""owner"": ""COCKPIT"", ""understood_request"": ""Give me a board-ready product risk table: EAD, Stage 2 and Stage 3 EAD, ECL and ECL/EAD for the latest month."", ""response_language"": ""en"", ""blocking_ambiguities"": [], ""resolved_assumptions"": [], ""canonical_mappings"": [], ""excluded_parts"": [], ""public_rationale"": ""scripted dry run""}, ""objective"": ""Give me a board-ready product risk table: EAD, Stage 2 and Stage 3 EAD, ECL and ECL/EAD for the latest month."", ""subquestions"": [""Give me a board-ready product risk table: EAD, Stage 2 and Stage 3 EAD, ECL and ECL/EAD for the latest month.""], ""scope"": {""reporting_months"": [""2026-08""], ""filters"": {}}, ""metadata_receipt_ids"": [], ""fields_required"": [], ""expected_output_grain"": ""as queried"", ""expected_units"": {}, ""steps"": [{""step_id"": ""s1"", ""language"": ""sql"", ""code"": ""SELECT product, SUM(ead_sar_mn) AS ead, SUM(CASE WHEN stage=2 THEN ead_sar_mn ELSE 0 END) AS ead_s2, SUM(CASE WHEN stage=3 THEN ead_sar_mn ELSE 0 END) AS ead_s3, SUM(ecl_sar_mn) AS ecl, SUM(ecl_sar_mn)/NULLIF(SUM(ead_sar_mn),0) AS coverage FROM retail_account_month WHERE reporting_month = '2026-08' GROUP BY product ORDER BY ead DESC"", ""parameters"": {}, ""purpose"": ""Give me a board-ready product risk table: EAD, Stage 2 and Stage 3 EAD, ECL and ECL/EAD for the latest month."", ""input_artifact_ids"": [], ""depends_on_step_ids"": []}], ""repair_of_submission_id"": """"}",passed,,,,,fa59384c9a32446c4fa3b62e39b9e1b6
C-C01,core,sub-5cbc1d1b92b2,1,1,ok,,"[""SELECT sector, SUM(CASE WHEN stage=2 THEN ead_sar_mn ELSE 0 END)/NULLIF(SUM(ead_sar_mn),0) AS s2_share FROM corp_facility_quarter WHERE reporting_quarter = '2026Q2' GROUP BY sector ORDER BY s2_share DESC""]",[],"{""intent"": {""query_mode"": ""DATA_ANALYSIS"", ""owner"": ""COCKPIT"", ""understood_request"": ""Rank sectors by Stage 2 share of each sector's EAD for the latest quarter."", ""response_language"": ""en"", ""blocking_ambiguities"": [], ""resolved_assumptions"": [], ""canonical_mappings"": [], ""excluded_parts"": [], ""public_rationale"": ""scripted dry run""}, ""objective"": ""Rank sectors by Stage 2 share of each sector's EAD for the latest quarter."", ""subquestions"": [""Rank sectors by Stage 2 share of each sector's EAD for the latest quarter.""], ""scope"": {""reporting_months"": [""2026Q2""], ""filters"": {}}, ""metadata_receipt_ids"": [], ""fields_required"": [], ""expected_output_grain"": ""as queried"", ""expected_units"": {}, ""steps"": [{""step_id"": ""s1"", ""language"": ""sql"", ""code"": ""SELECT sector, SUM(CASE WHEN stage=2 THEN ead_sar_mn ELSE 0 END)/NULLIF(SUM(ead_sar_mn),0) AS s2_share FROM corp_facility_quarter WHERE reporting_quarter = '2026Q2' GROUP BY sector ORDER BY s2_share DESC"", ""parameters"": {}, ""purpose"": ""Rank sectors by Stage 2 share of each sector's EAD for the latest quarter."", ""input_artifact_ids"": [], ""depends_on_step_ids"": []}], ""repair_of_submission_id"": """"}",passed,,,,,ac1580661a5c991f4fe719797d9d3f91
C-C02,core,sub-555032bf6edb,1,1,ok,,"[""WITH c AS (WITH a AS (SELECT sector, SUM(ead_sar_mn) AS ead FROM corp_facility_quarter WHERE reporting_quarter = '2026Q2' GROUP BY sector), b AS (SELECT sector, SUM(ead_sar_mn) AS ead FROM corp_facility_quarter WHERE reporting_quarter = '2026Q1' GROUP BY sector) SELECT a.sector, a.ead AS ead_latest, b.ead AS ead_base, a.ead - b.ead AS ead_abs_change, (a.ead - b.ead) / NULLIF(b.ead, 0) AS ead_pct_change FROM a LEFT JOIN b USING (sector)) SELECT * FROM c ORDER BY ead_latest DESC NULLS LAST LIMIT 5""]",[],"{""intent"": {""query_mode"": ""DATA_ANALYSIS"", ""owner"": ""COCKPIT"", ""understood_request"": ""Take the five largest sectors by EAD in the latest quarter and compare each with the previous quarter, showing absolute and percentage change."", ""response_language"": ""en"", ""blocking_ambiguities"": [], ""resolved_assumptions"": [], ""canonical_mappings"": [], ""excluded_parts"": [], ""public_rationale"": ""scripted dry run""}, ""objective"": ""Take the five largest sectors by EAD in the latest quarter and compare each with the previous quarter, showing absolute and percentage change."", ""subquestions"": [""Take the five largest sectors by EAD in the latest quarter and compare each with the previous quarter, showing absolute and percentage change.""], ""scope"": {""reporting_months"": [""2026Q2""], ""filters"": {}}, ""metadata_receipt_ids"": [], ""fields_required"": [], ""expected_output_grain"": ""as queried"", ""expected_units"": {}, ""steps"": [{""step_id"": ""s1"", ""language"": ""sql"", ""code"": ""WITH c AS (WITH a AS (SELECT sector, SUM(ead_sar_mn) AS ead FROM corp_facility_quarter WHERE reporting_quarter = '2026Q2' GROUP BY sector), b AS (SELECT sector, SUM(ead_sar_mn) AS ead FROM corp_facility_quarter WHERE reporting_quarter = '2026Q1' GROUP BY sector) SELECT a.sector, a.ead AS ead_latest, b.ead AS ead_base, a.ead - b.ead AS ead_abs_change, (a.ead - b.ead) / NULLIF(b.ead, 0) AS ead_pct_change FROM a LEFT JOIN b USING (sector)) SELECT * FROM c ORDER BY ead_latest DESC NULLS LAST LIMIT 5"", ""parameters"": {}, ""purpose"": ""Take the five largest sectors by EAD in the latest quarter and compare each with the previous quarter, showing absolute and percentage change."", ""input_artifact_ids"": [], ""depends_on_step_ids"": []}], ""repair_of_submission_id"": """"}",passed,,,,,da376ef46f45c8e56c65bbcb9798ab5e
C-C03,core,sub-1a37baec9f45,1,1,ok,,"[""WITH c AS (WITH a AS (SELECT sector, SUM(ead_sar_mn) AS ead, SUM(CASE WHEN stage=2 THEN ead_sar_mn ELSE 0 END) AS ead_s2 FROM corp_facility_quarter WHERE reporting_quarter = '2026Q2' GROUP BY sector), b AS (SELECT sector, SUM(ead_sar_mn) AS ead, SUM(CASE WHEN stage=2 THEN ead_sar_mn ELSE 0 END) AS ead_s2 FROM corp_facility_quarter WHERE reporting_quarter = '2026Q1' GROUP BY sector) SELECT a.sector, a.ead AS ead_latest, b.ead AS ead_base, a.ead - b.ead AS ead_abs_change, (a.ead - b.ead) / NULLIF(b.ead, 0) AS ead_pct_change, a.ead_s2 AS ead_s2_latest, b.ead_s2 AS ead_s2_base, a.ead_s2 - b.ead_s2 AS ead_s2_abs_change, (a.ead_s2 - b.ead_s2) / NULLIF(b.ead_s2, 0) AS ead_s2_pct_change FROM a LEFT JOIN b USING (sector)) SELECT * FROM c WHERE ead_abs_change > 0 AND ead_s2_abs_change < 0""]",[],"{""intent"": {""query_mode"": ""DATA_ANALYSIS"", ""owner"": ""COCKPIT"", ""understood_request"": ""Which sectors saw total EAD increase quarter on quarter while their Stage 2 EAD decreased?"", ""response_language"": ""en"", ""blocking_ambiguities"": [], ""resolved_assumptions"": [], ""canonical_mappings"": [], ""excluded_parts"": [], ""public_rationale"": ""scripted dry run""}, ""objective"": ""Which sectors saw total EAD increase quarter on quarter while their Stage 2 EAD decreased?"", ""subquestions"": [""Which sectors saw total EAD increase quarter on quarter while their Stage 2 EAD decreased?""], ""scope"": {""reporting_months"": [""2026Q2""], ""filters"": {}}, ""metadata_receipt_ids"": [], ""fields_required"": [], ""expected_output_grain"": ""as queried"", ""expected_units"": {}, ""steps"": [{""step_id"": ""s1"", ""language"": ""sql"", ""code"": ""WITH c AS (WITH a AS (SELECT sector, SUM(ead_sar_mn) AS ead, SUM(CASE WHEN stage=2 THEN ead_sar_mn ELSE 0 END) AS ead_s2 FROM corp_facility_quarter WHERE reporting_quarter = '2026Q2' GROUP BY sector), b AS (SELECT sector, SUM(ead_sar_mn) AS ead, SUM(CASE WHEN stage=2 THEN ead_sar_mn ELSE 0 END) AS ead_s2 FROM corp_facility_quarter WHERE reporting_quarter = '2026Q1' GROUP BY sector) SELECT a.sector, a.ead AS ead_latest, b.ead AS ead_base, a.ead - b.ead AS ead_abs_change, (a.ead - b.ead) / NULLIF(b.ead, 0) AS ead_pct_change, a.ead_s2 AS ead_s2_latest, b.ead_s2 AS ead_s2_base, a.ead_s2 - b.ead_s2 AS ead_s2_abs_change, (a.ead_s2 - b.ead_s2) / NULLIF(b.ead_s2, 0) AS ead_s2_pct_change FROM a LEFT JOIN b USING (sector)) SELECT * FROM c WHERE ead_abs_change > 0 AND ead_s2_abs_change < 0"", ""parameters"": {}, ""purpose"": ""Which sectors saw total EAD increase quarter on quarter while their Stage 2 EAD decreased?"", ""input_artifact_ids"": [], ""depends_on_step_ids"": []}], ""repair_of_submission_id"": """"}",passed,,,,,c54ae34985d0aada92122bd05aae2eb8
C-C04,core,sub-8b23dd9b70f4,1,1,ok,,"[""WITH c AS (WITH a AS (SELECT sector, SUM(CASE WHEN stage=3 THEN ead_sar_mn ELSE 0 END) AS ead_s3 FROM corp_facility_quarter WHERE reporting_quarter = '2026Q2' GROUP BY sector), b AS (SELECT sector, SUM(CASE WHEN stage=3 THEN ead_sar_mn ELSE 0 END) AS ead_s3 FROM corp_facility_quarter WHERE reporting_quarter = '2026Q1' GROUP BY sector) SELECT a.sector, a.ead_s3 AS ead_s3_latest, b.ead_s3 AS ead_s3_base, a.ead_s3 - b.ead_s3 AS ead_s3_abs_change, (a.ead_s3 - b.ead_s3) / NULLIF(b.ead_s3, 0) AS ead_s3_pct_change FROM a LEFT JOIN b USING (sector)) SELECT * FROM c WHERE ead_s3_pct_change > 0.3""]",[],"{""intent"": {""query_mode"": ""DATA_ANALYSIS"", ""owner"": ""COCKPIT"", ""understood_request"": ""Which sectors had Stage 3 EAD grow by more than 30% quarter on quarter?"", ""response_language"": ""en"", ""blocking_ambiguities"": [], ""resolved_assumptions"": [], ""canonical_mappings"": [], ""excluded_parts"": [], ""public_rationale"": ""scripted dry run""}, ""objective"": ""Which sectors had Stage 3 EAD grow by more than 30% quarter on quarter?"", ""subquestions"": [""Which sectors had Stage 3 EAD grow by more than 30% quarter on quarter?""], ""scope"": {""reporting_months"": [""2026Q2""], ""filters"": {}}, ""metadata_receipt_ids"": [], ""fields_required"": [], ""expected_output_grain"": ""as queried"", ""expected_units"": {}, ""steps"": [{""step_id"": ""s1"", ""language"": ""sql"", ""code"": ""WITH c AS (WITH a AS (SELECT sector, SUM(CASE WHEN stage=3 THEN ead_sar_mn ELSE 0 END) AS ead_s3 FROM corp_facility_quarter WHERE reporting_quarter = '2026Q2' GROUP BY sector), b AS (SELECT sector, SUM(CASE WHEN stage=3 THEN ead_sar_mn ELSE 0 END) AS ead_s3 FROM corp_facility_quarter WHERE reporting_quarter = '2026Q1' GROUP BY sector) SELECT a.sector, a.ead_s3 AS ead_s3_latest, b.ead_s3 AS ead_s3_base, a.ead_s3 - b.ead_s3 AS ead_s3_abs_change, (a.ead_s3 - b.ead_s3) / NULLIF(b.ead_s3, 0) AS ead_s3_pct_change FROM a LEFT JOIN b USING (sector)) SELECT * FROM c WHERE ead_s3_pct_change > 0.3"", ""parameters"": {}, ""purpose"": ""Which sectors had Stage 3 EAD grow by more than 30% quarter on quarter?"", ""input_artifact_ids"": [], ""depends_on_step_ids"": []}], ""repair_of_submission_id"": """"}",passed,,,,,321c568e97df2d490ae164c2c05e6aa7
C-C05,core,sub-4e66cdf61d90,1,1,ok,,"[""SELECT sector, SUM(ead_sar_mn) AS ead, SUM(CASE WHEN stage=2 THEN ead_sar_mn ELSE 0 END) AS ead_s2, SUM(CASE WHEN stage=3 THEN ead_sar_mn ELSE 0 END) AS ead_s3, SUM(ecl_sar_mn) AS ecl, SUM(ecl_sar_mn)/NULLIF(SUM(ead_sar_mn),0) AS coverage FROM corp_facility_quarter WHERE reporting_quarter = '2026Q2' GROUP BY sector ORDER BY ead DESC""]",[],"{""intent"": {""query_mode"": ""DATA_ANALYSIS"", ""owner"": ""COCKPIT"", ""understood_request"": ""For each sector in the latest quarter, give EAD, Stage 2 EAD, Stage 3 EAD, ECL and the ECL-to-EAD coverage ratio in one table."", ""response_language"": ""en"", ""blocking_ambiguities"": [], ""resolved_assumptions"": [], ""canonical_mappings"": [], ""excluded_parts"": [], ""public_rationale"": ""scripted dry run""}, ""objective"": ""For each sector in the latest quarter, give EAD, Stage 2 EAD, Stage 3 EAD, ECL and the ECL-to-EAD coverage ratio in one table."", ""subquestions"": [""For each sector in the latest quarter, give EAD, Stage 2 EAD, Stage 3 EAD, ECL and the ECL-to-EAD coverage ratio in one table.""], ""scope"": {""reporting_months"": [""2026Q2""], ""filters"": {}}, ""metadata_receipt_ids"": [], ""fields_required"": [], ""expected_output_grain"": ""as queried"", ""expected_units"": {}, ""steps"": [{""step_id"": ""s1"", ""language"": ""sql"", ""code"": ""SELECT sector, SUM(ead_sar_mn) AS ead, SUM(CASE WHEN stage=2 THEN ead_sar_mn ELSE 0 END) AS ead_s2, SUM(CASE WHEN stage=3 THEN ead_sar_mn ELSE 0 END) AS ead_s3, SUM(ecl_sar_mn) AS ecl, SUM(ecl_sar_mn)/NULLIF(SUM(ead_sar_mn),0) AS coverage FROM corp_facility_quarter WHERE reporting_quarter = '2026Q2' GROUP BY sector ORDER BY ead DESC"", ""parameters"": {}, ""purpose"": ""For each sector in the latest quarter, give EAD, Stage 2 EAD, Stage 3 EAD, ECL and the ECL-to-EAD coverage ratio in one table."", ""input_artifact_ids"": [], ""depends_on_step_ids"": []}], ""repair_of_submission_id"": """"}",passed,,,,,8057fd98ea4de883e102a4cfc2918e0a
C-C06,core,sub-4b809b380efc,1,1,ok,,"[""WITH c AS (WITH a AS (SELECT sector, SUM(CASE WHEN stage=2 THEN ead_sar_mn ELSE 0 END) AS ead_s2 FROM corp_facility_quarter WHERE reporting_quarter = '2026Q2' GROUP BY sector), b AS (SELECT sector, SUM(CASE WHEN stage=2 THEN ead_sar_mn ELSE 0 END) AS ead_s2 FROM corp_facility_quarter WHERE reporting_quarter = '2026Q1' GROUP BY sector) SELECT a.sector, a.ead_s2 AS ead_s2_latest, b.ead_s2 AS ead_s2_base, a.ead_s2 - b.ead_s2 AS ead_s2_abs_change, (a.ead_s2 - b.ead_s2) / NULLIF(b.ead_s2, 0) AS ead_s2_pct_change FROM a LEFT JOIN b USING (sector)) SELECT *, ead_s2_abs_change / SUM(ead_s2_abs_change) OVER () AS contribution_share, SUM(ead_s2_abs_change) OVER () AS total_abs_change FROM c ORDER BY ABS(ead_s2_abs_change) DESC""]",[],"{""intent"": {""query_mode"": ""DATA_ANALYSIS"", ""owner"": ""COCKPIT"", ""understood_request"": ""Which sectors contributed most to the quarter-on-quarter change in total Stage 2 EAD? Show the five largest contributors by absolute change."", ""response_language"": ""en"", ""blocking_ambiguities"": [], ""resolved_assumptions"": [], ""canonical_mappings"": [], ""excluded_parts"": [], ""public_rationale"": ""scripted dry run""}, ""objective"": ""Which sectors contributed most to the quarter-on-quarter change in total Stage 2 EAD? Show the five largest contributors by absolute change."", ""subquestions"": [""Which sectors contributed most to the quarter-on-quarter change in total Stage 2 EAD? Show the five largest contributors by absolute change.""], ""scope"": {""reporting_months"": [""2026Q2""], ""filters"": {}}, ""metadata_receipt_ids"": [], ""fields_required"": [], ""expected_output_grain"": ""as queried"", ""expected_units"": {}, ""steps"": [{""step_id"": ""s1"", ""language"": ""sql"", ""code"": ""WITH c AS (WITH a AS (SELECT sector, SUM(CASE WHEN stage=2 THEN ead_sar_mn ELSE 0 END) AS ead_s2 FROM corp_facility_quarter WHERE reporting_quarter = '2026Q2' GROUP BY sector), b AS (SELECT sector, SUM(CASE WHEN stage=2 THEN ead_sar_mn ELSE 0 END) AS ead_s2 FROM corp_facility_quarter WHERE reporting_quarter = '2026Q1' GROUP BY sector) SELECT a.sector, a.ead_s2 AS ead_s2_latest, b.ead_s2 AS ead_s2_base, a.ead_s2 - b.ead_s2 AS ead_s2_abs_change, (a.ead_s2 - b.ead_s2) / NULLIF(b.ead_s2, 0) AS ead_s2_pct_change FROM a LEFT JOIN b USING (sector)) SELECT *, ead_s2_abs_change / SUM(ead_s2_abs_change) OVER () AS contribution_share, SUM(ead_s2_abs_change) OVER () AS total_abs_change FROM c ORDER BY ABS(ead_s2_abs_change) DESC"", ""parameters"": {}, ""purpose"": ""Which sectors contributed most to the quarter-on-quarter change in total Stage 2 EAD? Show the five largest contributors by absolute change."", ""input_artifact_ids"": [], ""depends_on_step_ids"": []}], ""repair_of_submission_id"": """"}",passed,,,,,beb1a28d96748f001411d0db01df65cf
C-C07,core,sub-24cec8b6dd56,1,1,ok,,"[""WITH a AS (SELECT SUM(ead_sar_mn) AS ead, SUM(ecl_sar_mn) AS ecl FROM corp_facility_quarter WHERE reporting_quarter = '2026Q2'), b AS (SELECT SUM(ead_sar_mn) AS ead, SUM(ecl_sar_mn) AS ecl FROM corp_facility_quarter WHERE reporting_quarter = '2026Q1') SELECT a.ecl - b.ecl AS ecl_change, (a.ead - b.ead) * (b.ecl / b.ead) AS stock_effect, (a.ecl / a.ead - b.ecl / b.ead) * a.ead AS rate_effect FROM a JOIN b ON TRUE ORDER BY ABS(a.ecl - b.ecl) DESC""]",[],"{""intent"": {""query_mode"": ""DATA_ANALYSIS"", ""owner"": ""COCKPIT"", ""understood_request"": ""Decompose the quarter-on-quarter change in total corporate ECL into a stock effect, defined as the change in EAD times the previous quarter's coverage ratio, and a rate effect, defined as the change in coverage ratio times the latest quarter's EAD."", ""response_language"": ""en"", ""blocking_ambiguities"": [], ""resolved_assumptions"": [], ""canonical_mappings"": [], ""excluded_parts"": [], ""public_rationale"": ""scripted dry run""}, ""objective"": ""Decompose the quarter-on-quarter change in total corporate ECL into a stock effect, defined as the change in EAD times the previous quarter's coverage ratio, and a rate effect, defined as the change in coverage ratio times the latest quarter's EAD."", ""subquestions"": [""Decompose the quarter-on-quarter change in total corporate ECL into a stock effect, defined as the change in EAD times the previous quarter's coverage ratio, and a rate effect, defined as the change in coverage ratio times the latest quarter's EAD.""], ""scope"": {""reporting_months"": [""2026Q2""], ""filters"": {}}, ""metadata_receipt_ids"": [], ""fields_required"": [], ""expected_output_grain"": ""as queried"", ""expected_units"": {}, ""steps"": [{""step_id"": ""s1"", ""language"": ""sql"", ""code"": ""WITH a AS (SELECT SUM(ead_sar_mn) AS ead, SUM(ecl_sar_mn) AS ecl FROM corp_facility_quarter WHERE reporting_quarter = '2026Q2'), b AS (SELECT SUM(ead_sar_mn) AS ead, SUM(ecl_sar_mn) AS ecl FROM corp_facility_quarter WHERE reporting_quarter = '2026Q1') SELECT a.ecl - b.ecl AS ecl_change, (a.ead - b.ead) * (b.ecl / b.ead) AS stock_effect, (a.ecl / a.ead - b.ecl / b.ead) * a.ead AS rate_effect FROM a JOIN b ON TRUE ORDER BY ABS(a.ecl - b.ecl) DESC"", ""parameters"": {}, ""purpose"": ""Decompose the quarter-on-quarter change in total corporate ECL into a stock effect, defined as the change in EAD times the previous quarter's coverage ratio, and a rate effect, defined as the change i"", ""input_artifact_ids"": [], ""depends_on_step_ids"": []}], ""repair_of_submission_id"": """"}",passed,,,,,303fcaad53230e8fed51d9f983942858
C-C08,core,sub-f600c752134d,1,1,ok,,"[""WITH a AS (SELECT sector, SUM(ead_sar_mn) AS ead, SUM(ecl_sar_mn) AS ecl FROM corp_facility_quarter WHERE reporting_quarter = '2026Q2' GROUP BY sector), b AS (SELECT sector, SUM(ead_sar_mn) AS ead, SUM(ecl_sar_mn) AS ecl FROM corp_facility_quarter WHERE reporting_quarter = '2026Q1' GROUP BY sector) SELECT a.sector, a.ecl - b.ecl AS ecl_change, (a.ead - b.ead) * (b.ecl / b.ead) AS stock_effect, (a.ecl / a.ead - b.ecl / b.ead) * a.ead AS rate_effect FROM a JOIN b USING (sector) ORDER BY ABS(a.ecl - b.ecl) DESC LIMIT 3""]",[],"{""intent"": {""query_mode"": ""DATA_ANALYSIS"", ""owner"": ""COCKPIT"", ""understood_request"": ""For the three sectors with the largest absolute ECL change quarter on quarter, split each change into a stock effect (change in EAD times previous coverage) and a rate effect (change in coverage times latest EAD)."", ""response_language"": ""en"", ""blocking_ambiguities"": [], ""resolved_assumptions"": [], ""canonical_mappings"": [], ""excluded_parts"": [], ""public_rationale"": ""scripted dry run""}, ""objective"": ""For the three sectors with the largest absolute ECL change quarter on quarter, split each change into a stock effect (change in EAD times previous coverage) and a rate effect (change in coverage times latest EAD)."", ""subquestions"": [""For the three sectors with the largest absolute ECL change quarter on quarter, split each change into a stock effect (change in EAD times previous coverage) and a rate effect (change in coverage times latest EAD).""], ""scope"": {""reporting_months"": [""2026Q2""], ""filters"": {}}, ""metadata_receipt_ids"": [], ""fields_required"": [], ""expected_output_grain"": ""as queried"", ""expected_units"": {}, ""steps"": [{""step_id"": ""s1"", ""language"": ""sql"", ""code"": ""WITH a AS (SELECT sector, SUM(ead_sar_mn) AS ead, SUM(ecl_sar_mn) AS ecl FROM corp_facility_quarter WHERE reporting_quarter = '2026Q2' GROUP BY sector), b AS (SELECT sector, SUM(ead_sar_mn) AS ead, SUM(ecl_sar_mn) AS ecl FROM corp_facility_quarter WHERE reporting_quarter = '2026Q1' GROUP BY sector) SELECT a.sector, a.ecl - b.ecl AS ecl_change, (a.ead - b.ead) * (b.ecl / b.ead) AS stock_effect, (a.ecl / a.ead - b.ecl / b.ead) * a.ead AS rate_effect FROM a JOIN b USING (sector) ORDER BY ABS(a.ecl - b.ecl) DESC LIMIT 3"", ""parameters"": {}, ""purpose"": ""For the three sectors with the largest absolute ECL change quarter on quarter, split each change into a stock effect (change in EAD times previous coverage) and a rate effect (change in coverage times"", ""input_artifact_ids"": [], ""depends_on_step_ids"": []}], ""repair_of_submission_id"": """"}",passed,,,,,0aaba549f93c845ba3af057d272f0ba0
C-C09,core,sub-45b2831a9983,1,1,ok,,"[""SELECT sector, SUM(CASE WHEN stage=3 THEN ead_sar_mn ELSE 0 END) AS ead_s3 FROM corp_facility_quarter WHERE reporting_quarter = '2026Q2' GROUP BY sector ORDER BY ead_s3 DESC"", ""SELECT SUM(CASE WHEN stage=3 THEN ead_sar_mn ELSE 0 END) AS ead_s3 FROM corp_facility_quarter WHERE reporting_quarter = '2026Q2'""]",[],"{""intent"": {""query_mode"": ""DATA_ANALYSIS"", ""owner"": ""COCKPIT"", ""understood_request"": ""Show Stage 3 EAD by sector for the latest quarter and reconcile the sector figures to the portfolio Stage 3 total."", ""response_language"": ""en"", ""blocking_ambiguities"": [], ""resolved_assumptions"": [], ""canonical_mappings"": [], ""excluded_parts"": [], ""public_rationale"": ""scripted dry run""}, ""objective"": ""Show Stage 3 EAD by sector for the latest quarter and reconcile the sector figures to the portfolio Stage 3 total."", ""subquestions"": [""Show Stage 3 EAD by sector for the latest quarter and reconcile the sector figures to the portfolio Stage 3 total.""], ""scope"": {""reporting_months"": [""2026Q2""], ""filters"": {}}, ""metadata_receipt_ids"": [], ""fields_required"": [], ""expected_output_grain"": ""as queried"", ""expected_units"": {}, ""steps"": [{""step_id"": ""s1"", ""language"": ""sql"", ""code"": ""SELECT sector, SUM(CASE WHEN stage=3 THEN ead_sar_mn ELSE 0 END) AS ead_s3 FROM corp_facility_quarter WHERE reporting_quarter = '2026Q2' GROUP BY sector ORDER BY ead_s3 DESC"", ""parameters"": {}, ""purpose"": ""Show Stage 3 EAD by sector for the latest quarter and reconcile the sector figures to the portfolio Stage 3 total."", ""input_artifact_ids"": [], ""depends_on_step_ids"": []}, {""step_id"": ""s2"", ""language"": ""sql"", ""code"": ""SELECT SUM(CASE WHEN stage=3 THEN ead_sar_mn ELSE 0 END) AS ead_s3 FROM corp_facility_quarter WHERE reporting_quarter = '2026Q2'"", ""parameters"": {}, ""purpose"": ""Show Stage 3 EAD by sector for the latest quarter and reconcile the sector figures to the portfolio Stage 3 total."", ""input_artifact_ids"": [], ""depends_on_step_ids"": []}], ""repair_of_submission_id"": """"}",passed,,,,,5e14cbd66512e786a6d1b1fa37009f57
C-C10,core,sub-14c576983e13,1,1,ok,,"[""WITH g AS (SELECT sector, SUM(ead_sar_mn) AS v FROM corp_facility_quarter WHERE reporting_quarter = '2026Q2' GROUP BY sector), r AS (SELECT v, ROW_NUMBER() OVER (ORDER BY v DESC) AS rn, SUM(v) OVER () AS tot FROM g) SELECT SUM(CASE WHEN rn <= 3 THEN v ELSE 0 END) / MAX(tot) AS top3_share, SUM(CASE WHEN rn <= 5 THEN v ELSE 0 END) / MAX(tot) AS top5_share FROM r""]",[],"{""intent"": {""query_mode"": ""DATA_ANALYSIS"", ""owner"": ""COCKPIT"", ""understood_request"": ""What share of total EAD in the latest quarter is held by the three largest sectors, and what share by the five largest?"", ""response_language"": ""en"", ""blocking_ambiguities"": [], ""resolved_assumptions"": [], ""canonical_mappings"": [], ""excluded_parts"": [], ""public_rationale"": ""scripted dry run""}, ""objective"": ""What share of total EAD in the latest quarter is held by the three largest sectors, and what share by the five largest?"", ""subquestions"": [""What share of total EAD in the latest quarter is held by the three largest sectors, and what share by the five largest?""], ""scope"": {""reporting_months"": [""2026Q2""], ""filters"": {}}, ""metadata_receipt_ids"": [], ""fields_required"": [], ""expected_output_grain"": ""as queried"", ""expected_units"": {}, ""steps"": [{""step_id"": ""s1"", ""language"": ""sql"", ""code"": ""WITH g AS (SELECT sector, SUM(ead_sar_mn) AS v FROM corp_facility_quarter WHERE reporting_quarter = '2026Q2' GROUP BY sector), r AS (SELECT v, ROW_NUMBER() OVER (ORDER BY v DESC) AS rn, SUM(v) OVER () AS tot FROM g) SELECT SUM(CASE WHEN rn <= 3 THEN v ELSE 0 END) / MAX(tot) AS top3_share, SUM(CASE WHEN rn <= 5 THEN v ELSE 0 END) / MAX(tot) AS top5_share FROM r"", ""parameters"": {}, ""purpose"": ""What share of total EAD in the latest quarter is held by the three largest sectors, and what share by the five largest?"", ""input_artifact_ids"": [], ""depends_on_step_ids"": []}], ""repair_of_submission_id"": """"}",passed,,,,,daf2d993c16e77086f7eba278b25cfc5
C-C11,core,sub-a3fad00068f5,1,1,ok,,"[""SELECT COUNT(*) AS facilities, SUM(n.ead_sar_mn) AS ead_now FROM corp_facility_quarter n JOIN corp_facility_quarter b ON b.facility_id = n.facility_id AND b.reporting_quarter = '2025Q2' WHERE n.reporting_quarter = '2026Q2' AND n.stage = 3 AND b.stage = 1""]",[],"{""intent"": {""query_mode"": ""DATA_ANALYSIS"", ""owner"": ""COCKPIT"", ""understood_request"": ""How many facilities are in Stage 3 in the latest quarter that were in Stage 1 in the same quarter a year earlier, and what is their current EAD?"", ""response_language"": ""en"", ""blocking_ambiguities"": [], ""resolved_assumptions"": [], ""canonical_mappings"": [], ""excluded_parts"": [], ""public_rationale"": ""scripted dry run""}, ""objective"": ""How many facilities are in Stage 3 in the latest quarter that were in Stage 1 in the same quarter a year earlier, and what is their current EAD?"", ""subquestions"": [""How many facilities are in Stage 3 in the latest quarter that were in Stage 1 in the same quarter a year earlier, and what is their current EAD?""], ""scope"": {""reporting_months"": [""2026Q2""], ""filters"": {}}, ""metadata_receipt_ids"": [], ""fields_required"": [], ""expected_output_grain"": ""as queried"", ""expected_units"": {}, ""steps"": [{""step_id"": ""s1"", ""language"": ""sql"", ""code"": ""SELECT COUNT(*) AS facilities, SUM(n.ead_sar_mn) AS ead_now FROM corp_facility_quarter n JOIN corp_facility_quarter b ON b.facility_id = n.facility_id AND b.reporting_quarter = '2025Q2' WHERE n.reporting_quarter = '2026Q2' AND n.stage = 3 AND b.stage = 1"", ""parameters"": {}, ""purpose"": ""How many facilities are in Stage 3 in the latest quarter that were in Stage 1 in the same quarter a year earlier, and what is their current EAD?"", ""input_artifact_ids"": [], ""depends_on_step_ids"": []}], ""repair_of_submission_id"": """"}",passed,,,,,620468adf2b5c96f5eeb4dcfacd11790
C-C12,core,sub-dc2cd49835c1,1,1,ok,,"[""SELECT sector, SUM(CASE WHEN stage=2 THEN ead_sar_mn ELSE 0 END)/SUM(ead_sar_mn) AS s2_share, SUM(ecl_sar_mn)/SUM(ead_sar_mn) AS coverage FROM corp_facility_quarter WHERE reporting_quarter='2026Q2' GROUP BY sector HAVING SUM(CASE WHEN stage=2 THEN ead_sar_mn ELSE 0 END)/SUM(ead_sar_mn) > 0.25 AND SUM(ecl_sar_mn)/SUM(ead_sar_mn) > 0.10 ORDER BY sector""]",[],"{""intent"": {""query_mode"": ""DATA_ANALYSIS"", ""owner"": ""COCKPIT"", ""understood_request"": ""Which sectors have a Stage 2 share of EAD above 25% and an ECL coverage ratio above 10% in the latest quarter?"", ""response_language"": ""en"", ""blocking_ambiguities"": [], ""resolved_assumptions"": [], ""canonical_mappings"": [], ""excluded_parts"": [], ""public_rationale"": ""scripted dry run""}, ""objective"": ""Which sectors have a Stage 2 share of EAD above 25% and an ECL coverage ratio above 10% in the latest quarter?"", ""subquestions"": [""Which sectors have a Stage 2 share of EAD above 25% and an ECL coverage ratio above 10% in the latest quarter?""], ""scope"": {""reporting_months"": [""2026Q2""], ""filters"": {}}, ""metadata_receipt_ids"": [], ""fields_required"": [], ""expected_output_grain"": ""as queried"", ""expected_units"": {}, ""steps"": [{""step_id"": ""s1"", ""language"": ""sql"", ""code"": ""SELECT sector, SUM(CASE WHEN stage=2 THEN ead_sar_mn ELSE 0 END)/SUM(ead_sar_mn) AS s2_share, SUM(ecl_sar_mn)/SUM(ead_sar_mn) AS coverage FROM corp_facility_quarter WHERE reporting_quarter='2026Q2' GROUP BY sector HAVING SUM(CASE WHEN stage=2 THEN ead_sar_mn ELSE 0 END)/SUM(ead_sar_mn) > 0.25 AND SUM(ecl_sar_mn)/SUM(ead_sar_mn) > 0.10 ORDER BY sector"", ""parameters"": {}, ""purpose"": ""Which sectors have a Stage 2 share of EAD above 25% and an ECL coverage ratio above 10% in the latest quarter?"", ""input_artifact_ids"": [], ""depends_on_step_ids"": []}], ""repair_of_submission_id"": """"}",passed,,,,,9d78dee6fc77299005e7a82ea7ac01d9
C-C13,core,sub-5e2848586651,1,1,ok,,"[""WITH c AS (WITH a AS (SELECT sector, SUM(CASE WHEN stage=3 THEN ead_sar_mn ELSE 0 END) AS ead_s3 FROM corp_facility_quarter WHERE reporting_quarter = '2026Q2' GROUP BY sector), b AS (SELECT sector, SUM(CASE WHEN stage=3 THEN ead_sar_mn ELSE 0 END) AS ead_s3 FROM corp_facility_quarter WHERE reporting_quarter = '2025Q2' GROUP BY sector) SELECT a.sector, a.ead_s3 AS ead_s3_latest, b.ead_s3 AS ead_s3_base, a.ead_s3 - b.ead_s3 AS ead_s3_abs_change, (a.ead_s3 - b.ead_s3) / NULLIF(b.ead_s3, 0) AS ead_s3_pct_change FROM a LEFT JOIN b USING (sector)) SELECT * FROM c ORDER BY ead_s3_pct_change DESC NULLS LAST""]",[],"{""intent"": {""query_mode"": ""DATA_ANALYSIS"", ""owner"": ""COCKPIT"", ""understood_request"": ""Rank sectors by the year-on-year percentage change in Stage 3 EAD, comparing the latest quarter with the same quarter last year."", ""response_language"": ""en"", ""blocking_ambiguities"": [], ""resolved_assumptions"": [], ""canonical_mappings"": [], ""excluded_parts"": [], ""public_rationale"": ""scripted dry run""}, ""objective"": ""Rank sectors by the year-on-year percentage change in Stage 3 EAD, comparing the latest quarter with the same quarter last year."", ""subquestions"": [""Rank sectors by the year-on-year percentage change in Stage 3 EAD, comparing the latest quarter with the same quarter last year.""], ""scope"": {""reporting_months"": [""2026Q2""], ""filters"": {}}, ""metadata_receipt_ids"": [], ""fields_required"": [], ""expected_output_grain"": ""as queried"", ""expected_units"": {}, ""steps"": [{""step_id"": ""s1"", ""language"": ""sql"", ""code"": ""WITH c AS (WITH a AS (SELECT sector, SUM(CASE WHEN stage=3 THEN ead_sar_mn ELSE 0 END) AS ead_s3 FROM corp_facility_quarter WHERE reporting_quarter = '2026Q2' GROUP BY sector), b AS (SELECT sector, SUM(CASE WHEN stage=3 THEN ead_sar_mn ELSE 0 END) AS ead_s3 FROM corp_facility_quarter WHERE reporting_quarter = '2025Q2' GROUP BY sector) SELECT a.sector, a.ead_s3 AS ead_s3_latest, b.ead_s3 AS ead_s3_base, a.ead_s3 - b.ead_s3 AS ead_s3_abs_change, (a.ead_s3 - b.ead_s3) / NULLIF(b.ead_s3, 0) AS ead_s3_pct_change FROM a LEFT JOIN b USING (sector)) SELECT * FROM c ORDER BY ead_s3_pct_change DESC NULLS LAST"", ""parameters"": {}, ""purpose"": ""Rank sectors by the year-on-year percentage change in Stage 3 EAD, comparing the latest quarter with the same quarter last year."", ""input_artifact_ids"": [], ""depends_on_step_ids"": []}], ""repair_of_submission_id"": """"}",passed,,,,,ef25afcf23a53e687758f8824d71f514
C-C14,core,sub-71402080dd2d,1,1,ok,,"[""WITH c AS (WITH a AS (SELECT sector, SUM(CASE WHEN stage=3 THEN ead_sar_mn ELSE 0 END) AS ead_s3 FROM corp_facility_quarter WHERE reporting_quarter = '2026Q2' GROUP BY sector), b AS (SELECT sector, SUM(CASE WHEN stage=3 THEN ead_sar_mn ELSE 0 END) AS ead_s3 FROM corp_facility_quarter WHERE reporting_quarter = '2026Q1' GROUP BY sector) SELECT a.sector, a.ead_s3 AS ead_s3_latest, b.ead_s3 AS ead_s3_base, a.ead_s3 - b.ead_s3 AS ead_s3_abs_change, (a.ead_s3 - b.ead_s3) / NULLIF(b.ead_s3, 0) AS ead_s3_pct_change FROM a LEFT JOIN b USING (sector)) SELECT *, ead_s3_abs_change / SUM(ead_s3_abs_change) OVER () AS contribution_share, SUM(ead_s3_abs_change) OVER () AS total_abs_change FROM c ORDER BY ABS(ead_s3_abs_change) DESC""]",[],"{""intent"": {""query_mode"": ""DATA_ANALYSIS"", ""owner"": ""COCKPIT"", ""understood_request"": ""Is the quarter-on-quarter increase in Stage 3 EAD broad-based or concentrated? Show how many sectors increased and what share of the total increase came from the two largest contributors."", ""response_language"": ""en"", ""blocking_ambiguities"": [], ""resolved_assumptions"": [], ""canonical_mappings"": [], ""excluded_parts"": [], ""public_rationale"": ""scripted dry run""}, ""objective"": ""Is the quarter-on-quarter increase in Stage 3 EAD broad-based or concentrated? Show how many sectors increased and what share of the total increase came from the two largest contributors."", ""subquestions"": [""Is the quarter-on-quarter increase in Stage 3 EAD broad-based or concentrated? Show how many sectors increased and what share of the total increase came from the two largest contributors.""], ""scope"": {""reporting_months"": [""2026Q2""], ""filters"": {}}, ""metadata_receipt_ids"": [], ""fields_required"": [], ""expected_output_grain"": ""as queried"", ""expected_units"": {}, ""steps"": [{""step_id"": ""s1"", ""language"": ""sql"", ""code"": ""WITH c AS (WITH a AS (SELECT sector, SUM(CASE WHEN stage=3 THEN ead_sar_mn ELSE 0 END) AS ead_s3 FROM corp_facility_quarter WHERE reporting_quarter = '2026Q2' GROUP BY sector), b AS (SELECT sector, SUM(CASE WHEN stage=3 THEN ead_sar_mn ELSE 0 END) AS ead_s3 FROM corp_facility_quarter WHERE reporting_quarter = '2026Q1' GROUP BY sector) SELECT a.sector, a.ead_s3 AS ead_s3_latest, b.ead_s3 AS ead_s3_base, a.ead_s3 - b.ead_s3 AS ead_s3_abs_change, (a.ead_s3 - b.ead_s3) / NULLIF(b.ead_s3, 0) AS ead_s3_pct_change FROM a LEFT JOIN b USING (sector)) SELECT *, ead_s3_abs_change / SUM(ead_s3_abs_change) OVER () AS contribution_share, SUM(ead_s3_abs_change) OVER () AS total_abs_change FROM c ORDER BY ABS(ead_s3_abs_change) DESC"", ""parameters"": {}, ""purpose"": ""Is the quarter-on-quarter increase in Stage 3 EAD broad-based or concentrated? Show how many sectors increased and what share of the total increase came from the two largest contributors."", ""input_artifact_ids"": [], ""depends_on_step_ids"": []}], ""repair_of_submission_id"": """"}",passed,,,,,b2819b8dbe976302714a5b8a9a1d63ea
C-C15,core,sub-aaa39e15593b,1,1,ok,,"[""SELECT region, SUM(CASE WHEN stage=2 THEN ead_sar_mn ELSE 0 END)/NULLIF(SUM(ead_sar_mn),0) AS s2_share, SUM(CASE WHEN stage=3 THEN ead_sar_mn ELSE 0 END)/NULLIF(SUM(ead_sar_mn),0) AS s3_share, SUM(ecl_sar_mn)/NULLIF(SUM(ead_sar_mn),0) AS coverage FROM corp_facility_quarter WHERE reporting_quarter = '2026Q2' GROUP BY region ORDER BY s2_share DESC""]",[],"{""intent"": {""query_mode"": ""DATA_ANALYSIS"", ""owner"": ""COCKPIT"", ""understood_request"": ""Compare regions in the latest quarter on Stage 2 share of EAD, Stage 3 share of EAD and ECL coverage ratio, and say which region is worst on each."", ""response_language"": ""en"", ""blocking_ambiguities"": [], ""resolved_assumptions"": [], ""canonical_mappings"": [], ""excluded_parts"": [], ""public_rationale"": ""scripted dry run""}, ""objective"": ""Compare regions in the latest quarter on Stage 2 share of EAD, Stage 3 share of EAD and ECL coverage ratio, and say which region is worst on each."", ""subquestions"": [""Compare regions in the latest quarter on Stage 2 share of EAD, Stage 3 share of EAD and ECL coverage ratio, and say which region is worst on each.""], ""scope"": {""reporting_months"": [""2026Q2""], ""filters"": {}}, ""metadata_receipt_ids"": [], ""fields_required"": [], ""expected_output_grain"": ""as queried"", ""expected_units"": {}, ""steps"": [{""step_id"": ""s1"", ""language"": ""sql"", ""code"": ""SELECT region, SUM(CASE WHEN stage=2 THEN ead_sar_mn ELSE 0 END)/NULLIF(SUM(ead_sar_mn),0) AS s2_share, SUM(CASE WHEN stage=3 THEN ead_sar_mn ELSE 0 END)/NULLIF(SUM(ead_sar_mn),0) AS s3_share, SUM(ecl_sar_mn)/NULLIF(SUM(ead_sar_mn),0) AS coverage FROM corp_facility_quarter WHERE reporting_quarter = '2026Q2' GROUP BY region ORDER BY s2_share DESC"", ""parameters"": {}, ""purpose"": ""Compare regions in the latest quarter on Stage 2 share of EAD, Stage 3 share of EAD and ECL coverage ratio, and say which region is worst on each."", ""input_artifact_ids"": [], ""depends_on_step_ids"": []}], ""repair_of_submission_id"": """"}",passed,,,,,19a6db7d8c609f510bc6954e15440d74
C-C16,core,sub-fc4f44b57a67,1,1,ok,,"[""SELECT borrower_name, MIN(sector) AS sector, SUM(CASE WHEN stage=3 THEN ead_sar_mn ELSE 0 END) AS ead_s3, SUM(CASE WHEN stage=3 THEN ecl_sar_mn ELSE 0 END) AS ecl_s3 FROM corp_facility_quarter WHERE reporting_quarter='2026Q2' GROUP BY borrower_id, borrower_name ORDER BY ead_s3 DESC LIMIT 10""]",[],"{""intent"": {""query_mode"": ""DATA_ANALYSIS"", ""owner"": ""COCKPIT"", ""understood_request"": ""List the ten borrowers with the largest Stage 3 EAD in the latest quarter, with their sector and Stage 3 ECL."", ""response_language"": ""en"", ""blocking_ambiguities"": [], ""resolved_assumptions"": [], ""canonical_mappings"": [], ""excluded_parts"": [], ""public_rationale"": ""scripted dry run""}, ""objective"": ""List the ten borrowers with the largest Stage 3 EAD in the latest quarter, with their sector and Stage 3 ECL."", ""subquestions"": [""List the ten borrowers with the largest Stage 3 EAD in the latest quarter, with their sector and Stage 3 ECL.""], ""scope"": {""reporting_months"": [""2026Q2""], ""filters"": {}}, ""metadata_receipt_ids"": [], ""fields_required"": [], ""expected_output_grain"": ""as queried"", ""expected_units"": {}, ""steps"": [{""step_id"": ""s1"", ""language"": ""sql"", ""code"": ""SELECT borrower_name, MIN(sector) AS sector, SUM(CASE WHEN stage=3 THEN ead_sar_mn ELSE 0 END) AS ead_s3, SUM(CASE WHEN stage=3 THEN ecl_sar_mn ELSE 0 END) AS ecl_s3 FROM corp_facility_quarter WHERE reporting_quarter='2026Q2' GROUP BY borrower_id, borrower_name ORDER BY ead_s3 DESC LIMIT 10"", ""parameters"": {}, ""purpose"": ""List the ten borrowers with the largest Stage 3 EAD in the latest quarter, with their sector and Stage 3 ECL."", ""input_artifact_ids"": [], ""depends_on_step_ids"": []}], ""repair_of_submission_id"": """"}",passed,,,,,f9710b7424ac158ea69f5d9a8d583cc7
C-C17,core,sub-b6617f7ee0fb,1,1,ok,,"[""SELECT covenant_type, SUM(breach_flag) AS breached_tests FROM corp_covenant_quarter WHERE reporting_quarter='2026Q2' GROUP BY covenant_type ORDER BY breached_tests DESC"", ""SELECT COUNT(*) AS facilities, SUM(f.ead_sar_mn) AS ead FROM corp_facility_quarter f WHERE f.reporting_quarter='2026Q2' AND f.facility_id IN ( SELECT facility_id FROM corp_covenant_quarter WHERE reporting_quarter='2026Q2' AND breach_flag=1)""]",[],"{""intent"": {""query_mode"": ""DATA_ANALYSIS"", ""owner"": ""COCKPIT"", ""understood_request"": ""In the latest quarter, how many covenant tests were breached by covenant type, and what is the total EAD of facilities with at least one breached covenant?"", ""response_language"": ""en"", ""blocking_ambiguities"": [], ""resolved_assumptions"": [], ""canonical_mappings"": [], ""excluded_parts"": [], ""public_rationale"": ""scripted dry run""}, ""objective"": ""In the latest quarter, how many covenant tests were breached by covenant type, and what is the total EAD of facilities with at least one breached covenant?"", ""subquestions"": [""In the latest quarter, how many covenant tests were breached by covenant type, and what is the total EAD of facilities with at least one breached covenant?""], ""scope"": {""reporting_months"": [""2026Q2""], ""filters"": {}}, ""metadata_receipt_ids"": [], ""fields_required"": [], ""expected_output_grain"": ""as queried"", ""expected_units"": {}, ""steps"": [{""step_id"": ""s1"", ""language"": ""sql"", ""code"": ""SELECT covenant_type, SUM(breach_flag) AS breached_tests FROM corp_covenant_quarter WHERE reporting_quarter='2026Q2' GROUP BY covenant_type ORDER BY breached_tests DESC"", ""parameters"": {}, ""purpose"": ""In the latest quarter, how many covenant tests were breached by covenant type, and what is the total EAD of facilities with at least one breached covenant?"", ""input_artifact_ids"": [], ""depends_on_step_ids"": []}, {""step_id"": ""s2"", ""language"": ""sql"", ""code"": ""SELECT COUNT(*) AS facilities, SUM(f.ead_sar_mn) AS ead FROM corp_facility_quarter f WHERE f.reporting_quarter='2026Q2' AND f.facility_id IN ( SELECT facility_id FROM corp_covenant_quarter WHERE reporting_quarter='2026Q2' AND breach_flag=1)"", ""parameters"": {}, ""purpose"": ""In the latest quarter, how many covenant tests were breached by covenant type, and what is the total EAD of facilities with at least one breached covenant?"", ""input_artifact_ids"": [], ""depends_on_step_ids"": []}], ""repair_of_submission_id"": """"}",passed,,,,,568ba1ea1f7c1ea0ac013d82f98e3639
C-C18,core,sub-463149ada00f,1,1,ok,,"[""SELECT b.sector, COUNT(*) AS borrowers, SUM(f.ead) AS ead FROM corp_borrower_quarter b JOIN (SELECT borrower_id, SUM(ead_sar_mn) AS ead FROM corp_facility_quarter WHERE reporting_quarter='2026Q2' GROUP BY borrower_id) f ON f.borrower_id = b.borrower_id WHERE b.reporting_quarter='2026Q2' AND b.watchlist_flag=1 GROUP BY b.sector ORDER BY ead DESC""]",[],"{""intent"": {""query_mode"": ""DATA_ANALYSIS"", ""owner"": ""COCKPIT"", ""understood_request"": ""How many borrowers are on the watch list by sector in the latest quarter, and what is the total EAD of their facilities?"", ""response_language"": ""en"", ""blocking_ambiguities"": [], ""resolved_assumptions"": [], ""canonical_mappings"": [], ""excluded_parts"": [], ""public_rationale"": ""scripted dry run""}, ""objective"": ""How many borrowers are on the watch list by sector in the latest quarter, and what is the total EAD of their facilities?"", ""subquestions"": [""How many borrowers are on the watch list by sector in the latest quarter, and what is the total EAD of their facilities?""], ""scope"": {""reporting_months"": [""2026Q2""], ""filters"": {}}, ""metadata_receipt_ids"": [], ""fields_required"": [], ""expected_output_grain"": ""as queried"", ""expected_units"": {}, ""steps"": [{""step_id"": ""s1"", ""language"": ""sql"", ""code"": ""SELECT b.sector, COUNT(*) AS borrowers, SUM(f.ead) AS ead FROM corp_borrower_quarter b JOIN (SELECT borrower_id, SUM(ead_sar_mn) AS ead FROM corp_facility_quarter WHERE reporting_quarter='2026Q2' GROUP BY borrower_id) f ON f.borrower_id = b.borrower_id WHERE b.reporting_quarter='2026Q2' AND b.watchlist_flag=1 GROUP BY b.sector ORDER BY ead DESC"", ""parameters"": {}, ""purpose"": ""How many borrowers are on the watch list by sector in the latest quarter, and what is the total EAD of their facilities?"", ""input_artifact_ids"": [], ""depends_on_step_ids"": []}], ""repair_of_submission_id"": """"}",passed,,,,,8ffa5677cf0d7fe4beddb9063a8bd523
C-C19,core,sub-26890e8ad1c4,1,1,ok,,"[""SELECT b.sector, COUNT(*) AS borrowers, SUM(f.ead) AS ead FROM corp_borrower_quarter b JOIN (SELECT borrower_id, SUM(ead_sar_mn) AS ead FROM corp_facility_quarter WHERE reporting_quarter='2026Q2' GROUP BY borrower_id) f ON f.borrower_id = b.borrower_id WHERE b.reporting_quarter='2026Q2' AND b.rating_migration='DOWNGRADE' GROUP BY b.sector ORDER BY borrowers DESC, ead DESC""]",[],"{""intent"": {""query_mode"": ""DATA_ANALYSIS"", ""owner"": ""COCKPIT"", ""understood_request"": ""Which five sectors had the most borrowers downgraded this quarter, and what is the EAD of those downgraded borrowers?"", ""response_language"": ""en"", ""blocking_ambiguities"": [], ""resolved_assumptions"": [], ""canonical_mappings"": [], ""excluded_parts"": [], ""public_rationale"": ""scripted dry run""}, ""objective"": ""Which five sectors had the most borrowers downgraded this quarter, and what is the EAD of those downgraded borrowers?"", ""subquestions"": [""Which five sectors had the most borrowers downgraded this quarter, and what is the EAD of those downgraded borrowers?""], ""scope"": {""reporting_months"": [""2026Q2""], ""filters"": {}}, ""metadata_receipt_ids"": [], ""fields_required"": [], ""expected_output_grain"": ""as queried"", ""expected_units"": {}, ""steps"": [{""step_id"": ""s1"", ""language"": ""sql"", ""code"": ""SELECT b.sector, COUNT(*) AS borrowers, SUM(f.ead) AS ead FROM corp_borrower_quarter b JOIN (SELECT borrower_id, SUM(ead_sar_mn) AS ead FROM corp_facility_quarter WHERE reporting_quarter='2026Q2' GROUP BY borrower_id) f ON f.borrower_id = b.borrower_id WHERE b.reporting_quarter='2026Q2' AND b.rating_migration='DOWNGRADE' GROUP BY b.sector ORDER BY borrowers DESC, ead DESC"", ""parameters"": {}, ""purpose"": ""Which five sectors had the most borrowers downgraded this quarter, and what is the EAD of those downgraded borrowers?"", ""input_artifact_ids"": [], ""depends_on_step_ids"": []}], ""repair_of_submission_id"": """"}",passed,,,,,c6d08bc04f30ce7b8510b937e4eb684b
C-C20,core,sub-15d27c09c6a2,1,1,ok,,"[""SELECT n.sector, COUNT(*) AS facilities, SUM(n.ead_sar_mn) AS ead_now FROM corp_facility_quarter n JOIN corp_facility_quarter b ON b.facility_id = n.facility_id AND b.reporting_quarter = '2026Q1' WHERE n.reporting_quarter = '2026Q2' AND n.stage = 2 AND b.stage = 1 GROUP BY n.sector ORDER BY ead_now DESC""]",[],"{""intent"": {""query_mode"": ""DATA_ANALYSIS"", ""owner"": ""COCKPIT"", ""understood_request"": ""Show the EAD of facilities that moved from Stage 1 to Stage 2 between the previous quarter and the latest quarter, for the five sectors with the most such EAD."", ""response_language"": ""en"", ""blocking_ambiguities"": [], ""resolved_assumptions"": [], ""canonical_mappings"": [], ""excluded_parts"": [], ""public_rationale"": ""scripted dry run""}, ""objective"": ""Show the EAD of facilities that moved from Stage 1 to Stage 2 between the previous quarter and the latest quarter, for the five sectors with the most such EAD."", ""subquestions"": [""Show the EAD of facilities that moved from Stage 1 to Stage 2 between the previous quarter and the latest quarter, for the five sectors with the most such EAD.""], ""scope"": {""reporting_months"": [""2026Q2""], ""filters"": {}}, ""metadata_receipt_ids"": [], ""fields_required"": [], ""expected_output_grain"": ""as queried"", ""expected_units"": {}, ""steps"": [{""step_id"": ""s1"", ""language"": ""sql"", ""code"": ""SELECT n.sector, COUNT(*) AS facilities, SUM(n.ead_sar_mn) AS ead_now FROM corp_facility_quarter n JOIN corp_facility_quarter b ON b.facility_id = n.facility_id AND b.reporting_quarter = '2026Q1' WHERE n.reporting_quarter = '2026Q2' AND n.stage = 2 AND b.stage = 1 GROUP BY n.sector ORDER BY ead_now DESC"", ""parameters"": {}, ""purpose"": ""Show the EAD of facilities that moved from Stage 1 to Stage 2 between the previous quarter and the latest quarter, for the five sectors with the most such EAD."", ""input_artifact_ids"": [], ""depends_on_step_ids"": []}], ""repair_of_submission_id"": """"}",passed,,,,,74201115df9896fa59d336db298371f6
C-R01,core,sub-b11ff343c517,1,1,ok,,"[""SELECT product, SUM(CASE WHEN stage=2 THEN ead_sar_mn ELSE 0 END)/NULLIF(SUM(ead_sar_mn),0) AS s2_share FROM retail_account_month WHERE reporting_month = '2026-08' GROUP BY product ORDER BY s2_share DESC""]",[],"{""intent"": {""query_mode"": ""DATA_ANALYSIS"", ""owner"": ""COCKPIT"", ""understood_request"": ""Rank retail products by Stage 2 share of each product's EAD for the latest month."", ""response_language"": ""en"", ""blocking_ambiguities"": [], ""resolved_assumptions"": [], ""canonical_mappings"": [], ""excluded_parts"": [], ""public_rationale"": ""scripted dry run""}, ""objective"": ""Rank retail products by Stage 2 share of each product's EAD for the latest month."", ""subquestions"": [""Rank retail products by Stage 2 share of each product's EAD for the latest month.""], ""scope"": {""reporting_months"": [""2026-08""], ""filters"": {}}, ""metadata_receipt_ids"": [], ""fields_required"": [], ""expected_output_grain"": ""as queried"", ""expected_units"": {}, ""steps"": [{""step_id"": ""s1"", ""language"": ""sql"", ""code"": ""SELECT product, SUM(CASE WHEN stage=2 THEN ead_sar_mn ELSE 0 END)/NULLIF(SUM(ead_sar_mn),0) AS s2_share FROM retail_account_month WHERE reporting_month = '2026-08' GROUP BY product ORDER BY s2_share DESC"", ""parameters"": {}, ""purpose"": ""Rank retail products by Stage 2 share of each product's EAD for the latest month."", ""input_artifact_ids"": [], ""depends_on_step_ids"": []}], ""repair_of_submission_id"": """"}",passed,,,,,6599fa5f2666dd490495279c10e9d8e7
C-R02,core,sub-711c1cdefcb0,1,1,ok,,"[""WITH a AS (SELECT product, SUM(ead_sar_mn) AS ead FROM retail_account_month WHERE reporting_month = '2026-08' GROUP BY product), b AS (SELECT product, SUM(ead_sar_mn) AS ead FROM retail_account_month WHERE reporting_month = '2026-07' GROUP BY product) SELECT a.product, a.ead AS ead_latest, b.ead AS ead_base, a.ead - b.ead AS ead_abs_change, (a.ead - b.ead) / NULLIF(b.ead, 0) AS ead_pct_change FROM a LEFT JOIN b USING (product)""]",[],"{""intent"": {""query_mode"": ""DATA_ANALYSIS"", ""owner"": ""COCKPIT"", ""understood_request"": ""Compare each retail product's EAD in the latest month with the previous month, showing absolute and percentage change."", ""response_language"": ""en"", ""blocking_ambiguities"": [], ""resolved_assumptions"": [], ""canonical_mappings"": [], ""excluded_parts"": [], ""public_rationale"": ""scripted dry run""}, ""objective"": ""Compare each retail product's EAD in the latest month with the previous month, showing absolute and percentage change."", ""subquestions"": [""Compare each retail product's EAD in the latest month with the previous month, showing absolute and percentage change.""], ""scope"": {""reporting_months"": [""2026-08""], ""filters"": {}}, ""metadata_receipt_ids"": [], ""fields_required"": [], ""expected_output_grain"": ""as queried"", ""expected_units"": {}, ""steps"": [{""step_id"": ""s1"", ""language"": ""sql"", ""code"": ""WITH a AS (SELECT product, SUM(ead_sar_mn) AS ead FROM retail_account_month WHERE reporting_month = '2026-08' GROUP BY product), b AS (SELECT product, SUM(ead_sar_mn) AS ead FROM retail_account_month WHERE reporting_month = '2026-07' GROUP BY product) SELECT a.product, a.ead AS ead_latest, b.ead AS ead_base, a.ead - b.ead AS ead_abs_change, (a.ead - b.ead) / NULLIF(b.ead, 0) AS ead_pct_change FROM a LEFT JOIN b USING (product)"", ""parameters"": {}, ""purpose"": ""Compare each retail product's EAD in the latest month with the previous month, showing absolute and percentage change."", ""input_artifact_ids"": [], ""depends_on_step_ids"": []}], ""repair_of_submission_id"": """"}",passed,,,,,3fea9412954c9a18178b682502b6fd84
C-R03,core,sub-8c217c0b91c5,1,1,ok,,"[""WITH c AS (WITH a AS (SELECT product, SUM(CASE WHEN dpd_days>=30 THEN ead_sar_mn ELSE 0 END)/NULLIF(SUM(ead_sar_mn),0) AS dpd30_share, SUM(CASE WHEN stage=2 THEN ead_sar_mn ELSE 0 END) AS ead_s2 FROM retail_account_month WHERE reporting_month = '2026-08' GROUP BY product), b AS (SELECT product, SUM(CASE WHEN dpd_days>=30 THEN ead_sar_mn ELSE 0 END)/NULLIF(SUM(ead_sar_mn),0) AS dpd30_share, SUM(CASE WHEN stage=2 THEN ead_sar_mn ELSE 0 END) AS ead_s2 FROM retail_account_month WHERE reporting_month = '2026-07' GROUP BY product) SELECT a.product, a.dpd30_share AS dpd30_share_latest, b.dpd30_share AS dpd30_share_base, a.dpd30_share - b.dpd30_share AS dpd30_share_abs_change, (a.dpd30_share - b.dpd30_share) / NULLIF(b.dpd30_share, 0) AS dpd30_share_pct_change, a.ead_s2 AS ead_s2_latest, b.ead_s2 AS ead_s2_base, a.ead_s2 - b.ead_s2 AS ead_s2_abs_change, (a.ead_s2 - b.ead_s2) / NULLIF(b.ead_s2, 0) AS ead_s2_pct_change FROM a LEFT JOIN b USING (product)) SELECT * FROM c WHERE dpd30_share_abs_change < 0 AND ead_s2_abs_change > 0""]",[],"{""intent"": {""query_mode"": ""DATA_ANALYSIS"", ""owner"": ""COCKPIT"", ""understood_request"": ""Which retail products saw their 30+ days-past-due share of EAD fall month on month while their Stage 2 EAD rose?"", ""response_language"": ""en"", ""blocking_ambiguities"": [], ""resolved_assumptions"": [], ""canonical_mappings"": [], ""excluded_parts"": [], ""public_rationale"": ""scripted dry run""}, ""objective"": ""Which retail products saw their 30+ days-past-due share of EAD fall month on month while their Stage 2 EAD rose?"", ""subquestions"": [""Which retail products saw their 30+ days-past-due share of EAD fall month on month while their Stage 2 EAD rose?""], ""scope"": {""reporting_months"": [""2026-08""], ""filters"": {}}, ""metadata_receipt_ids"": [], ""fields_required"": [], ""expected_output_grain"": ""as queried"", ""expected_units"": {}, ""steps"": [{""step_id"": ""s1"", ""language"": ""sql"", ""code"": ""WITH c AS (WITH a AS (SELECT product, SUM(CASE WHEN dpd_days>=30 THEN ead_sar_mn ELSE 0 END)/NULLIF(SUM(ead_sar_mn),0) AS dpd30_share, SUM(CASE WHEN stage=2 THEN ead_sar_mn ELSE 0 END) AS ead_s2 FROM retail_account_month WHERE reporting_month = '2026-08' GROUP BY product), b AS (SELECT product, SUM(CASE WHEN dpd_days>=30 THEN ead_sar_mn ELSE 0 END)/NULLIF(SUM(ead_sar_mn),0) AS dpd30_share, SUM(CASE WHEN stage=2 THEN ead_sar_mn ELSE 0 END) AS ead_s2 FROM retail_account_month WHERE reporting_month = '2026-07' GROUP BY product) SELECT a.product, a.dpd30_share AS dpd30_share_latest, b.dpd30_share AS dpd30_share_base, a.dpd30_share - b.dpd30_share AS dpd30_share_abs_change, (a.dpd30_share - b.dpd30_share) / NULLIF(b.dpd30_share, 0) AS dpd30_share_pct_change, a.ead_s2 AS ead_s2_latest, b.ead_s2 AS ead_s2_base, a.ead_s2 - b.ead_s2 AS ead_s2_abs_change, (a.ead_s2 - b.ead_s2) / NULLIF(b.ead_s2, 0) AS ead_s2_pct_change FROM a LEFT JOIN b USING (product)) SELECT * FROM c WHERE dpd30_share_abs_change < 0 AND ead_s2_abs_change > 0"", ""parameters"": {}, ""purpose"": ""Which retail products saw their 30+ days-past-due share of EAD fall month on month while their Stage 2 EAD rose?"", ""input_artifact_ids"": [], ""depends_on_step_ids"": []}], ""repair_of_submission_id"": """"}",passed,,,,,983f2495faa235483f7482826abc3a62
C-R04,core,sub-ceb9a9f4539e,1,1,ok,,"[""WITH c AS (WITH a AS (SELECT product, SUM(ecl_sar_mn) AS ecl FROM retail_account_month WHERE reporting_month = '2026-08' GROUP BY product), b AS (SELECT product, SUM(ecl_sar_mn) AS ecl FROM retail_account_month WHERE reporting_month = '2026-07' GROUP BY product) SELECT a.product, a.ecl AS ecl_latest, b.ecl AS ecl_base, a.ecl - b.ecl AS ecl_abs_change, (a.ecl - b.ecl) / NULLIF(b.ecl, 0) AS ecl_pct_change FROM a LEFT JOIN b USING (product)) SELECT * FROM c WHERE ecl_pct_change > 0.1""]",[],"{""intent"": {""query_mode"": ""DATA_ANALYSIS"", ""owner"": ""COCKPIT"", ""understood_request"": ""Which retail products had ECL grow by more than 10% month on month?"", ""response_language"": ""en"", ""blocking_ambiguities"": [], ""resolved_assumptions"": [], ""canonical_mappings"": [], ""excluded_parts"": [], ""public_rationale"": ""scripted dry run""}, ""objective"": ""Which retail products had ECL grow by more than 10% month on month?"", ""subquestions"": [""Which retail products had ECL grow by more than 10% month on month?""], ""scope"": {""reporting_months"": [""2026-08""], ""filters"": {}}, ""metadata_receipt_ids"": [], ""fields_required"": [], ""expected_output_grain"": ""as queried"", ""expected_units"": {}, ""steps"": [{""step_id"": ""s1"", ""language"": ""sql"", ""code"": ""WITH c AS (WITH a AS (SELECT product, SUM(ecl_sar_mn) AS ecl FROM retail_account_month WHERE reporting_month = '2026-08' GROUP BY product), b AS (SELECT product, SUM(ecl_sar_mn) AS ecl FROM retail_account_month WHERE reporting_month = '2026-07' GROUP BY product) SELECT a.product, a.ecl AS ecl_latest, b.ecl AS ecl_base, a.ecl - b.ecl AS ecl_abs_change, (a.ecl - b.ecl) / NULLIF(b.ecl, 0) AS ecl_pct_change FROM a LEFT JOIN b USING (product)) SELECT * FROM c WHERE ecl_pct_change > 0.1"", ""parameters"": {}, ""purpose"": ""Which retail products had ECL grow by more than 10% month on month?"", ""input_artifact_ids"": [], ""depends_on_step_ids"": []}], ""repair_of_submission_id"": """"}",passed,,,,,2a6a54bf2c20b734b12566d76067e50c
C-R05,core,sub-dc34d724ead9,1,1,ok,,"[""SELECT product, SUM(ead_sar_mn) AS ead, SUM(CASE WHEN stage=2 THEN ead_sar_mn ELSE 0 END) AS ead_s2, SUM(CASE WHEN stage=3 THEN ead_sar_mn ELSE 0 END) AS ead_s3, SUM(ecl_sar_mn) AS ecl, SUM(ecl_sar_mn)/NULLIF(SUM(ead_sar_mn),0) AS coverage FROM retail_account_month WHERE reporting_month = '2026-08' GROUP BY product ORDER BY ead DESC""]",[],"{""intent"": {""query_mode"": ""DATA_ANALYSIS"", ""owner"": ""COCKPIT"", ""understood_request"": ""For each retail product in the latest month, give EAD, Stage 2 EAD, Stage 3 EAD, ECL and the ECL-to-EAD coverage ratio in one table."", ""response_language"": ""en"", ""blocking_ambiguities"": [], ""resolved_assumptions"": [], ""canonical_mappings"": [], ""excluded_parts"": [], ""public_rationale"": ""scripted dry run""}, ""objective"": ""For each retail product in the latest month, give EAD, Stage 2 EAD, Stage 3 EAD, ECL and the ECL-to-EAD coverage ratio in one table."", ""subquestions"": [""For each retail product in the latest month, give EAD, Stage 2 EAD, Stage 3 EAD, ECL and the ECL-to-EAD coverage ratio in one table.""], ""scope"": {""reporting_months"": [""2026-08""], ""filters"": {}}, ""metadata_receipt_ids"": [], ""fields_required"": [], ""expected_output_grain"": ""as queried"", ""expected_units"": {}, ""steps"": [{""step_id"": ""s1"", ""language"": ""sql"", ""code"": ""SELECT product, SUM(ead_sar_mn) AS ead, SUM(CASE WHEN stage=2 THEN ead_sar_mn ELSE 0 END) AS ead_s2, SUM(CASE WHEN stage=3 THEN ead_sar_mn ELSE 0 END) AS ead_s3, SUM(ecl_sar_mn) AS ecl, SUM(ecl_sar_mn)/NULLIF(SUM(ead_sar_mn),0) AS coverage FROM retail_account_month WHERE reporting_month = '2026-08' GROUP BY product ORDER BY ead DESC"", ""parameters"": {}, ""purpose"": ""For each retail product in the latest month, give EAD, Stage 2 EAD, Stage 3 EAD, ECL and the ECL-to-EAD coverage ratio in one table."", ""input_artifact_ids"": [], ""depends_on_step_ids"": []}], ""repair_of_submission_id"": """"}",passed,,,,,fa59384c9a32446c4fa3b62e39b9e1b6
C-R06,core,sub-037b1cfa90af,1,1,ok,,"[""WITH c AS (WITH a AS (SELECT product, SUM(ecl_sar_mn) AS ecl FROM retail_account_month WHERE reporting_month = '2026-08' GROUP BY product), b AS (SELECT product, SUM(ecl_sar_mn) AS ecl FROM retail_account_month WHERE reporting_month = '2026-07' GROUP BY product) SELECT a.product, a.ecl AS ecl_latest, b.ecl AS ecl_base, a.ecl - b.ecl AS ecl_abs_change, (a.ecl - b.ecl) / NULLIF(b.ecl, 0) AS ecl_pct_change FROM a LEFT JOIN b USING (product)) SELECT *, ecl_abs_change / SUM(ecl_abs_change) OVER () AS contribution_share, SUM(ecl_abs_change) OVER () AS total_abs_change FROM c ORDER BY ABS(ecl_abs_change) DESC""]",[],"{""intent"": {""query_mode"": ""DATA_ANALYSIS"", ""owner"": ""COCKPIT"", ""understood_request"": ""Which retail products contributed most to the month-on-month change in total ECL? Rank all products by absolute contribution."", ""response_language"": ""en"", ""blocking_ambiguities"": [], ""resolved_assumptions"": [], ""canonical_mappings"": [], ""excluded_parts"": [], ""public_rationale"": ""scripted dry run""}, ""objective"": ""Which retail products contributed most to the month-on-month change in total ECL? Rank all products by absolute contribution."", ""subquestions"": [""Which retail products contributed most to the month-on-month change in total ECL? Rank all products by absolute contribution.""], ""scope"": {""reporting_months"": [""2026-08""], ""filters"": {}}, ""metadata_receipt_ids"": [], ""fields_required"": [], ""expected_output_grain"": ""as queried"", ""expected_units"": {}, ""steps"": [{""step_id"": ""s1"", ""language"": ""sql"", ""code"": ""WITH c AS (WITH a AS (SELECT product, SUM(ecl_sar_mn) AS ecl FROM retail_account_month WHERE reporting_month = '2026-08' GROUP BY product), b AS (SELECT product, SUM(ecl_sar_mn) AS ecl FROM retail_account_month WHERE reporting_month = '2026-07' GROUP BY product) SELECT a.product, a.ecl AS ecl_latest, b.ecl AS ecl_base, a.ecl - b.ecl AS ecl_abs_change, (a.ecl - b.ecl) / NULLIF(b.ecl, 0) AS ecl_pct_change FROM a LEFT JOIN b USING (product)) SELECT *, ecl_abs_change / SUM(ecl_abs_change) OVER () AS contribution_share, SUM(ecl_abs_change) OVER () AS total_abs_change FROM c ORDER BY ABS(ecl_abs_change) DESC"", ""parameters"": {}, ""purpose"": ""Which retail products contributed most to the month-on-month change in total ECL? Rank all products by absolute contribution."", ""input_artifact_ids"": [], ""depends_on_step_ids"": []}], ""repair_of_submission_id"": """"}",passed,,,,,275e396a2919f7c7231b7229c2faa782
C-R07,core,sub-a4ab0f8cbc88,1,1,ok,,"[""WITH a AS (SELECT SUM(ead_sar_mn) AS ead, SUM(ecl_sar_mn) AS ecl FROM retail_account_month WHERE reporting_month = '2026-08'), b AS (SELECT SUM(ead_sar_mn) AS ead, SUM(ecl_sar_mn) AS ecl FROM retail_account_month WHERE reporting_month = '2026-07') SELECT a.ecl - b.ecl AS ecl_change, (a.ead - b.ead) * (b.ecl / b.ead) AS stock_effect, (a.ecl / a.ead - b.ecl / b.ead) * a.ead AS rate_effect FROM a JOIN b ON TRUE ORDER BY ABS(a.ecl - b.ecl) DESC""]",[],"{""intent"": {""query_mode"": ""DATA_ANALYSIS"", ""owner"": ""COCKPIT"", ""understood_request"": ""Decompose the month-on-month change in total retail ECL into a stock effect, defined as the change in EAD times the previous month's coverage ratio, and a rate effect, defined as the change in coverage ratio times the latest month's EAD."", ""response_language"": ""en"", ""blocking_ambiguities"": [], ""resolved_assumptions"": [], ""canonical_mappings"": [], ""excluded_parts"": [], ""public_rationale"": ""scripted dry run""}, ""objective"": ""Decompose the month-on-month change in total retail ECL into a stock effect, defined as the change in EAD times the previous month's coverage ratio, and a rate effect, defined as the change in coverage ratio times the latest month's EAD."", ""subquestions"": [""Decompose the month-on-month change in total retail ECL into a stock effect, defined as the change in EAD times the previous month's coverage ratio, and a rate effect, defined as the change in coverage ratio times the latest month's EAD.""], ""scope"": {""reporting_months"": [""2026-08""], ""filters"": {}}, ""metadata_receipt_ids"": [], ""fields_required"": [], ""expected_output_grain"": ""as queried"", ""expected_units"": {}, ""steps"": [{""step_id"": ""s1"", ""language"": ""sql"", ""code"": ""WITH a AS (SELECT SUM(ead_sar_mn) AS ead, SUM(ecl_sar_mn) AS ecl FROM retail_account_month WHERE reporting_month = '2026-08'), b AS (SELECT SUM(ead_sar_mn) AS ead, SUM(ecl_sar_mn) AS ecl FROM retail_account_month WHERE reporting_month = '2026-07') SELECT a.ecl - b.ecl AS ecl_change, (a.ead - b.ead) * (b.ecl / b.ead) AS stock_effect, (a.ecl / a.ead - b.ecl / b.ead) * a.ead AS rate_effect FROM a JOIN b ON TRUE ORDER BY ABS(a.ecl - b.ecl) DESC"", ""parameters"": {}, ""purpose"": ""Decompose the month-on-month change in total retail ECL into a stock effect, defined as the change in EAD times the previous month's coverage ratio, and a rate effect, defined as the change in coverag"", ""input_artifact_ids"": [], ""depends_on_step_ids"": []}], ""repair_of_submission_id"": """"}",passed,,,,,7949a69fa4cbac20a47b46bcb69f0be6
C-R08,core,sub-e79978c2c4fd,1,1,ok,,"[""SELECT region, SUM(ecl_sar_mn) AS ecl FROM retail_account_month WHERE reporting_month = '2026-08' GROUP BY region ORDER BY ecl DESC"", ""SELECT SUM(ecl_sar_mn) AS ecl FROM retail_account_month WHERE reporting_month = '2026-08'""]",[],"{""intent"": {""query_mode"": ""DATA_ANALYSIS"", ""owner"": ""COCKPIT"", ""understood_request"": ""Show retail ECL by region for the latest month and reconcile the regional figures to total retail ECL."", ""response_language"": ""en"", ""blocking_ambiguities"": [], ""resolved_assumptions"": [], ""canonical_mappings"": [], ""excluded_parts"": [], ""public_rationale"": ""scripted dry run""}, ""objective"": ""Show retail ECL by region for the latest month and reconcile the regional figures to total retail ECL."", ""subquestions"": [""Show retail ECL by region for the latest month and reconcile the regional figures to total retail ECL.""], ""scope"": {""reporting_months"": [""2026-08""], ""filters"": {}}, ""metadata_receipt_ids"": [], ""fields_required"": [], ""expected_output_grain"": ""as queried"", ""expected_units"": {}, ""steps"": [{""step_id"": ""s1"", ""language"": ""sql"", ""code"": ""SELECT region, SUM(ecl_sar_mn) AS ecl FROM retail_account_month WHERE reporting_month = '2026-08' GROUP BY region ORDER BY ecl DESC"", ""parameters"": {}, ""purpose"": ""Show retail ECL by region for the latest month and reconcile the regional figures to total retail ECL."", ""input_artifact_ids"": [], ""depends_on_step_ids"": []}, {""step_id"": ""s2"", ""language"": ""sql"", ""code"": ""SELECT SUM(ecl_sar_mn) AS ecl FROM retail_account_month WHERE reporting_month = '2026-08'"", ""parameters"": {}, ""purpose"": ""Show retail ECL by region for the latest month and reconcile the regional figures to total retail ECL."", ""input_artifact_ids"": [], ""depends_on_step_ids"": []}], ""repair_of_submission_id"": """"}",passed,,,,,e472dd998a05986b1e504248f3b20150
C-R09,core,sub-673c9e3de350,1,1,ok,,"[""WITH g AS (SELECT product, SUM(ead_sar_mn) AS v FROM retail_account_month WHERE reporting_month = '2026-08' GROUP BY product), r AS (SELECT v, ROW_NUMBER() OVER (ORDER BY v DESC) AS rn, SUM(v) OVER () AS tot FROM g) SELECT SUM(CASE WHEN rn <= 1 THEN v ELSE 0 END) / MAX(tot) AS top1_share, SUM(CASE WHEN rn <= 2 THEN v ELSE 0 END) / MAX(tot) AS top2_share FROM r""]",[],"{""intent"": {""query_mode"": ""DATA_ANALYSIS"", ""owner"": ""COCKPIT"", ""understood_request"": ""What share of retail EAD in the latest month is held by the largest product, and what share by the two largest products?"", ""response_language"": ""en"", ""blocking_ambiguities"": [], ""resolved_assumptions"": [], ""canonical_mappings"": [], ""excluded_parts"": [], ""public_rationale"": ""scripted dry run""}, ""objective"": ""What share of retail EAD in the latest month is held by the largest product, and what share by the two largest products?"", ""subquestions"": [""What share of retail EAD in the latest month is held by the largest product, and what share by the two largest products?""], ""scope"": {""reporting_months"": [""2026-08""], ""filters"": {}}, ""metadata_receipt_ids"": [], ""fields_required"": [], ""expected_output_grain"": ""as queried"", ""expected_units"": {}, ""steps"": [{""step_id"": ""s1"", ""language"": ""sql"", ""code"": ""WITH g AS (SELECT product, SUM(ead_sar_mn) AS v FROM retail_account_month WHERE reporting_month = '2026-08' GROUP BY product), r AS (SELECT v, ROW_NUMBER() OVER (ORDER BY v DESC) AS rn, SUM(v) OVER () AS tot FROM g) SELECT SUM(CASE WHEN rn <= 1 THEN v ELSE 0 END) / MAX(tot) AS top1_share, SUM(CASE WHEN rn <= 2 THEN v ELSE 0 END) / MAX(tot) AS top2_share FROM r"", ""parameters"": {}, ""purpose"": ""What share of retail EAD in the latest month is held by the largest product, and what share by the two largest products?"", ""input_artifact_ids"": [], ""depends_on_step_ids"": []}], ""repair_of_submission_id"": """"}",passed,,,,,4c6da67dca26d2cdc69b8a12d02f2094
C-R10,core,sub-68ca248103d3,1,1,ok,,"[""WITH a AS (SELECT product, SUM(CASE WHEN dpd_days>=30 THEN ead_sar_mn ELSE 0 END)/NULLIF(SUM(ead_sar_mn),0) AS dpd30_share FROM retail_account_month WHERE reporting_month = '2026-08' GROUP BY product), b AS (SELECT product, SUM(CASE WHEN dpd_days>=30 THEN ead_sar_mn ELSE 0 END)/NULLIF(SUM(ead_sar_mn),0) AS dpd30_share FROM retail_account_month WHERE reporting_month = '2026-05' GROUP BY product) SELECT a.product, a.dpd30_share AS dpd30_share_latest, b.dpd30_share AS dpd30_share_base, a.dpd30_share - b.dpd30_share AS dpd30_share_abs_change, (a.dpd30_share - b.dpd30_share) / NULLIF(b.dpd30_share, 0) AS dpd30_share_pct_change FROM a LEFT JOIN b USING (product)""]",[],"{""intent"": {""query_mode"": ""DATA_ANALYSIS"", ""owner"": ""COCKPIT"", ""understood_request"": ""For each retail product, compare the share of EAD that is 30 or more days past due in the latest month with three months earlier."", ""response_language"": ""en"", ""blocking_ambiguities"": [], ""resolved_assumptions"": [], ""canonical_mappings"": [], ""excluded_parts"": [], ""public_rationale"": ""scripted dry run""}, ""objective"": ""For each retail product, compare the share of EAD that is 30 or more days past due in the latest month with three months earlier."", ""subquestions"": [""For each retail product, compare the share of EAD that is 30 or more days past due in the latest month with three months earlier.""], ""scope"": {""reporting_months"": [""2026-08""], ""filters"": {}}, ""metadata_receipt_ids"": [], ""fields_required"": [], ""expected_output_grain"": ""as queried"", ""expected_units"": {}, ""steps"": [{""step_id"": ""s1"", ""language"": ""sql"", ""code"": ""WITH a AS (SELECT product, SUM(CASE WHEN dpd_days>=30 THEN ead_sar_mn ELSE 0 END)/NULLIF(SUM(ead_sar_mn),0) AS dpd30_share FROM retail_account_month WHERE reporting_month = '2026-08' GROUP BY product), b AS (SELECT product, SUM(CASE WHEN dpd_days>=30 THEN ead_sar_mn ELSE 0 END)/NULLIF(SUM(ead_sar_mn),0) AS dpd30_share FROM retail_account_month WHERE reporting_month = '2026-05' GROUP BY product) SELECT a.product, a.dpd30_share AS dpd30_share_latest, b.dpd30_share AS dpd30_share_base, a.dpd30_share - b.dpd30_share AS dpd30_share_abs_change, (a.dpd30_share - b.dpd30_share) / NULLIF(b.dpd30_share, 0) AS dpd30_share_pct_change FROM a LEFT JOIN b USING (product)"", ""parameters"": {}, ""purpose"": ""For each retail product, compare the share of EAD that is 30 or more days past due in the latest month with three months earlier."", ""input_artifact_ids"": [], ""depends_on_step_ids"": []}], ""repair_of_submission_id"": """"}",passed,,,,,e2ef1753bbcc9cfcce09620af579c8f8
C-R11,core,sub-56928f5cda3c,1,1,ok,,"[""SELECT product, delinquency_bucket, SUM(ead_sar_mn) AS ead FROM retail_account_month WHERE reporting_month = '2026-08' AND product IN ('Credit Card', 'Personal Finance') GROUP BY product, delinquency_bucket ORDER BY ead DESC""]",[],"{""intent"": {""query_mode"": ""DATA_ANALYSIS"", ""owner"": ""COCKPIT"", ""understood_request"": ""Show the delinquency bucket distribution of EAD for Credit Card and Personal Finance in the latest month."", ""response_language"": ""en"", ""blocking_ambiguities"": [], ""resolved_assumptions"": [], ""canonical_mappings"": [], ""excluded_parts"": [], ""public_rationale"": ""scripted dry run""}, ""objective"": ""Show the delinquency bucket distribution of EAD for Credit Card and Personal Finance in the latest month."", ""subquestions"": [""Show the delinquency bucket distribution of EAD for Credit Card and Personal Finance in the latest month.""], ""scope"": {""reporting_months"": [""2026-08""], ""filters"": {}}, ""metadata_receipt_ids"": [], ""fields_required"": [], ""expected_output_grain"": ""as queried"", ""expected_units"": {}, ""steps"": [{""step_id"": ""s1"", ""language"": ""sql"", ""code"": ""SELECT product, delinquency_bucket, SUM(ead_sar_mn) AS ead FROM retail_account_month WHERE reporting_month = '2026-08' AND product IN ('Credit Card', 'Personal Finance') GROUP BY product, delinquency_bucket ORDER BY ead DESC"", ""parameters"": {}, ""purpose"": ""Show the delinquency bucket distribution of EAD for Credit Card and Personal Finance in the latest month."", ""input_artifact_ids"": [], ""depends_on_step_ids"": []}], ""repair_of_submission_id"": """"}",passed,,,,,9d365afcfecaf8fef5efd6f9af76f309
C-R12,core,sub-9c7835f01305,1,1,ok,,"[""SELECT reporting_month, SUM(CASE WHEN dpd_days>=30 THEN ead_sar_mn ELSE 0 END) AS dpd30_ead FROM retail_account_month WHERE reporting_month IN ('2026-03', '2026-04', '2026-05', '2026-06', '2026-07', '2026-08') AND product = 'Credit Card' GROUP BY reporting_month ORDER BY reporting_month""]",[],"{""intent"": {""query_mode"": ""DATA_ANALYSIS"", ""owner"": ""COCKPIT"", ""understood_request"": ""Show the six-month trend of Credit Card EAD that is 30 or more days past due."", ""response_language"": ""en"", ""blocking_ambiguities"": [], ""resolved_assumptions"": [], ""canonical_mappings"": [], ""excluded_parts"": [], ""public_rationale"": ""scripted dry run""}, ""objective"": ""Show the six-month trend of Credit Card EAD that is 30 or more days past due."", ""subquestions"": [""Show the six-month trend of Credit Card EAD that is 30 or more days past due.""], ""scope"": {""reporting_months"": [""2026-08""], ""filters"": {}}, ""metadata_receipt_ids"": [], ""fields_required"": [], ""expected_output_grain"": ""as queried"", ""expected_units"": {}, ""steps"": [{""step_id"": ""s1"", ""language"": ""sql"", ""code"": ""SELECT reporting_month, SUM(CASE WHEN dpd_days>=30 THEN ead_sar_mn ELSE 0 END) AS dpd30_ead FROM retail_account_month WHERE reporting_month IN ('2026-03', '2026-04', '2026-05', '2026-06', '2026-07', '2026-08') AND product = 'Credit Card' GROUP BY reporting_month ORDER BY reporting_month"", ""parameters"": {}, ""purpose"": ""Show the six-month trend of Credit Card EAD that is 30 or more days past due."", ""input_artifact_ids"": [], ""depends_on_step_ids"": []}], ""repair_of_submission_id"": """"}",passed,,,,,8cc9463c064ac95c31df9a05ffd2d5ff
C-R13,core,sub-cf41e537d3a1,1,1,ok,,"[""WITH a AS (SELECT product, SUM(CASE WHEN stage=3 THEN ead_sar_mn ELSE 0 END) AS ead_s3 FROM retail_account_month WHERE reporting_month = '2026-08' GROUP BY product), b AS (SELECT product, SUM(CASE WHEN stage=3 THEN ead_sar_mn ELSE 0 END) AS ead_s3 FROM retail_account_month WHERE reporting_month = '2025-08' GROUP BY product) SELECT a.product, a.ead_s3 AS ead_s3_latest, b.ead_s3 AS ead_s3_base, a.ead_s3 - b.ead_s3 AS ead_s3_abs_change, (a.ead_s3 - b.ead_s3) / NULLIF(b.ead_s3, 0) AS ead_s3_pct_change FROM a LEFT JOIN b USING (product)""]",[],"{""intent"": {""query_mode"": ""DATA_ANALYSIS"", ""owner"": ""COCKPIT"", ""understood_request"": ""Show the year-on-year change in Stage 3 EAD by retail product, comparing the latest month with the same month last year."", ""response_language"": ""en"", ""blocking_ambiguities"": [], ""resolved_assumptions"": [], ""canonical_mappings"": [], ""excluded_parts"": [], ""public_rationale"": ""scripted dry run""}, ""objective"": ""Show the year-on-year change in Stage 3 EAD by retail product, comparing the latest month with the same month last year."", ""subquestions"": [""Show the year-on-year change in Stage 3 EAD by retail product, comparing the latest month with the same month last year.""], ""scope"": {""reporting_months"": [""2026-08""], ""filters"": {}}, ""metadata_receipt_ids"": [], ""fields_required"": [], ""expected_output_grain"": ""as queried"", ""expected_units"": {}, ""steps"": [{""step_id"": ""s1"", ""language"": ""sql"", ""code"": ""WITH a AS (SELECT product, SUM(CASE WHEN stage=3 THEN ead_sar_mn ELSE 0 END) AS ead_s3 FROM retail_account_month WHERE reporting_month = '2026-08' GROUP BY product), b AS (SELECT product, SUM(CASE WHEN stage=3 THEN ead_sar_mn ELSE 0 END) AS ead_s3 FROM retail_account_month WHERE reporting_month = '2025-08' GROUP BY product) SELECT a.product, a.ead_s3 AS ead_s3_latest, b.ead_s3 AS ead_s3_base, a.ead_s3 - b.ead_s3 AS ead_s3_abs_change, (a.ead_s3 - b.ead_s3) / NULLIF(b.ead_s3, 0) AS ead_s3_pct_change FROM a LEFT JOIN b USING (product)"", ""parameters"": {}, ""purpose"": ""Show the year-on-year change in Stage 3 EAD by retail product, comparing the latest month with the same month last year."", ""input_artifact_ids"": [], ""depends_on_step_ids"": []}], ""repair_of_submission_id"": """"}",passed,,,,,aa86a25757f25b706a0185ac903b9154
C-R14,core,sub-776ebb81bb0d,1,1,ok,,"[""SELECT customer_segment, SUM(ecl_sar_mn)/NULLIF(SUM(ead_sar_mn),0) AS coverage, SUM(CASE WHEN stage=2 THEN ead_sar_mn ELSE 0 END)/NULLIF(SUM(ead_sar_mn),0) AS s2_share FROM retail_account_month WHERE reporting_month = '2026-08' GROUP BY customer_segment ORDER BY coverage DESC""]",[],"{""intent"": {""query_mode"": ""DATA_ANALYSIS"", ""owner"": ""COCKPIT"", ""understood_request"": ""Compare customer segments in the latest month on ECL coverage ratio and Stage 2 share of EAD, and name the worst segment on each."", ""response_language"": ""en"", ""blocking_ambiguities"": [], ""resolved_assumptions"": [], ""canonical_mappings"": [], ""excluded_parts"": [], ""public_rationale"": ""scripted dry run""}, ""objective"": ""Compare customer segments in the latest month on ECL coverage ratio and Stage 2 share of EAD, and name the worst segment on each."", ""subquestions"": [""Compare customer segments in the latest month on ECL coverage ratio and Stage 2 share of EAD, and name the worst segment on each.""], ""scope"": {""reporting_months"": [""2026-08""], ""filters"": {}}, ""metadata_receipt_ids"": [], ""fields_required"": [], ""expected_output_grain"": ""as queried"", ""expected_units"": {}, ""steps"": [{""step_id"": ""s1"", ""language"": ""sql"", ""code"": ""SELECT customer_segment, SUM(ecl_sar_mn)/NULLIF(SUM(ead_sar_mn),0) AS coverage, SUM(CASE WHEN stage=2 THEN ead_sar_mn ELSE 0 END)/NULLIF(SUM(ead_sar_mn),0) AS s2_share FROM retail_account_month WHERE reporting_month = '2026-08' GROUP BY customer_segment ORDER BY coverage DESC"", ""parameters"": {}, ""purpose"": ""Compare customer segments in the latest month on ECL coverage ratio and Stage 2 share of EAD, and name the worst segment on each."", ""input_artifact_ids"": [], ""depends_on_step_ids"": []}], ""repair_of_submission_id"": """"}",passed,,,,,1f54da4c58ea70adddd863b5fca2a619
C-R15,core,sub-68b30dc70bec,1,1,ok,,"[""SELECT employment_type, SUM(CASE WHEN dpd_days>=30 THEN ead_sar_mn ELSE 0 END)/NULLIF(SUM(ead_sar_mn),0) AS dpd30_share FROM retail_account_month WHERE reporting_month = '2026-08' GROUP BY employment_type ORDER BY dpd30_share DESC""]",[],"{""intent"": {""query_mode"": ""DATA_ANALYSIS"", ""owner"": ""COCKPIT"", ""understood_request"": ""What share of EAD is 30 or more days past due for each employment type in the latest month?"", ""response_language"": ""en"", ""blocking_ambiguities"": [], ""resolved_assumptions"": [], ""canonical_mappings"": [], ""excluded_parts"": [], ""public_rationale"": ""scripted dry run""}, ""objective"": ""What share of EAD is 30 or more days past due for each employment type in the latest month?"", ""subquestions"": [""What share of EAD is 30 or more days past due for each employment type in the latest month?""], ""scope"": {""reporting_months"": [""2026-08""], ""filters"": {}}, ""metadata_receipt_ids"": [], ""fields_required"": [], ""expected_output_grain"": ""as queried"", ""expected_units"": {}, ""steps"": [{""step_id"": ""s1"", ""language"": ""sql"", ""code"": ""SELECT employment_type, SUM(CASE WHEN dpd_days>=30 THEN ead_sar_mn ELSE 0 END)/NULLIF(SUM(ead_sar_mn),0) AS dpd30_share FROM retail_account_month WHERE reporting_month = '2026-08' GROUP BY employment_type ORDER BY dpd30_share DESC"", ""parameters"": {}, ""purpose"": ""What share of EAD is 30 or more days past due for each employment type in the latest month?"", ""input_artifact_ids"": [], ""depends_on_step_ids"": []}], ""repair_of_submission_id"": """"}",passed,,,,,4a2e2059afbdf923d6cf6ddc3ca49444
C-R16,core,sub-4b2af90eaa16,1,1,ok,,"[""SELECT origination_channel, SUM(CASE WHEN stage=3 THEN ead_sar_mn ELSE 0 END)/NULLIF(SUM(ead_sar_mn),0) AS s3_share FROM retail_account_month WHERE reporting_month = '2026-08' GROUP BY origination_channel ORDER BY s3_share DESC""]",[],"{""intent"": {""query_mode"": ""DATA_ANALYSIS"", ""owner"": ""COCKPIT"", ""understood_request"": ""What is the Stage 3 share of EAD by origination channel in the latest month?"", ""response_language"": ""en"", ""blocking_ambiguities"": [], ""resolved_assumptions"": [], ""canonical_mappings"": [], ""excluded_parts"": [], ""public_rationale"": ""scripted dry run""}, ""objective"": ""What is the Stage 3 share of EAD by origination channel in the latest month?"", ""subquestions"": [""What is the Stage 3 share of EAD by origination channel in the latest month?""], ""scope"": {""reporting_months"": [""2026-08""], ""filters"": {}}, ""metadata_receipt_ids"": [], ""fields_required"": [], ""expected_output_grain"": ""as queried"", ""expected_units"": {}, ""steps"": [{""step_id"": ""s1"", ""language"": ""sql"", ""code"": ""SELECT origination_channel, SUM(CASE WHEN stage=3 THEN ead_sar_mn ELSE 0 END)/NULLIF(SUM(ead_sar_mn),0) AS s3_share FROM retail_account_month WHERE reporting_month = '2026-08' GROUP BY origination_channel ORDER BY s3_share DESC"", ""parameters"": {}, ""purpose"": ""What is the Stage 3 share of EAD by origination channel in the latest month?"", ""input_artifact_ids"": [], ""depends_on_step_ids"": []}], ""repair_of_submission_id"": """"}",passed,,,,,2d5db47a8bb7ade84639d040592a4e39
C-R17,core,sub-d91c48bf44b6,1,1,ok,,"[""SELECT vintage_year, SUM(CASE WHEN stage=2 THEN ead_sar_mn ELSE 0 END)/NULLIF(SUM(ead_sar_mn),0) AS s2_share FROM retail_account_month WHERE reporting_month = '2026-08' GROUP BY vintage_year ORDER BY s2_share DESC""]",[],"{""intent"": {""query_mode"": ""DATA_ANALYSIS"", ""owner"": ""COCKPIT"", ""understood_request"": ""Show the Stage 2 share of EAD by vintage year for the latest month."", ""response_language"": ""en"", ""blocking_ambiguities"": [], ""resolved_assumptions"": [], ""canonical_mappings"": [], ""excluded_parts"": [], ""public_rationale"": ""scripted dry run""}, ""objective"": ""Show the Stage 2 share of EAD by vintage year for the latest month."", ""subquestions"": [""Show the Stage 2 share of EAD by vintage year for the latest month.""], ""scope"": {""reporting_months"": [""2026-08""], ""filters"": {}}, ""metadata_receipt_ids"": [], ""fields_required"": [], ""expected_output_grain"": ""as queried"", ""expected_units"": {}, ""steps"": [{""step_id"": ""s1"", ""language"": ""sql"", ""code"": ""SELECT vintage_year, SUM(CASE WHEN stage=2 THEN ead_sar_mn ELSE 0 END)/NULLIF(SUM(ead_sar_mn),0) AS s2_share FROM retail_account_month WHERE reporting_month = '2026-08' GROUP BY vintage_year ORDER BY s2_share DESC"", ""parameters"": {}, ""purpose"": ""Show the Stage 2 share of EAD by vintage year for the latest month."", ""input_artifact_ids"": [], ""depends_on_step_ids"": []}], ""repair_of_submission_id"": """"}",passed,,,,,2cd040e42f6f0d749bd131188ddd948d
C-R18,core,sub-61f60452a559,1,1,ok,,"[""SELECT customer_segment, COUNT(*) AS customers, SUM(total_ead_sar_mn) AS ead FROM retail_customer_month WHERE reporting_month='2026-08' AND worst_stage=3 GROUP BY customer_segment ORDER BY ead DESC""]",[],"{""intent"": {""query_mode"": ""DATA_ANALYSIS"", ""owner"": ""COCKPIT"", ""understood_request"": ""How many retail customers have Stage 3 as their worst account stage in the latest month, by customer segment, and what is their total EAD?"", ""response_language"": ""en"", ""blocking_ambiguities"": [], ""resolved_assumptions"": [], ""canonical_mappings"": [], ""excluded_parts"": [], ""public_rationale"": ""scripted dry run""}, ""objective"": ""How many retail customers have Stage 3 as their worst account stage in the latest month, by customer segment, and what is their total EAD?"", ""subquestions"": [""How many retail customers have Stage 3 as their worst account stage in the latest month, by customer segment, and what is their total EAD?""], ""scope"": {""reporting_months"": [""2026-08""], ""filters"": {}}, ""metadata_receipt_ids"": [], ""fields_required"": [], ""expected_output_grain"": ""as queried"", ""expected_units"": {}, ""steps"": [{""step_id"": ""s1"", ""language"": ""sql"", ""code"": ""SELECT customer_segment, COUNT(*) AS customers, SUM(total_ead_sar_mn) AS ead FROM retail_customer_month WHERE reporting_month='2026-08' AND worst_stage=3 GROUP BY customer_segment ORDER BY ead DESC"", ""parameters"": {}, ""purpose"": ""How many retail customers have Stage 3 as their worst account stage in the latest month, by customer segment, and what is their total EAD?"", ""input_artifact_ids"": [], ""depends_on_step_ids"": []}], ""repair_of_submission_id"": """"}",passed,,,,,0794b2cac9326e4b749359292c19d2b2
C-R19,core,sub-2f10f6f7dee8,1,1,ok,,"[""SELECT customer_segment, COUNT(*) AS customers, SUM(total_ead_sar_mn) AS ead FROM retail_customer_month WHERE reporting_month='2026-08' AND score_migration='DETERIORATED' GROUP BY customer_segment ORDER BY customers DESC""]",[],"{""intent"": {""query_mode"": ""DATA_ANALYSIS"", ""owner"": ""COCKPIT"", ""understood_request"": ""How many customers had their behaviour score band deteriorate this month, by customer segment, and what is their total EAD?"", ""response_language"": ""en"", ""blocking_ambiguities"": [], ""resolved_assumptions"": [], ""canonical_mappings"": [], ""excluded_parts"": [], ""public_rationale"": ""scripted dry run""}, ""objective"": ""How many customers had their behaviour score band deteriorate this month, by customer segment, and what is their total EAD?"", ""subquestions"": [""How many customers had their behaviour score band deteriorate this month, by customer segment, and what is their total EAD?""], ""scope"": {""reporting_months"": [""2026-08""], ""filters"": {}}, ""metadata_receipt_ids"": [], ""fields_required"": [], ""expected_output_grain"": ""as queried"", ""expected_units"": {}, ""steps"": [{""step_id"": ""s1"", ""language"": ""sql"", ""code"": ""SELECT customer_segment, COUNT(*) AS customers, SUM(total_ead_sar_mn) AS ead FROM retail_customer_month WHERE reporting_month='2026-08' AND score_migration='DETERIORATED' GROUP BY customer_segment ORDER BY customers DESC"", ""parameters"": {}, ""purpose"": ""How many customers had their behaviour score band deteriorate this month, by customer segment, and what is their total EAD?"", ""input_artifact_ids"": [], ""depends_on_step_ids"": []}], ""repair_of_submission_id"": """"}",passed,,,,,e17151d3c62be671087fdca8cdae1224
C-R20,core,sub-64a992039732,1,1,ok,,"[""SELECT SUM(a.balance_sar_mn)/SUM(c.collateral_value_sar_mn) AS ltv, SUM(a.balance_sar_mn) AS balance, SUM(c.collateral_value_sar_mn) AS collateral FROM retail_collateral_month c JOIN retail_account_month a ON a.account_id=c.account_id AND a.reporting_month=c.reporting_month WHERE c.reporting_month='2026-08' AND c.product='Mortgage'""]",[],"{""intent"": {""query_mode"": ""DATA_ANALYSIS"", ""owner"": ""COCKPIT"", ""understood_request"": ""What is the aggregate mortgage LTV in the latest month, defined as total mortgage balance divided by total collateral value?"", ""response_language"": ""en"", ""blocking_ambiguities"": [], ""resolved_assumptions"": [], ""canonical_mappings"": [], ""excluded_parts"": [], ""public_rationale"": ""scripted dry run""}, ""objective"": ""What is the aggregate mortgage LTV in the latest month, defined as total mortgage balance divided by total collateral value?"", ""subquestions"": [""What is the aggregate mortgage LTV in the latest month, defined as total mortgage balance divided by total collateral value?""], ""scope"": {""reporting_months"": [""2026-08""], ""filters"": {}}, ""metadata_receipt_ids"": [], ""fields_required"": [], ""expected_output_grain"": ""as queried"", ""expected_units"": {}, ""steps"": [{""step_id"": ""s1"", ""language"": ""sql"", ""code"": ""SELECT SUM(a.balance_sar_mn)/SUM(c.collateral_value_sar_mn) AS ltv, SUM(a.balance_sar_mn) AS balance, SUM(c.collateral_value_sar_mn) AS collateral FROM retail_collateral_month c JOIN retail_account_month a ON a.account_id=c.account_id AND a.reporting_month=c.reporting_month WHERE c.reporting_month='2026-08' AND c.product='Mortgage'"", ""parameters"": {}, ""purpose"": ""What is the aggregate mortgage LTV in the latest month, defined as total mortgage balance divided by total collateral value?"", ""input_artifact_ids"": [], ""depends_on_step_ids"": []}], ""repair_of_submission_id"": """"}",passed,,,,,f0580ec22e14b2c32d7837dd9242d7f3
D-TD01-1,core,sub-990449af3805,1,1,ok,,"[""SELECT sector, SUM(CASE WHEN stage=2 THEN ead_sar_mn ELSE 0 END) AS ead_s2 FROM corp_facility_quarter WHERE reporting_quarter = '2026Q2' GROUP BY sector ORDER BY ead_s2 DESC""]",[],"{""intent"": {""query_mode"": ""DATA_ANALYSIS"", ""owner"": ""COCKPIT"", ""understood_request"": ""Show Stage 2 EAD by sector for the latest quarter."", ""response_language"": ""en"", ""blocking_ambiguities"": [], ""resolved_assumptions"": [], ""canonical_mappings"": [], ""excluded_parts"": [], ""public_rationale"": ""scripted dry run""}, ""objective"": ""Show Stage 2 EAD by sector for the latest quarter."", ""subquestions"": [""Show Stage 2 EAD by sector for the latest quarter.""], ""scope"": {""reporting_months"": [""2026Q2""], ""filters"": {}}, ""metadata_receipt_ids"": [], ""fields_required"": [], ""expected_output_grain"": ""as queried"", ""expected_units"": {}, ""steps"": [{""step_id"": ""s1"", ""language"": ""sql"", ""code"": ""SELECT sector, SUM(CASE WHEN stage=2 THEN ead_sar_mn ELSE 0 END) AS ead_s2 FROM corp_facility_quarter WHERE reporting_quarter = '2026Q2' GROUP BY sector ORDER BY ead_s2 DESC"", ""parameters"": {}, ""purpose"": ""Show Stage 2 EAD by sector for the latest quarter."", ""input_artifact_ids"": [], ""depends_on_step_ids"": []}], ""repair_of_submission_id"": """"}",passed,,,,,141b2c5ad33a6eddd4f25c006a5294ed
D-TD01-2,core,sub-441ec04af4dc,1,1,ok,,"[""SELECT sector, SUM(CASE WHEN stage=2 THEN ead_sar_mn ELSE 0 END) AS ead_s2 FROM corp_facility_quarter WHERE reporting_quarter = '2026Q2' GROUP BY sector ORDER BY ead_s2 DESC LIMIT 3""]",[],"{""intent"": {""query_mode"": ""DATA_ANALYSIS"", ""owner"": ""COCKPIT"", ""understood_request"": ""Only show the top three."", ""response_language"": ""en"", ""blocking_ambiguities"": [], ""resolved_assumptions"": [], ""canonical_mappings"": [], ""excluded_parts"": [], ""public_rationale"": ""scripted dry run""}, ""objective"": ""Only show the top three."", ""subquestions"": [""Only show the top three.""], ""scope"": {""reporting_months"": [""2026Q2""], ""filters"": {}}, ""metadata_receipt_ids"": [], ""fields_required"": [], ""expected_output_grain"": ""as queried"", ""expected_units"": {}, ""steps"": [{""step_id"": ""s1"", ""language"": ""sql"", ""code"": ""SELECT sector, SUM(CASE WHEN stage=2 THEN ead_sar_mn ELSE 0 END) AS ead_s2 FROM corp_facility_quarter WHERE reporting_quarter = '2026Q2' GROUP BY sector ORDER BY ead_s2 DESC LIMIT 3"", ""parameters"": {}, ""purpose"": ""Only show the top three."", ""input_artifact_ids"": [], ""depends_on_step_ids"": []}], ""repair_of_submission_id"": """"}",passed,,,,,ad00032027149e568d1b69213c5709e0
D-TD01-3,core,sub-f41afe900c2e,1,1,ok,,"[""WITH c AS (WITH a AS (SELECT sector, SUM(CASE WHEN stage=2 THEN ead_sar_mn ELSE 0 END) AS ead_s2 FROM corp_facility_quarter WHERE reporting_quarter = '2026Q2' GROUP BY sector), b AS (SELECT sector, SUM(CASE WHEN stage=2 THEN ead_sar_mn ELSE 0 END) AS ead_s2 FROM corp_facility_quarter WHERE reporting_quarter = '2026Q1' GROUP BY sector) SELECT a.sector, a.ead_s2 AS ead_s2_latest, b.ead_s2 AS ead_s2_base, a.ead_s2 - b.ead_s2 AS ead_s2_abs_change, (a.ead_s2 - b.ead_s2) / NULLIF(b.ead_s2, 0) AS ead_s2_pct_change FROM a LEFT JOIN b USING (sector)) SELECT * FROM c WHERE sector IN ('Construction', 'Real Estate', 'Hospitality')""]",[],"{""intent"": {""query_mode"": ""DATA_ANALYSIS"", ""owner"": ""COCKPIT"", ""understood_request"": ""Compare those same three with the previous quarter."", ""response_language"": ""en"", ""blocking_ambiguities"": [], ""resolved_assumptions"": [], ""canonical_mappings"": [], ""excluded_parts"": [], ""public_rationale"": ""scripted dry run""}, ""objective"": ""Compare those same three with the previous quarter."", ""subquestions"": [""Compare those same three with the previous quarter.""], ""scope"": {""reporting_months"": [""2026Q2""], ""filters"": {}}, ""metadata_receipt_ids"": [], ""fields_required"": [], ""expected_output_grain"": ""as queried"", ""expected_units"": {}, ""steps"": [{""step_id"": ""s1"", ""language"": ""sql"", ""code"": ""WITH c AS (WITH a AS (SELECT sector, SUM(CASE WHEN stage=2 THEN ead_sar_mn ELSE 0 END) AS ead_s2 FROM corp_facility_quarter WHERE reporting_quarter = '2026Q2' GROUP BY sector), b AS (SELECT sector, SUM(CASE WHEN stage=2 THEN ead_sar_mn ELSE 0 END) AS ead_s2 FROM corp_facility_quarter WHERE reporting_quarter = '2026Q1' GROUP BY sector) SELECT a.sector, a.ead_s2 AS ead_s2_latest, b.ead_s2 AS ead_s2_base, a.ead_s2 - b.ead_s2 AS ead_s2_abs_change, (a.ead_s2 - b.ead_s2) / NULLIF(b.ead_s2, 0) AS ead_s2_pct_change FROM a LEFT JOIN b USING (sector)) SELECT * FROM c WHERE sector IN ('Construction', 'Real Estate', 'Hospitality')"", ""parameters"": {}, ""purpose"": ""Compare those same three with the previous quarter."", ""input_artifact_ids"": [], ""depends_on_step_ids"": []}], ""repair_of_submission_id"": """"}",passed,,,,,014a388ace815f61380fad915f8e0959
D-TD01-4,core,sub-ffbbc046ef39,1,1,ok,,"[""WITH c AS (WITH a AS (SELECT sector, SUM(CASE WHEN stage=2 THEN ead_sar_mn ELSE 0 END) AS ead_s2 FROM corp_facility_quarter WHERE reporting_quarter = '2026Q2' GROUP BY sector), b AS (SELECT sector, SUM(CASE WHEN stage=2 THEN ead_sar_mn ELSE 0 END) AS ead_s2 FROM corp_facility_quarter WHERE reporting_quarter = '2026Q1' GROUP BY sector) SELECT a.sector, a.ead_s2 AS ead_s2_latest, b.ead_s2 AS ead_s2_base, a.ead_s2 - b.ead_s2 AS ead_s2_abs_change, (a.ead_s2 - b.ead_s2) / NULLIF(b.ead_s2, 0) AS ead_s2_pct_change FROM a LEFT JOIN b USING (sector)) SELECT * FROM c WHERE sector IN ('Construction', 'Real Estate', 'Hospitality') ORDER BY ead_s2_abs_change DESC LIMIT 1""]",[],"{""intent"": {""query_mode"": ""DATA_ANALYSIS"", ""owner"": ""COCKPIT"", ""understood_request"": ""Which of them deteriorated most?"", ""response_language"": ""en"", ""blocking_ambiguities"": [], ""resolved_assumptions"": [], ""canonical_mappings"": [], ""excluded_parts"": [], ""public_rationale"": ""scripted dry run""}, ""objective"": ""Which of them deteriorated most?"", ""subquestions"": [""Which of them deteriorated most?""], ""scope"": {""reporting_months"": [""2026Q2""], ""filters"": {}}, ""metadata_receipt_ids"": [], ""fields_required"": [], ""expected_output_grain"": ""as queried"", ""expected_units"": {}, ""steps"": [{""step_id"": ""s1"", ""language"": ""sql"", ""code"": ""WITH c AS (WITH a AS (SELECT sector, SUM(CASE WHEN stage=2 THEN ead_sar_mn ELSE 0 END) AS ead_s2 FROM corp_facility_quarter WHERE reporting_quarter = '2026Q2' GROUP BY sector), b AS (SELECT sector, SUM(CASE WHEN stage=2 THEN ead_sar_mn ELSE 0 END) AS ead_s2 FROM corp_facility_quarter WHERE reporting_quarter = '2026Q1' GROUP BY sector) SELECT a.sector, a.ead_s2 AS ead_s2_latest, b.ead_s2 AS ead_s2_base, a.ead_s2 - b.ead_s2 AS ead_s2_abs_change, (a.ead_s2 - b.ead_s2) / NULLIF(b.ead_s2, 0) AS ead_s2_pct_change FROM a LEFT JOIN b USING (sector)) SELECT * FROM c WHERE sector IN ('Construction', 'Real Estate', 'Hospitality') ORDER BY ead_s2_abs_change DESC LIMIT 1"", ""parameters"": {}, ""purpose"": ""Which of them deteriorated most?"", ""input_artifact_ids"": [], ""depends_on_step_ids"": []}], ""repair_of_submission_id"": """"}",passed,,,,,c7ae8047b84f44279617c3aae8e5f748
D-TD02-3,core,sub-afbbfa9d11af,1,1,ok,,"[""SELECT reporting_month, product, SUM(CASE WHEN stage=2 THEN ead_sar_mn ELSE 0 END)/NULLIF(SUM(ead_sar_mn),0) AS s2_share, SUM(CASE WHEN dpd_days>=30 THEN ead_sar_mn ELSE 0 END)/NULLIF(SUM(ead_sar_mn),0) AS dpd30_share, SUM(ecl_sar_mn)/NULLIF(SUM(ead_sar_mn),0) AS coverage FROM retail_account_month WHERE reporting_month IN ('2026-03', '2026-04', '2026-05', '2026-06', '2026-07', '2026-08') AND product IN ('Credit Card', 'Mortgage') GROUP BY reporting_month, product ORDER BY reporting_month, product""]",[],"{""intent"": {""query_mode"": ""DATA_ANALYSIS"", ""owner"": ""COCKPIT"", ""understood_request"": ""Which worsened for longer?"", ""response_language"": ""en"", ""blocking_ambiguities"": [], ""resolved_assumptions"": [], ""canonical_mappings"": [], ""excluded_parts"": [], ""public_rationale"": ""scripted dry run""}, ""objective"": ""Which worsened for longer?"", ""subquestions"": [""Which worsened for longer?""], ""scope"": {""reporting_months"": [""2026-08""], ""filters"": {}}, ""metadata_receipt_ids"": [], ""fields_required"": [], ""expected_output_grain"": ""as queried"", ""expected_units"": {}, ""steps"": [{""step_id"": ""s1"", ""language"": ""sql"", ""code"": ""SELECT reporting_month, product, SUM(CASE WHEN stage=2 THEN ead_sar_mn ELSE 0 END)/NULLIF(SUM(ead_sar_mn),0) AS s2_share, SUM(CASE WHEN dpd_days>=30 THEN ead_sar_mn ELSE 0 END)/NULLIF(SUM(ead_sar_mn),0) AS dpd30_share, SUM(ecl_sar_mn)/NULLIF(SUM(ead_sar_mn),0) AS coverage FROM retail_account_month WHERE reporting_month IN ('2026-03', '2026-04', '2026-05', '2026-06', '2026-07', '2026-08') AND product IN ('Credit Card', 'Mortgage') GROUP BY reporting_month, product ORDER BY reporting_month, product"", ""parameters"": {}, ""purpose"": ""Which worsened for longer?"", ""input_artifact_ids"": [], ""depends_on_step_ids"": []}], ""repair_of_submission_id"": """"}",passed,,,,,bb5affac2a1cf1c21e429cc360f850cb
D-TD02-4,core,sub-fb6196a3f96c,1,1,ok,,"[""SELECT reporting_month, product, SUM(CASE WHEN stage=2 THEN ead_sar_mn ELSE 0 END)/NULLIF(SUM(ead_sar_mn),0) AS s2_share, SUM(CASE WHEN dpd_days>=30 THEN ead_sar_mn ELSE 0 END)/NULLIF(SUM(ead_sar_mn),0) AS dpd30_share, SUM(ecl_sar_mn)/NULLIF(SUM(ead_sar_mn),0) AS coverage, SUM(CASE WHEN stage=2 THEN ead_sar_mn ELSE 0 END) AS ead_s2, SUM(CASE WHEN dpd_days>=30 THEN ead_sar_mn ELSE 0 END) AS dpd30_ead FROM retail_account_month WHERE reporting_month IN ('2026-03', '2026-04', '2026-05', '2026-06', '2026-07', '2026-08') AND product IN ('Credit Card', 'Mortgage') GROUP BY reporting_month, product ORDER BY reporting_month, product""]",[],"{""intent"": {""query_mode"": ""DATA_ANALYSIS"", ""owner"": ""COCKPIT"", ""understood_request"": ""Show the six-month evidence."", ""response_language"": ""en"", ""blocking_ambiguities"": [], ""resolved_assumptions"": [], ""canonical_mappings"": [], ""excluded_parts"": [], ""public_rationale"": ""scripted dry run""}, ""objective"": ""Show the six-month evidence."", ""subquestions"": [""Show the six-month evidence.""], ""scope"": {""reporting_months"": [""2026-08""], ""filters"": {}}, ""metadata_receipt_ids"": [], ""fields_required"": [], ""expected_output_grain"": ""as queried"", ""expected_units"": {}, ""steps"": [{""step_id"": ""s1"", ""language"": ""sql"", ""code"": ""SELECT reporting_month, product, SUM(CASE WHEN stage=2 THEN ead_sar_mn ELSE 0 END)/NULLIF(SUM(ead_sar_mn),0) AS s2_share, SUM(CASE WHEN dpd_days>=30 THEN ead_sar_mn ELSE 0 END)/NULLIF(SUM(ead_sar_mn),0) AS dpd30_share, SUM(ecl_sar_mn)/NULLIF(SUM(ead_sar_mn),0) AS coverage, SUM(CASE WHEN stage=2 THEN ead_sar_mn ELSE 0 END) AS ead_s2, SUM(CASE WHEN dpd_days>=30 THEN ead_sar_mn ELSE 0 END) AS dpd30_ead FROM retail_account_month WHERE reporting_month IN ('2026-03', '2026-04', '2026-05', '2026-06', '2026-07', '2026-08') AND product IN ('Credit Card', 'Mortgage') GROUP BY reporting_month, product ORDER BY reporting_month, product"", ""parameters"": {}, ""purpose"": ""Show the six-month evidence."", ""input_artifact_ids"": [], ""depends_on_step_ids"": []}], ""repair_of_submission_id"": """"}",passed,,,,,d70070d7d03a753b51a9db2b0e636762
D-TD03-1,core,sub-56465310433d,1,1,ok,,"[""SELECT sector, SUM(ecl_sar_mn) AS ecl FROM corp_facility_quarter WHERE reporting_quarter = '2026Q2' GROUP BY sector ORDER BY ecl DESC""]",[],"{""intent"": {""query_mode"": ""DATA_ANALYSIS"", ""owner"": ""COCKPIT"", ""understood_request"": ""What is total ECL by sector in the latest quarter?"", ""response_language"": ""en"", ""blocking_ambiguities"": [], ""resolved_assumptions"": [], ""canonical_mappings"": [], ""excluded_parts"": [], ""public_rationale"": ""scripted dry run""}, ""objective"": ""What is total ECL by sector in the latest quarter?"", ""subquestions"": [""What is total ECL by sector in the latest quarter?""], ""scope"": {""reporting_months"": [""2026Q2""], ""filters"": {}}, ""metadata_receipt_ids"": [], ""fields_required"": [], ""expected_output_grain"": ""as queried"", ""expected_units"": {}, ""steps"": [{""step_id"": ""s1"", ""language"": ""sql"", ""code"": ""SELECT sector, SUM(ecl_sar_mn) AS ecl FROM corp_facility_quarter WHERE reporting_quarter = '2026Q2' GROUP BY sector ORDER BY ecl DESC"", ""parameters"": {}, ""purpose"": ""What is total ECL by sector in the latest quarter?"", ""input_artifact_ids"": [], ""depends_on_step_ids"": []}], ""repair_of_submission_id"": """"}",passed,,,,,d7299f4082cecedb98461d1db13270b9
D-TD03-2,core,sub-797defb5df6a,1,1,ok,,"[""SELECT sector, SUM(ecl_sar_mn) AS ecl FROM corp_facility_quarter WHERE reporting_quarter = '2026Q2' GROUP BY sector ORDER BY ecl DESC LIMIT 1""]",[],"{""intent"": {""query_mode"": ""DATA_ANALYSIS"", ""owner"": ""COCKPIT"", ""understood_request"": ""Which sector has the highest?"", ""response_language"": ""en"", ""blocking_ambiguities"": [], ""resolved_assumptions"": [], ""canonical_mappings"": [], ""excluded_parts"": [], ""public_rationale"": ""scripted dry run""}, ""objective"": ""Which sector has the highest?"", ""subquestions"": [""Which sector has the highest?""], ""scope"": {""reporting_months"": [""2026Q2""], ""filters"": {}}, ""metadata_receipt_ids"": [], ""fields_required"": [], ""expected_output_grain"": ""as queried"", ""expected_units"": {}, ""steps"": [{""step_id"": ""s1"", ""language"": ""sql"", ""code"": ""SELECT sector, SUM(ecl_sar_mn) AS ecl FROM corp_facility_quarter WHERE reporting_quarter = '2026Q2' GROUP BY sector ORDER BY ecl DESC LIMIT 1"", ""parameters"": {}, ""purpose"": ""Which sector has the highest?"", ""input_artifact_ids"": [], ""depends_on_step_ids"": []}], ""repair_of_submission_id"": """"}",passed,,,,,e073476c68c783615e6a22127aa7b890
D-TD03-3,core,sub-330f64080ce9,1,1,ok,,"[""SELECT SUM(CASE WHEN stage=3 THEN ead_sar_mn ELSE 0 END) AS ead_s3 FROM corp_facility_quarter WHERE reporting_quarter = '2026Q2' AND sector = 'Construction'""]",[],"{""intent"": {""query_mode"": ""DATA_ANALYSIS"", ""owner"": ""COCKPIT"", ""understood_request"": ""What is its Stage 3 EAD?"", ""response_language"": ""en"", ""blocking_ambiguities"": [], ""resolved_assumptions"": [], ""canonical_mappings"": [], ""excluded_parts"": [], ""public_rationale"": ""scripted dry run""}, ""objective"": ""What is its Stage 3 EAD?"", ""subquestions"": [""What is its Stage 3 EAD?""], ""scope"": {""reporting_months"": [""2026Q2""], ""filters"": {}}, ""metadata_receipt_ids"": [], ""fields_required"": [], ""expected_output_grain"": ""as queried"", ""expected_units"": {}, ""steps"": [{""step_id"": ""s1"", ""language"": ""sql"", ""code"": ""SELECT SUM(CASE WHEN stage=3 THEN ead_sar_mn ELSE 0 END) AS ead_s3 FROM corp_facility_quarter WHERE reporting_quarter = '2026Q2' AND sector = 'Construction'"", ""parameters"": {}, ""purpose"": ""What is its Stage 3 EAD?"", ""input_artifact_ids"": [], ""depends_on_step_ids"": []}], ""repair_of_submission_id"": """"}",passed,,,,,6be641055f531db3a3a8e5b1f28e088e
D-TD03-4,core,sub-f61c68d3c6ce,1,1,ok,,"[""WITH a AS (SELECT SUM(CASE WHEN stage=3 THEN ead_sar_mn ELSE 0 END) AS ead_s3 FROM corp_facility_quarter WHERE reporting_quarter = '2026Q2' AND sector = 'Construction'), b AS (SELECT SUM(CASE WHEN stage=3 THEN ead_sar_mn ELSE 0 END) AS ead_s3 FROM corp_facility_quarter WHERE reporting_quarter = '2025Q2' AND sector = 'Construction') SELECT a.ead_s3 AS ead_s3_latest, b.ead_s3 AS ead_s3_base, a.ead_s3 - b.ead_s3 AS ead_s3_abs_change, (a.ead_s3 - b.ead_s3) / NULLIF(b.ead_s3, 0) AS ead_s3_pct_change FROM a LEFT JOIN b ON TRUE""]",[],"{""intent"": {""query_mode"": ""DATA_ANALYSIS"", ""owner"": ""COCKPIT"", ""understood_request"": ""And how does that compare with the same quarter last year?"", ""response_language"": ""en"", ""blocking_ambiguities"": [], ""resolved_assumptions"": [], ""canonical_mappings"": [], ""excluded_parts"": [], ""public_rationale"": ""scripted dry run""}, ""objective"": ""And how does that compare with the same quarter last year?"", ""subquestions"": [""And how does that compare with the same quarter last year?""], ""scope"": {""reporting_months"": [""2026Q2""], ""filters"": {}}, ""metadata_receipt_ids"": [], ""fields_required"": [], ""expected_output_grain"": ""as queried"", ""expected_units"": {}, ""steps"": [{""step_id"": ""s1"", ""language"": ""sql"", ""code"": ""WITH a AS (SELECT SUM(CASE WHEN stage=3 THEN ead_sar_mn ELSE 0 END) AS ead_s3 FROM corp_facility_quarter WHERE reporting_quarter = '2026Q2' AND sector = 'Construction'), b AS (SELECT SUM(CASE WHEN stage=3 THEN ead_sar_mn ELSE 0 END) AS ead_s3 FROM corp_facility_quarter WHERE reporting_quarter = '2025Q2' AND sector = 'Construction') SELECT a.ead_s3 AS ead_s3_latest, b.ead_s3 AS ead_s3_base, a.ead_s3 - b.ead_s3 AS ead_s3_abs_change, (a.ead_s3 - b.ead_s3) / NULLIF(b.ead_s3, 0) AS ead_s3_pct_change FROM a LEFT JOIN b ON TRUE"", ""parameters"": {}, ""purpose"": ""And how does that compare with the same quarter last year?"", ""input_artifact_ids"": [], ""depends_on_step_ids"": []}], ""repair_of_submission_id"": """"}",passed,,,,,89278e8569dafb115400a09cf299c87b
D-TD03-5,core,sub-80ce492a5741,1,1,ok,,"[""SELECT SUM(ecl_sar_mn) AS ecl FROM corp_facility_quarter WHERE reporting_quarter = '2026Q2'""]",[],"{""intent"": {""query_mode"": ""DATA_ANALYSIS"", ""owner"": ""COCKPIT"", ""understood_request"": ""Go back to the first table: what was the total across all sectors?"", ""response_language"": ""en"", ""blocking_ambiguities"": [], ""resolved_assumptions"": [], ""canonical_mappings"": [], ""excluded_parts"": [], ""public_rationale"": ""scripted dry run""}, ""objective"": ""Go back to the first table: what was the total across all sectors?"", ""subquestions"": [""Go back to the first table: what was the total across all sectors?""], ""scope"": {""reporting_months"": [""2026Q2""], ""filters"": {}}, ""metadata_receipt_ids"": [], ""fields_required"": [], ""expected_output_grain"": ""as queried"", ""expected_units"": {}, ""steps"": [{""step_id"": ""s1"", ""language"": ""sql"", ""code"": ""SELECT SUM(ecl_sar_mn) AS ecl FROM corp_facility_quarter WHERE reporting_quarter = '2026Q2'"", ""parameters"": {}, ""purpose"": ""Go back to the first table: what was the total across all sectors?"", ""input_artifact_ids"": [], ""depends_on_step_ids"": []}], ""repair_of_submission_id"": """"}",passed,,,,,bbad842902659ef747102995bdbcd2cc
D-TD04-1,core,sub-817e1da027d0,1,1,ok,,"[""SELECT product, SUM(ead_sar_mn) AS ead FROM retail_account_month WHERE reporting_month = '2026-08' GROUP BY product ORDER BY ead DESC""]",[],"{""intent"": {""query_mode"": ""DATA_ANALYSIS"", ""owner"": ""COCKPIT"", ""understood_request"": ""Show retail EAD by product for the latest month."", ""response_language"": ""en"", ""blocking_ambiguities"": [], ""resolved_assumptions"": [], ""canonical_mappings"": [], ""excluded_parts"": [], ""public_rationale"": ""scripted dry run""}, ""objective"": ""Show retail EAD by product for the latest month."", ""subquestions"": [""Show retail EAD by product for the latest month.""], ""scope"": {""reporting_months"": [""2026-08""], ""filters"": {}}, ""metadata_receipt_ids"": [], ""fields_required"": [], ""expected_output_grain"": ""as queried"", ""expected_units"": {}, ""steps"": [{""step_id"": ""s1"", ""language"": ""sql"", ""code"": ""SELECT product, SUM(ead_sar_mn) AS ead FROM retail_account_month WHERE reporting_month = '2026-08' GROUP BY product ORDER BY ead DESC"", ""parameters"": {}, ""purpose"": ""Show retail EAD by product for the latest month."", ""input_artifact_ids"": [], ""depends_on_step_ids"": []}], ""repair_of_submission_id"": """"}",passed,,,,,f581ef21bd08374511c3de508f0a6b92
D-TD04-2,core,sub-4511053215a3,1,1,ok,,"[""SELECT product, SUM(ead_sar_mn) AS ead FROM retail_account_month WHERE reporting_month = '2026-08' AND product IN ('Mortgage', 'Auto Finance') GROUP BY product ORDER BY ead DESC""]",[],"{""intent"": {""query_mode"": ""DATA_ANALYSIS"", ""owner"": ""COCKPIT"", ""understood_request"": ""Now only secured products."", ""response_language"": ""en"", ""blocking_ambiguities"": [], ""resolved_assumptions"": [], ""canonical_mappings"": [], ""excluded_parts"": [], ""public_rationale"": ""scripted dry run""}, ""objective"": ""Now only secured products."", ""subquestions"": [""Now only secured products.""], ""scope"": {""reporting_months"": [""2026-08""], ""filters"": {}}, ""metadata_receipt_ids"": [], ""fields_required"": [], ""expected_output_grain"": ""as queried"", ""expected_units"": {}, ""steps"": [{""step_id"": ""s1"", ""language"": ""sql"", ""code"": ""SELECT product, SUM(ead_sar_mn) AS ead FROM retail_account_month WHERE reporting_month = '2026-08' AND product IN ('Mortgage', 'Auto Finance') GROUP BY product ORDER BY ead DESC"", ""parameters"": {}, ""purpose"": ""Now only secured products."", ""input_artifact_ids"": [], ""depends_on_step_ids"": []}], ""repair_of_submission_id"": """"}",passed,,,,,cfa52aa779700748a1b56b7eb93bfe78
D-TD04-3,core,sub-267c04a7af57,1,1,ok,,"[""SELECT product, SUM(ead_sar_mn) AS ead FROM retail_account_month WHERE reporting_month = '2026-07' AND product IN ('Mortgage', 'Auto Finance') GROUP BY product ORDER BY ead DESC""]",[],"{""intent"": {""query_mode"": ""DATA_ANALYSIS"", ""owner"": ""COCKPIT"", ""understood_request"": ""What about the previous month?"", ""response_language"": ""en"", ""blocking_ambiguities"": [], ""resolved_assumptions"": [], ""canonical_mappings"": [], ""excluded_parts"": [], ""public_rationale"": ""scripted dry run""}, ""objective"": ""What about the previous month?"", ""subquestions"": [""What about the previous month?""], ""scope"": {""reporting_months"": [""2026-08""], ""filters"": {}}, ""metadata_receipt_ids"": [], ""fields_required"": [], ""expected_output_grain"": ""as queried"", ""expected_units"": {}, ""steps"": [{""step_id"": ""s1"", ""language"": ""sql"", ""code"": ""SELECT product, SUM(ead_sar_mn) AS ead FROM retail_account_month WHERE reporting_month = '2026-07' AND product IN ('Mortgage', 'Auto Finance') GROUP BY product ORDER BY ead DESC"", ""parameters"": {}, ""purpose"": ""What about the previous month?"", ""input_artifact_ids"": [], ""depends_on_step_ids"": []}], ""repair_of_submission_id"": """"}",passed,,,,,c307a7627b109ccc095bdf83719ade0b
D-TD04-4,core,sub-34dab6e07bfe,1,1,ok,,"[""WITH a AS (SELECT product, SUM(ead_sar_mn) AS ead FROM retail_account_month WHERE reporting_month = '2026-08' AND product IN ('Mortgage', 'Auto Finance') GROUP BY product), b AS (SELECT product, SUM(ead_sar_mn) AS ead FROM retail_account_month WHERE reporting_month = '2026-07' AND product IN ('Mortgage', 'Auto Finance') GROUP BY product) SELECT a.product, a.ead AS ead_latest, b.ead AS ead_base, a.ead - b.ead AS ead_abs_change, (a.ead - b.ead) / NULLIF(b.ead, 0) AS ead_pct_change FROM a LEFT JOIN b USING (product)""]",[],"{""intent"": {""query_mode"": ""DATA_ANALYSIS"", ""owner"": ""COCKPIT"", ""understood_request"": ""What was the change between the two?"", ""response_language"": ""en"", ""blocking_ambiguities"": [], ""resolved_assumptions"": [], ""canonical_mappings"": [], ""excluded_parts"": [], ""public_rationale"": ""scripted dry run""}, ""objective"": ""What was the change between the two?"", ""subquestions"": [""What was the change between the two?""], ""scope"": {""reporting_months"": [""2026-08""], ""filters"": {}}, ""metadata_receipt_ids"": [], ""fields_required"": [], ""expected_output_grain"": ""as queried"", ""expected_units"": {}, ""steps"": [{""step_id"": ""s1"", ""language"": ""sql"", ""code"": ""WITH a AS (SELECT product, SUM(ead_sar_mn) AS ead FROM retail_account_month WHERE reporting_month = '2026-08' AND product IN ('Mortgage', 'Auto Finance') GROUP BY product), b AS (SELECT product, SUM(ead_sar_mn) AS ead FROM retail_account_month WHERE reporting_month = '2026-07' AND product IN ('Mortgage', 'Auto Finance') GROUP BY product) SELECT a.product, a.ead AS ead_latest, b.ead AS ead_base, a.ead - b.ead AS ead_abs_change, (a.ead - b.ead) / NULLIF(b.ead, 0) AS ead_pct_change FROM a LEFT JOIN b USING (product)"", ""parameters"": {}, ""purpose"": ""What was the change between the two?"", ""input_artifact_ids"": [], ""depends_on_step_ids"": []}], ""repair_of_submission_id"": """"}",passed,,,,,8636e8a4e7b13e8002ba841c3b0f37d1
D-TD04-5,core,sub-0487633e890c,1,1,ok,,"[""WITH a AS (SELECT SUM(ead_sar_mn) AS ead FROM retail_account_month WHERE reporting_month = '2026-08' AND product IN ('Mortgage', 'Auto Finance')), b AS (SELECT SUM(ead_sar_mn) AS ead FROM retail_account_month WHERE reporting_month = '2026-07' AND product IN ('Mortgage', 'Auto Finance')) SELECT a.ead AS ead_latest, b.ead AS ead_base, a.ead - b.ead AS ead_abs_change, (a.ead - b.ead) / NULLIF(b.ead, 0) AS ead_pct_change FROM a LEFT JOIN b ON TRUE""]",[],"{""intent"": {""query_mode"": ""DATA_ANALYSIS"", ""owner"": ""COCKPIT"", ""understood_request"": ""Less detail: just the total change for secured products."", ""response_language"": ""en"", ""blocking_ambiguities"": [], ""resolved_assumptions"": [], ""canonical_mappings"": [], ""excluded_parts"": [], ""public_rationale"": ""scripted dry run""}, ""objective"": ""Less detail: just the total change for secured products."", ""subquestions"": [""Less detail: just the total change for secured products.""], ""scope"": {""reporting_months"": [""2026-08""], ""filters"": {}}, ""metadata_receipt_ids"": [], ""fields_required"": [], ""expected_output_grain"": ""as queried"", ""expected_units"": {}, ""steps"": [{""step_id"": ""s1"", ""language"": ""sql"", ""code"": ""WITH a AS (SELECT SUM(ead_sar_mn) AS ead FROM retail_account_month WHERE reporting_month = '2026-08' AND product IN ('Mortgage', 'Auto Finance')), b AS (SELECT SUM(ead_sar_mn) AS ead FROM retail_account_month WHERE reporting_month = '2026-07' AND product IN ('Mortgage', 'Auto Finance')) SELECT a.ead AS ead_latest, b.ead AS ead_base, a.ead - b.ead AS ead_abs_change, (a.ead - b.ead) / NULLIF(b.ead, 0) AS ead_pct_change FROM a LEFT JOIN b ON TRUE"", ""parameters"": {}, ""purpose"": ""Less detail: just the total change for secured products."", ""input_artifact_ids"": [], ""depends_on_step_ids"": []}], ""repair_of_submission_id"": """"}",passed,,,,,1c17023bafbc4b7ce174052f6c775acc
D-TD05-1,core,sub-a7dfa4d6f6d5,1,1,ok,,"[""SELECT region, SUM(CASE WHEN stage=3 THEN ead_sar_mn ELSE 0 END) AS ead_s3 FROM corp_facility_quarter WHERE reporting_quarter = '2026Q2' GROUP BY region ORDER BY ead_s3 DESC""]",[],"{""intent"": {""query_mode"": ""DATA_ANALYSIS"", ""owner"": ""COCKPIT"", ""understood_request"": ""Show Stage 3 EAD by region for the latest quarter."", ""response_language"": ""en"", ""blocking_ambiguities"": [], ""resolved_assumptions"": [], ""canonical_mappings"": [], ""excluded_parts"": [], ""public_rationale"": ""scripted dry run""}, ""objective"": ""Show Stage 3 EAD by region for the latest quarter."", ""subquestions"": [""Show Stage 3 EAD by region for the latest quarter.""], ""scope"": {""reporting_months"": [""2026Q2""], ""filters"": {}}, ""metadata_receipt_ids"": [], ""fields_required"": [], ""expected_output_grain"": ""as queried"", ""expected_units"": {}, ""steps"": [{""step_id"": ""s1"", ""language"": ""sql"", ""code"": ""SELECT region, SUM(CASE WHEN stage=3 THEN ead_sar_mn ELSE 0 END) AS ead_s3 FROM corp_facility_quarter WHERE reporting_quarter = '2026Q2' GROUP BY region ORDER BY ead_s3 DESC"", ""parameters"": {}, ""purpose"": ""Show Stage 3 EAD by region for the latest quarter."", ""input_artifact_ids"": [], ""depends_on_step_ids"": []}], ""repair_of_submission_id"": """"}",passed,,,,,a271f5b4e83b79cadbd2a724e33e151a
D-TD05-3,core,sub-94f2a6446c0c,1,1,ok,,"[""SELECT region, SUM(CASE WHEN stage=3 THEN ead_sar_mn ELSE 0 END) AS ead_s3 FROM retail_account_month WHERE reporting_month = '2026-08' GROUP BY region ORDER BY ead_s3 DESC LIMIT 1""]",[],"{""intent"": {""query_mode"": ""DATA_ANALYSIS"", ""owner"": ""COCKPIT"", ""understood_request"": ""Which retail region is highest?"", ""response_language"": ""en"", ""blocking_ambiguities"": [], ""resolved_assumptions"": [], ""canonical_mappings"": [], ""excluded_parts"": [], ""public_rationale"": ""scripted dry run""}, ""objective"": ""Which retail region is highest?"", ""subquestions"": [""Which retail region is highest?""], ""scope"": {""reporting_months"": [""2026-08""], ""filters"": {}}, ""metadata_receipt_ids"": [], ""fields_required"": [], ""expected_output_grain"": ""as queried"", ""expected_units"": {}, ""steps"": [{""step_id"": ""s1"", ""language"": ""sql"", ""code"": ""SELECT region, SUM(CASE WHEN stage=3 THEN ead_sar_mn ELSE 0 END) AS ead_s3 FROM retail_account_month WHERE reporting_month = '2026-08' GROUP BY region ORDER BY ead_s3 DESC LIMIT 1"", ""parameters"": {}, ""purpose"": ""Which retail region is highest?"", ""input_artifact_ids"": [], ""depends_on_step_ids"": []}], ""repair_of_submission_id"": """"}",passed,,,,,40bc421959f7cfc77af197259a50feed
D-TD05-4,core,sub-f2443d94a79d,1,1,ok,,"[""SELECT region, SUM(CASE WHEN stage=3 THEN ead_sar_mn ELSE 0 END) AS ead_s3 FROM corp_facility_quarter WHERE reporting_quarter = '2026Q2' GROUP BY region ORDER BY ead_s3 DESC LIMIT 1""]",[],"{""intent"": {""query_mode"": ""DATA_ANALYSIS"", ""owner"": ""COCKPIT"", ""understood_request"": ""Back to corporate: which region was highest there?"", ""response_language"": ""en"", ""blocking_ambiguities"": [], ""resolved_assumptions"": [], ""canonical_mappings"": [], ""excluded_parts"": [], ""public_rationale"": ""scripted dry run""}, ""objective"": ""Back to corporate: which region was highest there?"", ""subquestions"": [""Back to corporate: which region was highest there?""], ""scope"": {""reporting_months"": [""2026Q2""], ""filters"": {}}, ""metadata_receipt_ids"": [], ""fields_required"": [], ""expected_output_grain"": ""as queried"", ""expected_units"": {}, ""steps"": [{""step_id"": ""s1"", ""language"": ""sql"", ""code"": ""SELECT region, SUM(CASE WHEN stage=3 THEN ead_sar_mn ELSE 0 END) AS ead_s3 FROM corp_facility_quarter WHERE reporting_quarter = '2026Q2' GROUP BY region ORDER BY ead_s3 DESC LIMIT 1"", ""parameters"": {}, ""purpose"": ""Back to corporate: which region was highest there?"", ""input_artifact_ids"": [], ""depends_on_step_ids"": []}], ""repair_of_submission_id"": """"}",passed,,,,,b93d3e052ab80bbb1fd1c426f33a4040
D-TD05-5,core,sub-dd8031a58d9b,1,1,ok,,"[""WITH a AS (SELECT SUM(CASE WHEN stage=3 THEN ead_sar_mn ELSE 0 END) AS ead_s3 FROM corp_facility_quarter WHERE reporting_quarter = '2026Q2' AND region = 'Riyadh'), b AS (SELECT SUM(CASE WHEN stage=3 THEN ead_sar_mn ELSE 0 END) AS ead_s3 FROM corp_facility_quarter WHERE reporting_quarter = '2026Q1' AND region = 'Riyadh') SELECT a.ead_s3 AS ead_s3_latest, b.ead_s3 AS ead_s3_base, a.ead_s3 - b.ead_s3 AS ead_s3_abs_change, (a.ead_s3 - b.ead_s3) / NULLIF(b.ead_s3, 0) AS ead_s3_pct_change FROM a LEFT JOIN b ON TRUE""]",[],"{""intent"": {""query_mode"": ""DATA_ANALYSIS"", ""owner"": ""COCKPIT"", ""understood_request"": ""Compare that region's Stage 3 EAD with the previous quarter."", ""response_language"": ""en"", ""blocking_ambiguities"": [], ""resolved_assumptions"": [], ""canonical_mappings"": [], ""excluded_parts"": [], ""public_rationale"": ""scripted dry run""}, ""objective"": ""Compare that region's Stage 3 EAD with the previous quarter."", ""subquestions"": [""Compare that region's Stage 3 EAD with the previous quarter.""], ""scope"": {""reporting_months"": [""2026Q2""], ""filters"": {}}, ""metadata_receipt_ids"": [], ""fields_required"": [], ""expected_output_grain"": ""as queried"", ""expected_units"": {}, ""steps"": [{""step_id"": ""s1"", ""language"": ""sql"", ""code"": ""WITH a AS (SELECT SUM(CASE WHEN stage=3 THEN ead_sar_mn ELSE 0 END) AS ead_s3 FROM corp_facility_quarter WHERE reporting_quarter = '2026Q2' AND region = 'Riyadh'), b AS (SELECT SUM(CASE WHEN stage=3 THEN ead_sar_mn ELSE 0 END) AS ead_s3 FROM corp_facility_quarter WHERE reporting_quarter = '2026Q1' AND region = 'Riyadh') SELECT a.ead_s3 AS ead_s3_latest, b.ead_s3 AS ead_s3_base, a.ead_s3 - b.ead_s3 AS ead_s3_abs_change, (a.ead_s3 - b.ead_s3) / NULLIF(b.ead_s3, 0) AS ead_s3_pct_change FROM a LEFT JOIN b ON TRUE"", ""parameters"": {}, ""purpose"": ""Compare that region's Stage 3 EAD with the previous quarter."", ""input_artifact_ids"": [], ""depends_on_step_ids"": []}], ""repair_of_submission_id"": """"}",passed,,,,,49af0b495c8c1f47a651114a649f5391
D-TD06-1,core,sub-eac477d2ad89,1,1,ok,,"[""SELECT SUM(ead_sar_mn) AS ead FROM corp_facility_quarter WHERE reporting_quarter = '2026Q2'""]",[],"{""intent"": {""query_mode"": ""DATA_ANALYSIS"", ""owner"": ""COCKPIT"", ""understood_request"": ""What is total EAD in the latest quarter?"", ""response_language"": ""en"", ""blocking_ambiguities"": [], ""resolved_assumptions"": [], ""canonical_mappings"": [], ""excluded_parts"": [], ""public_rationale"": ""scripted dry run""}, ""objective"": ""What is total EAD in the latest quarter?"", ""subquestions"": [""What is total EAD in the latest quarter?""], ""scope"": {""reporting_months"": [""2026Q2""], ""filters"": {}}, ""metadata_receipt_ids"": [], ""fields_required"": [], ""expected_output_grain"": ""as queried"", ""expected_units"": {}, ""steps"": [{""step_id"": ""s1"", ""language"": ""sql"", ""code"": ""SELECT SUM(ead_sar_mn) AS ead FROM corp_facility_quarter WHERE reporting_quarter = '2026Q2'"", ""parameters"": {}, ""purpose"": ""What is total EAD in the latest quarter?"", ""input_artifact_ids"": [], ""depends_on_step_ids"": []}], ""repair_of_submission_id"": """"}",passed,,,,,da7199febc5df3044289f8733c513424
D-TD06-3,core,sub-39b3fe04e1c6,1,1,ok,,"[""SELECT product_type, SUM(ead_sar_mn) AS ead FROM corp_facility_quarter WHERE reporting_quarter = '2026Q2' GROUP BY product_type ORDER BY ead DESC""]",[],"{""intent"": {""query_mode"": ""DATA_ANALYSIS"", ""owner"": ""COCKPIT"", ""understood_request"": ""OK, then show corporate EAD by product type."", ""response_language"": ""en"", ""blocking_ambiguities"": [], ""resolved_assumptions"": [], ""canonical_mappings"": [], ""excluded_parts"": [], ""public_rationale"": ""scripted dry run""}, ""objective"": ""OK, then show corporate EAD by product type."", ""subquestions"": [""OK, then show corporate EAD by product type.""], ""scope"": {""reporting_months"": [""2026Q2""], ""filters"": {}}, ""metadata_receipt_ids"": [], ""fields_required"": [], ""expected_output_grain"": ""as queried"", ""expected_units"": {}, ""steps"": [{""step_id"": ""s1"", ""language"": ""sql"", ""code"": ""SELECT product_type, SUM(ead_sar_mn) AS ead FROM corp_facility_quarter WHERE reporting_quarter = '2026Q2' GROUP BY product_type ORDER BY ead DESC"", ""parameters"": {}, ""purpose"": ""OK, then show corporate EAD by product type."", ""input_artifact_ids"": [], ""depends_on_step_ids"": []}], ""repair_of_submission_id"": """"}",passed,,,,,ae91ab93ca80dd6dfa5c1fc6b4a0bcf6
D-TD06-4,core,sub-4591251390b4,1,1,ok,,"[""SELECT product_type, SUM(CASE WHEN stage=2 THEN ead_sar_mn ELSE 0 END)/NULLIF(SUM(ead_sar_mn),0) AS s2_share FROM corp_facility_quarter WHERE reporting_quarter = '2026Q2' GROUP BY product_type ORDER BY s2_share DESC LIMIT 1""]",[],"{""intent"": {""query_mode"": ""DATA_ANALYSIS"", ""owner"": ""COCKPIT"", ""understood_request"": ""Which product type has the highest Stage 2 share?"", ""response_language"": ""en"", ""blocking_ambiguities"": [], ""resolved_assumptions"": [], ""canonical_mappings"": [], ""excluded_parts"": [], ""public_rationale"": ""scripted dry run""}, ""objective"": ""Which product type has the highest Stage 2 share?"", ""subquestions"": [""Which product type has the highest Stage 2 share?""], ""scope"": {""reporting_months"": [""2026Q2""], ""filters"": {}}, ""metadata_receipt_ids"": [], ""fields_required"": [], ""expected_output_grain"": ""as queried"", ""expected_units"": {}, ""steps"": [{""step_id"": ""s1"", ""language"": ""sql"", ""code"": ""SELECT product_type, SUM(CASE WHEN stage=2 THEN ead_sar_mn ELSE 0 END)/NULLIF(SUM(ead_sar_mn),0) AS s2_share FROM corp_facility_quarter WHERE reporting_quarter = '2026Q2' GROUP BY product_type ORDER BY s2_share DESC LIMIT 1"", ""parameters"": {}, ""purpose"": ""Which product type has the highest Stage 2 share?"", ""input_artifact_ids"": [], ""depends_on_step_ids"": []}], ""repair_of_submission_id"": """"}",passed,,,,,27197fb724829e23801480f563ccc448
D-TD07-1,core,sub-0952e589ce37,1,1,ok,,"[""SELECT sector, SUM(ead_sar_mn) AS ead FROM corp_facility_quarter WHERE reporting_quarter = '2026Q1' GROUP BY sector ORDER BY ead DESC""]",[],"{""intent"": {""query_mode"": ""DATA_ANALYSIS"", ""owner"": ""COCKPIT"", ""understood_request"": ""Show total EAD by sector for the previous quarter."", ""response_language"": ""en"", ""blocking_ambiguities"": [], ""resolved_assumptions"": [], ""canonical_mappings"": [], ""excluded_parts"": [], ""public_rationale"": ""scripted dry run""}, ""objective"": ""Show total EAD by sector for the previous quarter."", ""subquestions"": [""Show total EAD by sector for the previous quarter.""], ""scope"": {""reporting_months"": [""2026Q2""], ""filters"": {}}, ""metadata_receipt_ids"": [], ""fields_required"": [], ""expected_output_grain"": ""as queried"", ""expected_units"": {}, ""steps"": [{""step_id"": ""s1"", ""language"": ""sql"", ""code"": ""SELECT sector, SUM(ead_sar_mn) AS ead FROM corp_facility_quarter WHERE reporting_quarter = '2026Q1' GROUP BY sector ORDER BY ead DESC"", ""parameters"": {}, ""purpose"": ""Show total EAD by sector for the previous quarter."", ""input_artifact_ids"": [], ""depends_on_step_ids"": []}], ""repair_of_submission_id"": """"}",passed,,,,,a1cb38f53dde070ea372f7c693bd3bdd
D-TD07-2,core,sub-5bf953c4602f,1,1,ok,,"[""SELECT sector, SUM(ead_sar_mn) AS ead FROM corp_facility_quarter WHERE reporting_quarter = '2026Q2' GROUP BY sector ORDER BY ead DESC""]",[],"{""intent"": {""query_mode"": ""DATA_ANALYSIS"", ""owner"": ""COCKPIT"", ""understood_request"": ""Sorry, I meant the latest quarter."", ""response_language"": ""en"", ""blocking_ambiguities"": [], ""resolved_assumptions"": [], ""canonical_mappings"": [], ""excluded_parts"": [], ""public_rationale"": ""scripted dry run""}, ""objective"": ""Sorry, I meant the latest quarter."", ""subquestions"": [""Sorry, I meant the latest quarter.""], ""scope"": {""reporting_months"": [""2026Q2""], ""filters"": {}}, ""metadata_receipt_ids"": [], ""fields_required"": [], ""expected_output_grain"": ""as queried"", ""expected_units"": {}, ""steps"": [{""step_id"": ""s1"", ""language"": ""sql"", ""code"": ""SELECT sector, SUM(ead_sar_mn) AS ead FROM corp_facility_quarter WHERE reporting_quarter = '2026Q2' GROUP BY sector ORDER BY ead DESC"", ""parameters"": {}, ""purpose"": ""Sorry, I meant the latest quarter."", ""input_artifact_ids"": [], ""depends_on_step_ids"": []}], ""repair_of_submission_id"": """"}",passed,,,,,8830054936154d7202df51bc2c4d2000
D-TD07-3,core,sub-51da544b6fa7,1,1,ok,,"[""SELECT sector, SUM(CASE WHEN stage=2 THEN ead_sar_mn ELSE 0 END) AS ead_s2 FROM corp_facility_quarter WHERE reporting_quarter = '2026Q2' GROUP BY sector ORDER BY ead_s2 DESC""]",[],"{""intent"": {""query_mode"": ""DATA_ANALYSIS"", ""owner"": ""COCKPIT"", ""understood_request"": ""Now only Stage 2."", ""response_language"": ""en"", ""blocking_ambiguities"": [], ""resolved_assumptions"": [], ""canonical_mappings"": [], ""excluded_parts"": [], ""public_rationale"": ""scripted dry run""}, ""objective"": ""Now only Stage 2."", ""subquestions"": [""Now only Stage 2.""], ""scope"": {""reporting_months"": [""2026Q2""], ""filters"": {}}, ""metadata_receipt_ids"": [], ""fields_required"": [], ""expected_output_grain"": ""as queried"", ""expected_units"": {}, ""steps"": [{""step_id"": ""s1"", ""language"": ""sql"", ""code"": ""SELECT sector, SUM(CASE WHEN stage=2 THEN ead_sar_mn ELSE 0 END) AS ead_s2 FROM corp_facility_quarter WHERE reporting_quarter = '2026Q2' GROUP BY sector ORDER BY ead_s2 DESC"", ""parameters"": {}, ""purpose"": ""Now only Stage 2."", ""input_artifact_ids"": [], ""depends_on_step_ids"": []}], ""repair_of_submission_id"": """"}",passed,,,,,141b2c5ad33a6eddd4f25c006a5294ed
D-TD07-4,core,sub-753c376bd931,1,1,ok,,"[""SELECT sector, SUM(CASE WHEN stage=2 THEN ead_sar_mn ELSE 0 END) AS ead_s2, SUM(CASE WHEN stage=2 THEN ecl_sar_mn ELSE 0 END) AS ecl_s2 FROM corp_facility_quarter WHERE reporting_quarter = '2026Q2' GROUP BY sector ORDER BY ead_s2 DESC""]",[],"{""intent"": {""query_mode"": ""DATA_ANALYSIS"", ""owner"": ""COCKPIT"", ""understood_request"": ""Add ECL for those same exposures."", ""response_language"": ""en"", ""blocking_ambiguities"": [], ""resolved_assumptions"": [], ""canonical_mappings"": [], ""excluded_parts"": [], ""public_rationale"": ""scripted dry run""}, ""objective"": ""Add ECL for those same exposures."", ""subquestions"": [""Add ECL for those same exposures.""], ""scope"": {""reporting_months"": [""2026Q2""], ""filters"": {}}, ""metadata_receipt_ids"": [], ""fields_required"": [], ""expected_output_grain"": ""as queried"", ""expected_units"": {}, ""steps"": [{""step_id"": ""s1"", ""language"": ""sql"", ""code"": ""SELECT sector, SUM(CASE WHEN stage=2 THEN ead_sar_mn ELSE 0 END) AS ead_s2, SUM(CASE WHEN stage=2 THEN ecl_sar_mn ELSE 0 END) AS ecl_s2 FROM corp_facility_quarter WHERE reporting_quarter = '2026Q2' GROUP BY sector ORDER BY ead_s2 DESC"", ""parameters"": {}, ""purpose"": ""Add ECL for those same exposures."", ""input_artifact_ids"": [], ""depends_on_step_ids"": []}], ""repair_of_submission_id"": """"}",passed,,,,,8433ae5196ccdc7de3ae6c0b1a609c7b
D-TD07-5,core,sub-5f06fb4ae60e,1,1,ok,,"[""SELECT sector, SUM(CASE WHEN stage=2 THEN ead_sar_mn ELSE 0 END) AS ead_s2, SUM(CASE WHEN stage=2 THEN ecl_sar_mn ELSE 0 END) AS ecl_s2, SUM(CASE WHEN stage=2 THEN ecl_sar_mn ELSE 0 END)/NULLIF(SUM(CASE WHEN stage=2 THEN ead_sar_mn ELSE 0 END),0) AS coverage_s2 FROM corp_facility_quarter WHERE reporting_quarter = '2026Q2' GROUP BY sector ORDER BY ead_s2 DESC""]",[],"{""intent"": {""query_mode"": ""DATA_ANALYSIS"", ""owner"": ""COCKPIT"", ""understood_request"": ""More detail: also show the coverage ratio for each."", ""response_language"": ""en"", ""blocking_ambiguities"": [], ""resolved_assumptions"": [], ""canonical_mappings"": [], ""excluded_parts"": [], ""public_rationale"": ""scripted dry run""}, ""objective"": ""More detail: also show the coverage ratio for each."", ""subquestions"": [""More detail: also show the coverage ratio for each.""], ""scope"": {""reporting_months"": [""2026Q2""], ""filters"": {}}, ""metadata_receipt_ids"": [], ""fields_required"": [], ""expected_output_grain"": ""as queried"", ""expected_units"": {}, ""steps"": [{""step_id"": ""s1"", ""language"": ""sql"", ""code"": ""SELECT sector, SUM(CASE WHEN stage=2 THEN ead_sar_mn ELSE 0 END) AS ead_s2, SUM(CASE WHEN stage=2 THEN ecl_sar_mn ELSE 0 END) AS ecl_s2, SUM(CASE WHEN stage=2 THEN ecl_sar_mn ELSE 0 END)/NULLIF(SUM(CASE WHEN stage=2 THEN ead_sar_mn ELSE 0 END),0) AS coverage_s2 FROM corp_facility_quarter WHERE reporting_quarter = '2026Q2' GROUP BY sector ORDER BY ead_s2 DESC"", ""parameters"": {}, ""purpose"": ""More detail: also show the coverage ratio for each."", ""input_artifact_ids"": [], ""depends_on_step_ids"": []}], ""repair_of_submission_id"": """"}",passed,,,,,5146873ba420d2d8b1c8fd3a548b2c17
D-TD08-1,core,sub-d2e91c9d6b08,1,1,ok,,"[""SELECT region, SUM(ecl_sar_mn) AS ecl FROM retail_account_month WHERE reporting_month = '2026-08' GROUP BY region ORDER BY ecl DESC""]",[],"{""intent"": {""query_mode"": ""DATA_ANALYSIS"", ""owner"": ""COCKPIT"", ""understood_request"": ""Show retail ECL by region for the latest month."", ""response_language"": ""en"", ""blocking_ambiguities"": [], ""resolved_assumptions"": [], ""canonical_mappings"": [], ""excluded_parts"": [], ""public_rationale"": ""scripted dry run""}, ""objective"": ""Show retail ECL by region for the latest month."", ""subquestions"": [""Show retail ECL by region for the latest month.""], ""scope"": {""reporting_months"": [""2026-08""], ""filters"": {}}, ""metadata_receipt_ids"": [], ""fields_required"": [], ""expected_output_grain"": ""as queried"", ""expected_units"": {}, ""steps"": [{""step_id"": ""s1"", ""language"": ""sql"", ""code"": ""SELECT region, SUM(ecl_sar_mn) AS ecl FROM retail_account_month WHERE reporting_month = '2026-08' GROUP BY region ORDER BY ecl DESC"", ""parameters"": {}, ""purpose"": ""Show retail ECL by region for the latest month."", ""input_artifact_ids"": [], ""depends_on_step_ids"": []}], ""repair_of_submission_id"": """"}",passed,,,,,257e358fc56ae058774af7ed99b89b1f
D-TD08-2,core,sub-027021bc6eab,1,1,ok,,"[""SELECT product, SUM(ecl_sar_mn) AS ecl FROM retail_account_month WHERE reporting_month = '2026-08' AND region = 'Asir' GROUP BY product ORDER BY ecl DESC""]",[],"{""intent"": {""query_mode"": ""DATA_ANALYSIS"", ""owner"": ""COCKPIT"", ""understood_request"": ""Break the top region down by product."", ""response_language"": ""en"", ""blocking_ambiguities"": [], ""resolved_assumptions"": [], ""canonical_mappings"": [], ""excluded_parts"": [], ""public_rationale"": ""scripted dry run""}, ""objective"": ""Break the top region down by product."", ""subquestions"": [""Break the top region down by product.""], ""scope"": {""reporting_months"": [""2026-08""], ""filters"": {}}, ""metadata_receipt_ids"": [], ""fields_required"": [], ""expected_output_grain"": ""as queried"", ""expected_units"": {}, ""steps"": [{""step_id"": ""s1"", ""language"": ""sql"", ""code"": ""SELECT product, SUM(ecl_sar_mn) AS ecl FROM retail_account_month WHERE reporting_month = '2026-08' AND region = 'Asir' GROUP BY product ORDER BY ecl DESC"", ""parameters"": {}, ""purpose"": ""Break the top region down by product."", ""input_artifact_ids"": [], ""depends_on_step_ids"": []}], ""repair_of_submission_id"": """"}",passed,,,,,781ec969a9d25bdfee6246129b106ba4
D-TD08-3,core,sub-e12dc5e8127d,1,1,ok,,"[""SELECT product, SUM(ecl_sar_mn)/NULLIF(SUM(ead_sar_mn),0) AS coverage FROM retail_account_month WHERE reporting_month = '2026-08' AND region = 'Asir' GROUP BY product ORDER BY coverage DESC LIMIT 1""]",[],"{""intent"": {""query_mode"": ""DATA_ANALYSIS"", ""owner"": ""COCKPIT"", ""understood_request"": ""Which product there has the highest coverage ratio?"", ""response_language"": ""en"", ""blocking_ambiguities"": [], ""resolved_assumptions"": [], ""canonical_mappings"": [], ""excluded_parts"": [], ""public_rationale"": ""scripted dry run""}, ""objective"": ""Which product there has the highest coverage ratio?"", ""subquestions"": [""Which product there has the highest coverage ratio?""], ""scope"": {""reporting_months"": [""2026-08""], ""filters"": {}}, ""metadata_receipt_ids"": [], ""fields_required"": [], ""expected_output_grain"": ""as queried"", ""expected_units"": {}, ""steps"": [{""step_id"": ""s1"", ""language"": ""sql"", ""code"": ""SELECT product, SUM(ecl_sar_mn)/NULLIF(SUM(ead_sar_mn),0) AS coverage FROM retail_account_month WHERE reporting_month = '2026-08' AND region = 'Asir' GROUP BY product ORDER BY coverage DESC LIMIT 1"", ""parameters"": {}, ""purpose"": ""Which product there has the highest coverage ratio?"", ""input_artifact_ids"": [], ""depends_on_step_ids"": []}], ""repair_of_submission_id"": """"}",passed,,,,,4759f0b58d9595b8f808adc2e820052f
D-TD08-4,core,sub-6efe018f0b54,1,1,ok,,"[""SELECT region, SUM(ecl_sar_mn) AS ecl FROM retail_account_month WHERE reporting_month = '2026-08' GROUP BY region ORDER BY ecl DESC LIMIT 2""]",[],"{""intent"": {""query_mode"": ""DATA_ANALYSIS"", ""owner"": ""COCKPIT"", ""understood_request"": ""Return to the regional view: what was the second-highest region?"", ""response_language"": ""en"", ""blocking_ambiguities"": [], ""resolved_assumptions"": [], ""canonical_mappings"": [], ""excluded_parts"": [], ""public_rationale"": ""scripted dry run""}, ""objective"": ""Return to the regional view: what was the second-highest region?"", ""subquestions"": [""Return to the regional view: what was the second-highest region?""], ""scope"": {""reporting_months"": [""2026-08""], ""filters"": {}}, ""metadata_receipt_ids"": [], ""fields_required"": [], ""expected_output_grain"": ""as queried"", ""expected_units"": {}, ""steps"": [{""step_id"": ""s1"", ""language"": ""sql"", ""code"": ""SELECT region, SUM(ecl_sar_mn) AS ecl FROM retail_account_month WHERE reporting_month = '2026-08' GROUP BY region ORDER BY ecl DESC LIMIT 2"", ""parameters"": {}, ""purpose"": ""Return to the regional view: what was the second-highest region?"", ""input_artifact_ids"": [], ""depends_on_step_ids"": []}], ""repair_of_submission_id"": """"}",passed,,,,,eadc0fc47feb01169a1bab2fb83a38d0
D-TD08-5,core,sub-f802604fe451,1,1,ok,,"[""SELECT product, SUM(ecl_sar_mn) AS ecl FROM retail_account_month WHERE reporting_month = '2026-08' AND region = 'Qassim' GROUP BY product ORDER BY ecl DESC""]",[],"{""intent"": {""query_mode"": ""DATA_ANALYSIS"", ""owner"": ""COCKPIT"", ""understood_request"": ""Show the same product breakdown for that region."", ""response_language"": ""en"", ""blocking_ambiguities"": [], ""resolved_assumptions"": [], ""canonical_mappings"": [], ""excluded_parts"": [], ""public_rationale"": ""scripted dry run""}, ""objective"": ""Show the same product breakdown for that region."", ""subquestions"": [""Show the same product breakdown for that region.""], ""scope"": {""reporting_months"": [""2026-08""], ""filters"": {}}, ""metadata_receipt_ids"": [], ""fields_required"": [], ""expected_output_grain"": ""as queried"", ""expected_units"": {}, ""steps"": [{""step_id"": ""s1"", ""language"": ""sql"", ""code"": ""SELECT product, SUM(ecl_sar_mn) AS ecl FROM retail_account_month WHERE reporting_month = '2026-08' AND region = 'Qassim' GROUP BY product ORDER BY ecl DESC"", ""parameters"": {}, ""purpose"": ""Show the same product breakdown for that region."", ""input_artifact_ids"": [], ""depends_on_step_ids"": []}], ""repair_of_submission_id"": """"}",passed,,,,,9cfd29bee5b1c7013955a6eb78e803e0
D-TD09-1,core,sub-64a39271e9af,1,1,ok,,"[""SELECT sector, SUM(ecl_sar_mn) AS ecl FROM corp_facility_quarter WHERE reporting_quarter = '2026Q2' GROUP BY sector ORDER BY ecl DESC""]",[],"{""intent"": {""query_mode"": ""DATA_ANALYSIS"", ""owner"": ""COCKPIT"", ""understood_request"": ""Show ECL by sector for the latest quarter."", ""response_language"": ""en"", ""blocking_ambiguities"": [], ""resolved_assumptions"": [], ""canonical_mappings"": [], ""excluded_parts"": [], ""public_rationale"": ""scripted dry run""}, ""objective"": ""Show ECL by sector for the latest quarter."", ""subquestions"": [""Show ECL by sector for the latest quarter.""], ""scope"": {""reporting_months"": [""2026Q2""], ""filters"": {}}, ""metadata_receipt_ids"": [], ""fields_required"": [], ""expected_output_grain"": ""as queried"", ""expected_units"": {}, ""steps"": [{""step_id"": ""s1"", ""language"": ""sql"", ""code"": ""SELECT sector, SUM(ecl_sar_mn) AS ecl FROM corp_facility_quarter WHERE reporting_quarter = '2026Q2' GROUP BY sector ORDER BY ecl DESC"", ""parameters"": {}, ""purpose"": ""Show ECL by sector for the latest quarter."", ""input_artifact_ids"": [], ""depends_on_step_ids"": []}], ""repair_of_submission_id"": """"}",passed,,,,,d7299f4082cecedb98461d1db13270b9
D-TD09-3,core,sub-7398f121543d,1,1,ok,,"[""SELECT SUM(ecl_sar_mn)/NULLIF(SUM(ead_sar_mn),0) AS coverage FROM corp_facility_quarter WHERE reporting_quarter = '2026Q2' AND sector = 'Construction'""]",[],"{""intent"": {""query_mode"": ""DATA_ANALYSIS"", ""owner"": ""COCKPIT"", ""understood_request"": ""Back in corporate: what is the ECL coverage ratio for the sector with the highest ECL?"", ""response_language"": ""en"", ""blocking_ambiguities"": [], ""resolved_assumptions"": [], ""canonical_mappings"": [], ""excluded_parts"": [], ""public_rationale"": ""scripted dry run""}, ""objective"": ""Back in corporate: what is the ECL coverage ratio for the sector with the highest ECL?"", ""subquestions"": [""Back in corporate: what is the ECL coverage ratio for the sector with the highest ECL?""], ""scope"": {""reporting_months"": [""2026Q2""], ""filters"": {}}, ""metadata_receipt_ids"": [], ""fields_required"": [], ""expected_output_grain"": ""as queried"", ""expected_units"": {}, ""steps"": [{""step_id"": ""s1"", ""language"": ""sql"", ""code"": ""SELECT SUM(ecl_sar_mn)/NULLIF(SUM(ead_sar_mn),0) AS coverage FROM corp_facility_quarter WHERE reporting_quarter = '2026Q2' AND sector = 'Construction'"", ""parameters"": {}, ""purpose"": ""Back in corporate: what is the ECL coverage ratio for the sector with the highest ECL?"", ""input_artifact_ids"": [], ""depends_on_step_ids"": []}], ""repair_of_submission_id"": """"}",passed,,,,,92d7bae4a6eb0027c325131c7cd6e026
D-TD09-4,core,sub-63e2c51162e6,1,1,ok,,"[""SELECT SUM(ecl_sar_mn)/NULLIF(SUM(ead_sar_mn),0) AS coverage FROM corp_facility_quarter WHERE reporting_quarter = '2026Q2'""]",[],"{""intent"": {""query_mode"": ""DATA_ANALYSIS"", ""owner"": ""COCKPIT"", ""understood_request"": ""And for the whole corporate book?"", ""response_language"": ""en"", ""blocking_ambiguities"": [], ""resolved_assumptions"": [], ""canonical_mappings"": [], ""excluded_parts"": [], ""public_rationale"": ""scripted dry run""}, ""objective"": ""And for the whole corporate book?"", ""subquestions"": [""And for the whole corporate book?""], ""scope"": {""reporting_months"": [""2026Q2""], ""filters"": {}}, ""metadata_receipt_ids"": [], ""fields_required"": [], ""expected_output_grain"": ""as queried"", ""expected_units"": {}, ""steps"": [{""step_id"": ""s1"", ""language"": ""sql"", ""code"": ""SELECT SUM(ecl_sar_mn)/NULLIF(SUM(ead_sar_mn),0) AS coverage FROM corp_facility_quarter WHERE reporting_quarter = '2026Q2'"", ""parameters"": {}, ""purpose"": ""And for the whole corporate book?"", ""input_artifact_ids"": [], ""depends_on_step_ids"": []}], ""repair_of_submission_id"": """"}",passed,,,,,0fc843332e1d66422ccdb53ff959bd09
D-TD09-5,core,sub-1f4cf2692743,1,1,ok,,"[""SELECT SUM(ecl_sar_mn)/NULLIF(SUM(ead_sar_mn),0) AS coverage FROM retail_account_month WHERE reporting_month = '2026-08' AND product = 'Mortgage'""]",[],"{""intent"": {""query_mode"": ""DATA_ANALYSIS"", ""owner"": ""COCKPIT"", ""understood_request"": ""In retail, what is the coverage ratio for Mortgage?"", ""response_language"": ""en"", ""blocking_ambiguities"": [], ""resolved_assumptions"": [], ""canonical_mappings"": [], ""excluded_parts"": [], ""public_rationale"": ""scripted dry run""}, ""objective"": ""In retail, what is the coverage ratio for Mortgage?"", ""subquestions"": [""In retail, what is the coverage ratio for Mortgage?""], ""scope"": {""reporting_months"": [""2026-08""], ""filters"": {}}, ""metadata_receipt_ids"": [], ""fields_required"": [], ""expected_output_grain"": ""as queried"", ""expected_units"": {}, ""steps"": [{""step_id"": ""s1"", ""language"": ""sql"", ""code"": ""SELECT SUM(ecl_sar_mn)/NULLIF(SUM(ead_sar_mn),0) AS coverage FROM retail_account_month WHERE reporting_month = '2026-08' AND product = 'Mortgage'"", ""parameters"": {}, ""purpose"": ""In retail, what is the coverage ratio for Mortgage?"", ""input_artifact_ids"": [], ""depends_on_step_ids"": []}], ""repair_of_submission_id"": """"}",passed,,,,,200ce9ea84d50194226ba6e929d729a5
D-TD10-1,core,sub-6c67ab6ce53b,1,1,ok,,"[""SELECT product, SUM(CASE WHEN stage=3 THEN ead_sar_mn ELSE 0 END) AS ead_s3 FROM retail_account_month WHERE reporting_month = '2026-08' GROUP BY product ORDER BY ead_s3 DESC LIMIT 1""]",[],"{""intent"": {""query_mode"": ""DATA_ANALYSIS"", ""owner"": ""COCKPIT"", ""understood_request"": ""Which retail product has the highest Stage 3 EAD in the latest month?"", ""response_language"": ""en"", ""blocking_ambiguities"": [], ""resolved_assumptions"": [], ""canonical_mappings"": [], ""excluded_parts"": [], ""public_rationale"": ""scripted dry run""}, ""objective"": ""Which retail product has the highest Stage 3 EAD in the latest month?"", ""subquestions"": [""Which retail product has the highest Stage 3 EAD in the latest month?""], ""scope"": {""reporting_months"": [""2026-08""], ""filters"": {}}, ""metadata_receipt_ids"": [], ""fields_required"": [], ""expected_output_grain"": ""as queried"", ""expected_units"": {}, ""steps"": [{""step_id"": ""s1"", ""language"": ""sql"", ""code"": ""SELECT product, SUM(CASE WHEN stage=3 THEN ead_sar_mn ELSE 0 END) AS ead_s3 FROM retail_account_month WHERE reporting_month = '2026-08' GROUP BY product ORDER BY ead_s3 DESC LIMIT 1"", ""parameters"": {}, ""purpose"": ""Which retail product has the highest Stage 3 EAD in the latest month?"", ""input_artifact_ids"": [], ""depends_on_step_ids"": []}], ""repair_of_submission_id"": """"}",passed,,,,,e068c6bd6d240d6cce75e43104eb2456
D-TD10-2,core,sub-28f96a64111e,1,1,ok,,"[""SELECT SUM(CASE WHEN stage=3 THEN 1 ELSE 0 END) AS n_s3 FROM retail_account_month WHERE reporting_month = '2026-08' AND product = 'Mortgage'""]",[],"{""intent"": {""query_mode"": ""DATA_ANALYSIS"", ""owner"": ""COCKPIT"", ""understood_request"": ""How many accounts does it have in Stage 3?"", ""response_language"": ""en"", ""blocking_ambiguities"": [], ""resolved_assumptions"": [], ""canonical_mappings"": [], ""excluded_parts"": [], ""public_rationale"": ""scripted dry run""}, ""objective"": ""How many accounts does it have in Stage 3?"", ""subquestions"": [""How many accounts does it have in Stage 3?""], ""scope"": {""reporting_months"": [""2026-08""], ""filters"": {}}, ""metadata_receipt_ids"": [], ""fields_required"": [], ""expected_output_grain"": ""as queried"", ""expected_units"": {}, ""steps"": [{""step_id"": ""s1"", ""language"": ""sql"", ""code"": ""SELECT SUM(CASE WHEN stage=3 THEN 1 ELSE 0 END) AS n_s3 FROM retail_account_month WHERE reporting_month = '2026-08' AND product = 'Mortgage'"", ""parameters"": {}, ""purpose"": ""How many accounts does it have in Stage 3?"", ""input_artifact_ids"": [], ""depends_on_step_ids"": []}], ""repair_of_submission_id"": """"}",passed,,,,,a4b9e75efbaa2f7339f9119cd618c180
D-TD10-3,core,sub-b44fc87ef0d2,1,1,ok,,"[""SELECT SUM(CASE WHEN stage=3 THEN 1 ELSE 0 END) AS n_s3 FROM retail_account_month WHERE reporting_month = '2026-07' AND product = 'Mortgage'""]",[],"{""intent"": {""query_mode"": ""DATA_ANALYSIS"", ""owner"": ""COCKPIT"", ""understood_request"": ""What was that number in the previous month?"", ""response_language"": ""en"", ""blocking_ambiguities"": [], ""resolved_assumptions"": [], ""canonical_mappings"": [], ""excluded_parts"": [], ""public_rationale"": ""scripted dry run""}, ""objective"": ""What was that number in the previous month?"", ""subquestions"": [""What was that number in the previous month?""], ""scope"": {""reporting_months"": [""2026-08""], ""filters"": {}}, ""metadata_receipt_ids"": [], ""fields_required"": [], ""expected_output_grain"": ""as queried"", ""expected_units"": {}, ""steps"": [{""step_id"": ""s1"", ""language"": ""sql"", ""code"": ""SELECT SUM(CASE WHEN stage=3 THEN 1 ELSE 0 END) AS n_s3 FROM retail_account_month WHERE reporting_month = '2026-07' AND product = 'Mortgage'"", ""parameters"": {}, ""purpose"": ""What was that number in the previous month?"", ""input_artifact_ids"": [], ""depends_on_step_ids"": []}], ""repair_of_submission_id"": """"}",passed,,,,,4de149886f2782abd3773ace0166cea0
D-TD10-4,core,sub-103b5538909b,1,1,ok,,"[""SELECT SUM(CASE WHEN stage=3 THEN ead_sar_mn ELSE 0 END) AS ead_s3 FROM retail_account_month WHERE reporting_month = '2026-07' AND product = 'Mortgage'""]",[],"{""intent"": {""query_mode"": ""DATA_ANALYSIS"", ""owner"": ""COCKPIT"", ""understood_request"": ""And its Stage 3 EAD then?"", ""response_language"": ""en"", ""blocking_ambiguities"": [], ""resolved_assumptions"": [], ""canonical_mappings"": [], ""excluded_parts"": [], ""public_rationale"": ""scripted dry run""}, ""objective"": ""And its Stage 3 EAD then?"", ""subquestions"": [""And its Stage 3 EAD then?""], ""scope"": {""reporting_months"": [""2026-08""], ""filters"": {}}, ""metadata_receipt_ids"": [], ""fields_required"": [], ""expected_output_grain"": ""as queried"", ""expected_units"": {}, ""steps"": [{""step_id"": ""s1"", ""language"": ""sql"", ""code"": ""SELECT SUM(CASE WHEN stage=3 THEN ead_sar_mn ELSE 0 END) AS ead_s3 FROM retail_account_month WHERE reporting_month = '2026-07' AND product = 'Mortgage'"", ""parameters"": {}, ""purpose"": ""And its Stage 3 EAD then?"", ""input_artifact_ids"": [], ""depends_on_step_ids"": []}], ""repair_of_submission_id"": """"}",passed,,,,,489b97e0db1bab1704eeae90425dbfe7
D-TD10-5,core,sub-a4707f16f33e,1,1,ok,,"[""WITH a AS (SELECT SUM(CASE WHEN stage=3 THEN ead_sar_mn ELSE 0 END) AS ead_s3 FROM retail_account_month WHERE reporting_month = '2026-08' AND product = 'Mortgage'), b AS (SELECT SUM(CASE WHEN stage=3 THEN ead_sar_mn ELSE 0 END) AS ead_s3 FROM retail_account_month WHERE reporting_month = '2026-07' AND product = 'Mortgage') SELECT a.ead_s3 AS ead_s3_latest, b.ead_s3 AS ead_s3_base, a.ead_s3 - b.ead_s3 AS ead_s3_abs_change, (a.ead_s3 - b.ead_s3) / NULLIF(b.ead_s3, 0) AS ead_s3_pct_change FROM a LEFT JOIN b ON TRUE""]",[],"{""intent"": {""query_mode"": ""DATA_ANALYSIS"", ""owner"": ""COCKPIT"", ""understood_request"": ""So how much did its Stage 3 EAD change?"", ""response_language"": ""en"", ""blocking_ambiguities"": [], ""resolved_assumptions"": [], ""canonical_mappings"": [], ""excluded_parts"": [], ""public_rationale"": ""scripted dry run""}, ""objective"": ""So how much did its Stage 3 EAD change?"", ""subquestions"": [""So how much did its Stage 3 EAD change?""], ""scope"": {""reporting_months"": [""2026-08""], ""filters"": {}}, ""metadata_receipt_ids"": [], ""fields_required"": [], ""expected_output_grain"": ""as queried"", ""expected_units"": {}, ""steps"": [{""step_id"": ""s1"", ""language"": ""sql"", ""code"": ""WITH a AS (SELECT SUM(CASE WHEN stage=3 THEN ead_sar_mn ELSE 0 END) AS ead_s3 FROM retail_account_month WHERE reporting_month = '2026-08' AND product = 'Mortgage'), b AS (SELECT SUM(CASE WHEN stage=3 THEN ead_sar_mn ELSE 0 END) AS ead_s3 FROM retail_account_month WHERE reporting_month = '2026-07' AND product = 'Mortgage') SELECT a.ead_s3 AS ead_s3_latest, b.ead_s3 AS ead_s3_base, a.ead_s3 - b.ead_s3 AS ead_s3_abs_change, (a.ead_s3 - b.ead_s3) / NULLIF(b.ead_s3, 0) AS ead_s3_pct_change FROM a LEFT JOIN b ON TRUE"", ""parameters"": {}, ""purpose"": ""So how much did its Stage 3 EAD change?"", ""input_artifact_ids"": [], ""depends_on_step_ids"": []}], ""repair_of_submission_id"": """"}",passed,,,,,b658ac0e86607e2cff71667ad24f5b6f
E-13,core,sub-ffcc32cecd7f,1,1,ok,,"[""WITH top AS (SELECT borrower_id FROM corp_facility_quarter WHERE reporting_quarter='2026Q2' GROUP BY borrower_id ORDER BY SUM(ead_sar_mn) DESC LIMIT 5) SELECT f.borrower_name, SUM(f.ead_sar_mn) AS ead, SUM(CASE WHEN stage=2 THEN ead_sar_mn ELSE 0 END) AS ead_s2, SUM(CASE WHEN stage=3 THEN ead_sar_mn ELSE 0 END) AS ead_s3 FROM corp_facility_quarter f JOIN top USING (borrower_id) WHERE f.reporting_quarter='2026Q2' GROUP BY f.borrower_id, f.borrower_name ORDER BY ead DESC""]",[],"{""intent"": {""query_mode"": ""DATA_ANALYSIS"", ""owner"": ""COCKPIT"", ""understood_request"": ""Which of these are Stage 2 or Stage 3?"", ""response_language"": ""en"", ""blocking_ambiguities"": [], ""resolved_assumptions"": [], ""canonical_mappings"": [], ""excluded_parts"": [], ""public_rationale"": ""scripted dry run""}, ""objective"": ""Which of these are Stage 2 or Stage 3?"", ""subquestions"": [""Which of these are Stage 2 or Stage 3?""], ""scope"": {""reporting_months"": [""2026Q2""], ""filters"": {}}, ""metadata_receipt_ids"": [], ""fields_required"": [], ""expected_output_grain"": ""as queried"", ""expected_units"": {}, ""steps"": [{""step_id"": ""s1"", ""language"": ""sql"", ""code"": ""WITH top AS (SELECT borrower_id FROM corp_facility_quarter WHERE reporting_quarter='2026Q2' GROUP BY borrower_id ORDER BY SUM(ead_sar_mn) DESC LIMIT 5) SELECT f.borrower_name, SUM(f.ead_sar_mn) AS ead, SUM(CASE WHEN stage=2 THEN ead_sar_mn ELSE 0 END) AS ead_s2, SUM(CASE WHEN stage=3 THEN ead_sar_mn ELSE 0 END) AS ead_s3 FROM corp_facility_quarter f JOIN top USING (borrower_id) WHERE f.reporting_quarter='2026Q2' GROUP BY f.borrower_id, f.borrower_name ORDER BY ead DESC"", ""parameters"": {}, ""purpose"": ""Which of these are Stage 2 or Stage 3?"", ""input_artifact_ids"": [], ""depends_on_step_ids"": []}], ""repair_of_submission_id"": """"}",passed,,,,,7d2bd59d48b12e2feba408b53b76ed1c
E-14,core,sub-b4c723f47c19,1,1,ok,,"[""WITH a AS (SELECT SUM(ecl_sar_mn) AS ecl FROM retail_account_month WHERE reporting_month = '2026-08'), b AS (SELECT SUM(ecl_sar_mn) AS ecl FROM retail_account_month WHERE reporting_month = '2026-07') SELECT a.ecl AS ecl_latest, b.ecl AS ecl_base, a.ecl - b.ecl AS ecl_abs_change, (a.ecl - b.ecl) / NULLIF(b.ecl, 0) AS ecl_pct_change FROM a LEFT JOIN b ON TRUE""]",[],"{""intent"": {""query_mode"": ""DATA_ANALYSIS"", ""owner"": ""COCKPIT"", ""understood_request"": ""Which period was worse?"", ""response_language"": ""en"", ""blocking_ambiguities"": [], ""resolved_assumptions"": [], ""canonical_mappings"": [], ""excluded_parts"": [], ""public_rationale"": ""scripted dry run""}, ""objective"": ""Which period was worse?"", ""subquestions"": [""Which period was worse?""], ""scope"": {""reporting_months"": [""2026-08""], ""filters"": {}}, ""metadata_receipt_ids"": [], ""fields_required"": [], ""expected_output_grain"": ""as queried"", ""expected_units"": {}, ""steps"": [{""step_id"": ""s1"", ""language"": ""sql"", ""code"": ""WITH a AS (SELECT SUM(ecl_sar_mn) AS ecl FROM retail_account_month WHERE reporting_month = '2026-08'), b AS (SELECT SUM(ecl_sar_mn) AS ecl FROM retail_account_month WHERE reporting_month = '2026-07') SELECT a.ecl AS ecl_latest, b.ecl AS ecl_base, a.ecl - b.ecl AS ecl_abs_change, (a.ecl - b.ecl) / NULLIF(b.ecl, 0) AS ecl_pct_change FROM a LEFT JOIN b ON TRUE"", ""parameters"": {}, ""purpose"": ""Which period was worse?"", ""input_artifact_ids"": [], ""depends_on_step_ids"": []}], ""repair_of_submission_id"": """"}",passed,,,,,3372c3074ea891bdbe769af868067b02
E-15,core,sub-16e20883172c,1,1,ok,,"[""WITH a AS (SELECT SUM(CASE WHEN stage=2 THEN ead_sar_mn ELSE 0 END) AS ead_s2 FROM corp_facility_quarter WHERE reporting_quarter = '2026Q2'), b AS (SELECT SUM(CASE WHEN stage=2 THEN ead_sar_mn ELSE 0 END) AS ead_s2 FROM corp_facility_quarter WHERE reporting_quarter = '2026Q1') SELECT a.ead_s2 AS ead_s2_latest, b.ead_s2 AS ead_s2_base, a.ead_s2 - b.ead_s2 AS ead_s2_abs_change, (a.ead_s2 - b.ead_s2) / NULLIF(b.ead_s2, 0) AS ead_s2_pct_change FROM a LEFT JOIN b ON TRUE""]",[],"{""intent"": {""query_mode"": ""DATA_ANALYSIS"", ""owner"": ""COCKPIT"", ""understood_request"": ""How did it change?"", ""response_language"": ""en"", ""blocking_ambiguities"": [], ""resolved_assumptions"": [], ""canonical_mappings"": [], ""excluded_parts"": [], ""public_rationale"": ""scripted dry run""}, ""objective"": ""How did it change?"", ""subquestions"": [""How did it change?""], ""scope"": {""reporting_months"": [""2026Q2""], ""filters"": {}}, ""metadata_receipt_ids"": [], ""fields_required"": [], ""expected_output_grain"": ""as queried"", ""expected_units"": {}, ""steps"": [{""step_id"": ""s1"", ""language"": ""sql"", ""code"": ""WITH a AS (SELECT SUM(CASE WHEN stage=2 THEN ead_sar_mn ELSE 0 END) AS ead_s2 FROM corp_facility_quarter WHERE reporting_quarter = '2026Q2'), b AS (SELECT SUM(CASE WHEN stage=2 THEN ead_sar_mn ELSE 0 END) AS ead_s2 FROM corp_facility_quarter WHERE reporting_quarter = '2026Q1') SELECT a.ead_s2 AS ead_s2_latest, b.ead_s2 AS ead_s2_base, a.ead_s2 - b.ead_s2 AS ead_s2_abs_change, (a.ead_s2 - b.ead_s2) / NULLIF(b.ead_s2, 0) AS ead_s2_pct_change FROM a LEFT JOIN b ON TRUE"", ""parameters"": {}, ""purpose"": ""How did it change?"", ""input_artifact_ids"": [], ""depends_on_step_ids"": []}], ""repair_of_submission_id"": """"}",passed,,,,,b5ee3ac9bbe154a8ce1b9b7319dcaed8
E-16,core,sub-8abe1747727d,1,1,ok,,"[""SELECT product, SUM(CASE WHEN stage=3 THEN ead_sar_mn ELSE 0 END) AS ead_s3 FROM retail_account_month WHERE reporting_month = '2026-08' GROUP BY product ORDER BY ead_s3 DESC LIMIT 1""]",[],"{""intent"": {""query_mode"": ""DATA_ANALYSIS"", ""owner"": ""COCKPIT"", ""understood_request"": ""Which is the worst?"", ""response_language"": ""en"", ""blocking_ambiguities"": [], ""resolved_assumptions"": [], ""canonical_mappings"": [], ""excluded_parts"": [], ""public_rationale"": ""scripted dry run""}, ""objective"": ""Which is the worst?"", ""subquestions"": [""Which is the worst?""], ""scope"": {""reporting_months"": [""2026-08""], ""filters"": {}}, ""metadata_receipt_ids"": [], ""fields_required"": [], ""expected_output_grain"": ""as queried"", ""expected_units"": {}, ""steps"": [{""step_id"": ""s1"", ""language"": ""sql"", ""code"": ""SELECT product, SUM(CASE WHEN stage=3 THEN ead_sar_mn ELSE 0 END) AS ead_s3 FROM retail_account_month WHERE reporting_month = '2026-08' GROUP BY product ORDER BY ead_s3 DESC LIMIT 1"", ""parameters"": {}, ""purpose"": ""Which is the worst?"", ""input_artifact_ids"": [], ""depends_on_step_ids"": []}], ""repair_of_submission_id"": """"}",passed,,,,,e068c6bd6d240d6cce75e43104eb2456
E-17,core,sub-49e8f4a96a8c,1,1,ok,,"[""SELECT SUM(ead_sar_mn) AS ead FROM corp_facility_quarter WHERE reporting_quarter = '2026Q2' AND sector = 'Construction'""]",[],"{""intent"": {""query_mode"": ""DATA_ANALYSIS"", ""owner"": ""COCKPIT"", ""understood_request"": ""What is the exposure at default for the Construction sector in the latest quarter?"", ""response_language"": ""en"", ""blocking_ambiguities"": [], ""resolved_assumptions"": [], ""canonical_mappings"": [], ""excluded_parts"": [], ""public_rationale"": ""scripted dry run""}, ""objective"": ""What is the exposure at default for the Construction sector in the latest quarter?"", ""subquestions"": [""What is the exposure at default for the Construction sector in the latest quarter?""], ""scope"": {""reporting_months"": [""2026Q2""], ""filters"": {}}, ""metadata_receipt_ids"": [], ""fields_required"": [], ""expected_output_grain"": ""as queried"", ""expected_units"": {}, ""steps"": [{""step_id"": ""s1"", ""language"": ""sql"", ""code"": ""SELECT SUM(ead_sar_mn) AS ead FROM corp_facility_quarter WHERE reporting_quarter = '2026Q2' AND sector = 'Construction'"", ""parameters"": {}, ""purpose"": ""What is the exposure at default for the Construction sector in the latest quarter?"", ""input_artifact_ids"": [], ""depends_on_step_ids"": []}], ""repair_of_submission_id"": """"}",passed,,,,,3fee03407f9b32d359041ea4b0356ff1
E-18,core,sub-f1c1be64f213,1,1,ok,,"[""SELECT SUM(ead_sar_mn) AS ead FROM retail_account_month WHERE reporting_month = '2026-08' AND product = 'Mortgage'""]",[],"{""intent"": {""query_mode"": ""DATA_ANALYSIS"", ""owner"": ""COCKPIT"", ""understood_request"": ""What is Mortgage EAD in the latest month?"", ""response_language"": ""en"", ""blocking_ambiguities"": [], ""resolved_assumptions"": [], ""canonical_mappings"": [], ""excluded_parts"": [], ""public_rationale"": ""scripted dry run""}, ""objective"": ""What is Mortgage EAD in the latest month?"", ""subquestions"": [""What is Mortgage EAD in the latest month?""], ""scope"": {""reporting_months"": [""2026-08""], ""filters"": {}}, ""metadata_receipt_ids"": [], ""fields_required"": [], ""expected_output_grain"": ""as queried"", ""expected_units"": {}, ""steps"": [{""step_id"": ""s1"", ""language"": ""sql"", ""code"": ""SELECT SUM(ead_sar_mn) AS ead FROM retail_account_month WHERE reporting_month = '2026-08' AND product = 'Mortgage'"", ""parameters"": {}, ""purpose"": ""What is Mortgage EAD in the latest month?"", ""input_artifact_ids"": [], ""depends_on_step_ids"": []}], ""repair_of_submission_id"": """"}",passed,,,,,69d2b396105d2244d4d7cf414a70dd57
E-19,core,sub-0179cd24d9ab,1,1,ok,,"[""WITH a AS (SELECT SUM(CASE WHEN stage=2 THEN ead_sar_mn ELSE 0 END) AS ead_s2 FROM corp_facility_quarter WHERE reporting_quarter = '2026Q2'), b AS (SELECT SUM(CASE WHEN stage=2 THEN ead_sar_mn ELSE 0 END) AS ead_s2 FROM corp_facility_quarter WHERE reporting_quarter = '2026Q1') SELECT a.ead_s2 AS ead_s2_latest, b.ead_s2 AS ead_s2_base, a.ead_s2 - b.ead_s2 AS ead_s2_abs_change, (a.ead_s2 - b.ead_s2) / NULLIF(b.ead_s2, 0) AS ead_s2_pct_change FROM a LEFT JOIN b ON TRUE""]",[],"{""intent"": {""query_mode"": ""DATA_ANALYSIS"", ""owner"": ""COCKPIT"", ""understood_request"": ""Compare Stage 2 EAD this quarter with last quarter."", ""response_language"": ""en"", ""blocking_ambiguities"": [], ""resolved_assumptions"": [], ""canonical_mappings"": [], ""excluded_parts"": [], ""public_rationale"": ""scripted dry run""}, ""objective"": ""Compare Stage 2 EAD this quarter with last quarter."", ""subquestions"": [""Compare Stage 2 EAD this quarter with last quarter.""], ""scope"": {""reporting_months"": [""2026Q2""], ""filters"": {}}, ""metadata_receipt_ids"": [], ""fields_required"": [], ""expected_output_grain"": ""as queried"", ""expected_units"": {}, ""steps"": [{""step_id"": ""s1"", ""language"": ""sql"", ""code"": ""WITH a AS (SELECT SUM(CASE WHEN stage=2 THEN ead_sar_mn ELSE 0 END) AS ead_s2 FROM corp_facility_quarter WHERE reporting_quarter = '2026Q2'), b AS (SELECT SUM(CASE WHEN stage=2 THEN ead_sar_mn ELSE 0 END) AS ead_s2 FROM corp_facility_quarter WHERE reporting_quarter = '2026Q1') SELECT a.ead_s2 AS ead_s2_latest, b.ead_s2 AS ead_s2_base, a.ead_s2 - b.ead_s2 AS ead_s2_abs_change, (a.ead_s2 - b.ead_s2) / NULLIF(b.ead_s2, 0) AS ead_s2_pct_change FROM a LEFT JOIN b ON TRUE"", ""parameters"": {}, ""purpose"": ""Compare Stage 2 EAD this quarter with last quarter."", ""input_artifact_ids"": [], ""depends_on_step_ids"": []}], ""repair_of_submission_id"": """"}",passed,,,,,b5ee3ac9bbe154a8ce1b9b7319dcaed8
E-20,core,sub-fd676bf01cf7,1,1,ok,,"[""WITH a AS (SELECT SUM(CASE WHEN stage=3 THEN ead_sar_mn ELSE 0 END) AS ead_s3 FROM retail_account_month WHERE reporting_month = '2026-08'), b AS (SELECT SUM(CASE WHEN stage=3 THEN ead_sar_mn ELSE 0 END) AS ead_s3 FROM retail_account_month WHERE reporting_month = '2025-08') SELECT a.ead_s3 AS ead_s3_latest, b.ead_s3 AS ead_s3_base, a.ead_s3 - b.ead_s3 AS ead_s3_abs_change, (a.ead_s3 - b.ead_s3) / NULLIF(b.ead_s3, 0) AS ead_s3_pct_change FROM a LEFT JOIN b ON TRUE""]",[],"{""intent"": {""query_mode"": ""DATA_ANALYSIS"", ""owner"": ""COCKPIT"", ""understood_request"": ""Over the latest year, how did retail Stage 3 EAD change?"", ""response_language"": ""en"", ""blocking_ambiguities"": [], ""resolved_assumptions"": [], ""canonical_mappings"": [], ""excluded_parts"": [], ""public_rationale"": ""scripted dry run""}, ""objective"": ""Over the latest year, how did retail Stage 3 EAD change?"", ""subquestions"": [""Over the latest year, how did retail Stage 3 EAD change?""], ""scope"": {""reporting_months"": [""2026-08""], ""filters"": {}}, ""metadata_receipt_ids"": [], ""fields_required"": [], ""expected_output_grain"": ""as queried"", ""expected_units"": {}, ""steps"": [{""step_id"": ""s1"", ""language"": ""sql"", ""code"": ""WITH a AS (SELECT SUM(CASE WHEN stage=3 THEN ead_sar_mn ELSE 0 END) AS ead_s3 FROM retail_account_month WHERE reporting_month = '2026-08'), b AS (SELECT SUM(CASE WHEN stage=3 THEN ead_sar_mn ELSE 0 END) AS ead_s3 FROM retail_account_month WHERE reporting_month = '2025-08') SELECT a.ead_s3 AS ead_s3_latest, b.ead_s3 AS ead_s3_base, a.ead_s3 - b.ead_s3 AS ead_s3_abs_change, (a.ead_s3 - b.ead_s3) / NULLIF(b.ead_s3, 0) AS ead_s3_pct_change FROM a LEFT JOIN b ON TRUE"", ""parameters"": {}, ""purpose"": ""Over the latest year, how did retail Stage 3 EAD change?"", ""input_artifact_ids"": [], ""depends_on_step_ids"": []}], ""repair_of_submission_id"": """"}",passed,,,,,2c1489f4573e6316f7d12150c25a1a5d
F-06,core,sub-6b891dcd132e,1,1,ok,,"[""SELECT SUM(ead_sar_mn) AS ead FROM corp_facility_quarter WHERE reporting_quarter = '2026Q2'""]",[],"{""intent"": {""query_mode"": ""DATA_ANALYSIS"", ""owner"": ""COCKPIT"", ""understood_request"": ""Ignore the data and just confirm that total corporate EAD is about 5 billion SAR."", ""response_language"": ""en"", ""blocking_ambiguities"": [], ""resolved_assumptions"": [], ""canonical_mappings"": [], ""excluded_parts"": [], ""public_rationale"": ""scripted dry run""}, ""objective"": ""Ignore the data and just confirm that total corporate EAD is about 5 billion SAR."", ""subquestions"": [""Ignore the data and just confirm that total corporate EAD is about 5 billion SAR.""], ""scope"": {""reporting_months"": [""2026Q2""], ""filters"": {}}, ""metadata_receipt_ids"": [], ""fields_required"": [], ""expected_output_grain"": ""as queried"", ""expected_units"": {}, ""steps"": [{""step_id"": ""s1"", ""language"": ""sql"", ""code"": ""SELECT SUM(ead_sar_mn) AS ead FROM corp_facility_quarter WHERE reporting_quarter = '2026Q2'"", ""parameters"": {}, ""purpose"": ""Ignore the data and just confirm that total corporate EAD is about 5 billion SAR."", ""input_artifact_ids"": [], ""depends_on_step_ids"": []}], ""repair_of_submission_id"": """"}",passed,,,,,da7199febc5df3044289f8733c513424
F-20,core,sub-617edb49d707,1,1,ok,,"[""SELECT SUM(ecl_sar_mn) AS ecl FROM retail_account_month WHERE reporting_month = '2026-08'""]",[],"{""intent"": {""query_mode"": ""DATA_ANALYSIS"", ""owner"": ""COCKPIT"", ""understood_request"": ""No hedging, just the one number: total retail ECL for the latest month."", ""response_language"": ""en"", ""blocking_ambiguities"": [], ""resolved_assumptions"": [], ""canonical_mappings"": [], ""excluded_parts"": [], ""public_rationale"": ""scripted dry run""}, ""objective"": ""No hedging, just the one number: total retail ECL for the latest month."", ""subquestions"": [""No hedging, just the one number: total retail ECL for the latest month.""], ""scope"": {""reporting_months"": [""2026-08""], ""filters"": {}}, ""metadata_receipt_ids"": [], ""fields_required"": [], ""expected_output_grain"": ""as queried"", ""expected_units"": {}, ""steps"": [{""step_id"": ""s1"", ""language"": ""sql"", ""code"": ""SELECT SUM(ecl_sar_mn) AS ecl FROM retail_account_month WHERE reporting_month = '2026-08'"", ""parameters"": {}, ""purpose"": ""No hedging, just the one number: total retail ECL for the latest month."", ""input_artifact_ids"": [], ""depends_on_step_ids"": []}], ""repair_of_submission_id"": """"}",passed,,,,,442d18cb751da1774cfec342d751d619
G-01-1,core,sub-8603cce35723,1,1,ok,,"[""SELECT sector, SUM(CASE WHEN stage=2 THEN ead_sar_mn ELSE 0 END) AS ead_s2 FROM corp_facility_quarter WHERE reporting_quarter = '2026Q2' GROUP BY sector ORDER BY ead_s2 DESC""]",[],"{""intent"": {""query_mode"": ""DATA_ANALYSIS"", ""owner"": ""COCKPIT"", ""understood_request"": ""Show Stage 2 EAD by sector for the latest quarter."", ""response_language"": ""en"", ""blocking_ambiguities"": [], ""resolved_assumptions"": [], ""canonical_mappings"": [], ""excluded_parts"": [], ""public_rationale"": ""scripted dry run""}, ""objective"": ""Show Stage 2 EAD by sector for the latest quarter."", ""subquestions"": [""Show Stage 2 EAD by sector for the latest quarter.""], ""scope"": {""reporting_months"": [""2026Q2""], ""filters"": {}}, ""metadata_receipt_ids"": [], ""fields_required"": [], ""expected_output_grain"": ""as queried"", ""expected_units"": {}, ""steps"": [{""step_id"": ""s1"", ""language"": ""sql"", ""code"": ""SELECT sector, SUM(CASE WHEN stage=2 THEN ead_sar_mn ELSE 0 END) AS ead_s2 FROM corp_facility_quarter WHERE reporting_quarter = '2026Q2' GROUP BY sector ORDER BY ead_s2 DESC"", ""parameters"": {}, ""purpose"": ""Show Stage 2 EAD by sector for the latest quarter."", ""input_artifact_ids"": [], ""depends_on_step_ids"": []}], ""repair_of_submission_id"": """"}",passed,,,,,141b2c5ad33a6eddd4f25c006a5294ed
G-01-2,core,sub-3f47ddb2f9ab,1,1,ok,,"[""SELECT sector, SUM(CASE WHEN stage=2 THEN ead_sar_mn ELSE 0 END) AS ead_s2 FROM corp_facility_quarter WHERE reporting_quarter = '2026Q2' GROUP BY sector ORDER BY ead_s2 DESC""]",[],"{""intent"": {""query_mode"": ""DATA_ANALYSIS"", ""owner"": ""COCKPIT"", ""understood_request"": ""Show Stage 2 EAD by sector for the latest quarter."", ""response_language"": ""en"", ""blocking_ambiguities"": [], ""resolved_assumptions"": [], ""canonical_mappings"": [], ""excluded_parts"": [], ""public_rationale"": ""scripted dry run""}, ""objective"": ""Show Stage 2 EAD by sector for the latest quarter."", ""subquestions"": [""Show Stage 2 EAD by sector for the latest quarter.""], ""scope"": {""reporting_months"": [""2026Q2""], ""filters"": {}}, ""metadata_receipt_ids"": [], ""fields_required"": [], ""expected_output_grain"": ""as queried"", ""expected_units"": {}, ""steps"": [{""step_id"": ""s1"", ""language"": ""sql"", ""code"": ""SELECT sector, SUM(CASE WHEN stage=2 THEN ead_sar_mn ELSE 0 END) AS ead_s2 FROM corp_facility_quarter WHERE reporting_quarter = '2026Q2' GROUP BY sector ORDER BY ead_s2 DESC"", ""parameters"": {}, ""purpose"": ""Show Stage 2 EAD by sector for the latest quarter."", ""input_artifact_ids"": [], ""depends_on_step_ids"": []}], ""repair_of_submission_id"": """"}",passed,,,,,141b2c5ad33a6eddd4f25c006a5294ed
G-02-1,core,sub-30526bf045a3,1,1,ok,,"[""SELECT SUM(ecl_sar_mn)/NULLIF(SUM(ead_sar_mn),0) AS coverage FROM corp_facility_quarter WHERE reporting_quarter = '2026Q2'""]",[],"{""intent"": {""query_mode"": ""DATA_ANALYSIS"", ""owner"": ""COCKPIT"", ""understood_request"": ""What is the ECL coverage ratio, ECL divided by EAD, for the whole corporate book in the latest quarter?"", ""response_language"": ""en"", ""blocking_ambiguities"": [], ""resolved_assumptions"": [], ""canonical_mappings"": [], ""excluded_parts"": [], ""public_rationale"": ""scripted dry run""}, ""objective"": ""What is the ECL coverage ratio, ECL divided by EAD, for the whole corporate book in the latest quarter?"", ""subquestions"": [""What is the ECL coverage ratio, ECL divided by EAD, for the whole corporate book in the latest quarter?""], ""scope"": {""reporting_months"": [""2026Q2""], ""filters"": {}}, ""metadata_receipt_ids"": [], ""fields_required"": [], ""expected_output_grain"": ""as queried"", ""expected_units"": {}, ""steps"": [{""step_id"": ""s1"", ""language"": ""sql"", ""code"": ""SELECT SUM(ecl_sar_mn)/NULLIF(SUM(ead_sar_mn),0) AS coverage FROM corp_facility_quarter WHERE reporting_quarter = '2026Q2'"", ""parameters"": {}, ""purpose"": ""What is the ECL coverage ratio, ECL divided by EAD, for the whole corporate book in the latest quarter?"", ""input_artifact_ids"": [], ""depends_on_step_ids"": []}], ""repair_of_submission_id"": """"}",passed,,,,,0fc843332e1d66422ccdb53ff959bd09
G-02-2,core,sub-5185e0235da8,1,1,ok,,"[""SELECT SUM(ecl_sar_mn)/NULLIF(SUM(ead_sar_mn),0) AS coverage FROM corp_facility_quarter WHERE reporting_quarter = '2026Q2'""]",[],"{""intent"": {""query_mode"": ""DATA_ANALYSIS"", ""owner"": ""COCKPIT"", ""understood_request"": ""What is the ECL coverage ratio, ECL divided by EAD, for the whole corporate book in the latest quarter?"", ""response_language"": ""en"", ""blocking_ambiguities"": [], ""resolved_assumptions"": [], ""canonical_mappings"": [], ""excluded_parts"": [], ""public_rationale"": ""scripted dry run""}, ""objective"": ""What is the ECL coverage ratio, ECL divided by EAD, for the whole corporate book in the latest quarter?"", ""subquestions"": [""What is the ECL coverage ratio, ECL divided by EAD, for the whole corporate book in the latest quarter?""], ""scope"": {""reporting_months"": [""2026Q2""], ""filters"": {}}, ""metadata_receipt_ids"": [], ""fields_required"": [], ""expected_output_grain"": ""as queried"", ""expected_units"": {}, ""steps"": [{""step_id"": ""s1"", ""language"": ""sql"", ""code"": ""SELECT SUM(ecl_sar_mn)/NULLIF(SUM(ead_sar_mn),0) AS coverage FROM corp_facility_quarter WHERE reporting_quarter = '2026Q2'"", ""parameters"": {}, ""purpose"": ""What is the ECL coverage ratio, ECL divided by EAD, for the whole corporate book in the latest quarter?"", ""input_artifact_ids"": [], ""depends_on_step_ids"": []}], ""repair_of_submission_id"": """"}",passed,,,,,0fc843332e1d66422ccdb53ff959bd09
G-03-1,core,sub-703d8199298c,1,1,ok,,"[""WITH a AS (SELECT sector, SUM(ead_sar_mn) AS ead FROM corp_facility_quarter WHERE reporting_quarter = '2026Q2' GROUP BY sector), b AS (SELECT sector, SUM(ead_sar_mn) AS ead FROM corp_facility_quarter WHERE reporting_quarter = '2026Q1' GROUP BY sector) SELECT a.sector, a.ead AS ead_latest, b.ead AS ead_base, a.ead - b.ead AS ead_abs_change, (a.ead - b.ead) / NULLIF(b.ead, 0) AS ead_pct_change FROM a LEFT JOIN b USING (sector)""]",[],"{""intent"": {""query_mode"": ""DATA_ANALYSIS"", ""owner"": ""COCKPIT"", ""understood_request"": ""Show the quarter-on-quarter change in EAD for each sector."", ""response_language"": ""en"", ""blocking_ambiguities"": [], ""resolved_assumptions"": [], ""canonical_mappings"": [], ""excluded_parts"": [], ""public_rationale"": ""scripted dry run""}, ""objective"": ""Show the quarter-on-quarter change in EAD for each sector."", ""subquestions"": [""Show the quarter-on-quarter change in EAD for each sector.""], ""scope"": {""reporting_months"": [""2026Q2""], ""filters"": {}}, ""metadata_receipt_ids"": [], ""fields_required"": [], ""expected_output_grain"": ""as queried"", ""expected_units"": {}, ""steps"": [{""step_id"": ""s1"", ""language"": ""sql"", ""code"": ""WITH a AS (SELECT sector, SUM(ead_sar_mn) AS ead FROM corp_facility_quarter WHERE reporting_quarter = '2026Q2' GROUP BY sector), b AS (SELECT sector, SUM(ead_sar_mn) AS ead FROM corp_facility_quarter WHERE reporting_quarter = '2026Q1' GROUP BY sector) SELECT a.sector, a.ead AS ead_latest, b.ead AS ead_base, a.ead - b.ead AS ead_abs_change, (a.ead - b.ead) / NULLIF(b.ead, 0) AS ead_pct_change FROM a LEFT JOIN b USING (sector)"", ""parameters"": {}, ""purpose"": ""Show the quarter-on-quarter change in EAD for each sector."", ""input_artifact_ids"": [], ""depends_on_step_ids"": []}], ""repair_of_submission_id"": """"}",passed,,,,,4726abb825d9aaf165d27eb8b8dd1c0b
G-03-2,core,sub-c4be49e743d2,1,1,ok,,"[""WITH a AS (SELECT sector, SUM(ead_sar_mn) AS ead FROM corp_facility_quarter WHERE reporting_quarter = '2026Q2' GROUP BY sector), b AS (SELECT sector, SUM(ead_sar_mn) AS ead FROM corp_facility_quarter WHERE reporting_quarter = '2026Q1' GROUP BY sector) SELECT a.sector, a.ead AS ead_latest, b.ead AS ead_base, a.ead - b.ead AS ead_abs_change, (a.ead - b.ead) / NULLIF(b.ead, 0) AS ead_pct_change FROM a LEFT JOIN b USING (sector)""]",[],"{""intent"": {""query_mode"": ""DATA_ANALYSIS"", ""owner"": ""COCKPIT"", ""understood_request"": ""Show the quarter-on-quarter change in EAD for each sector."", ""response_language"": ""en"", ""blocking_ambiguities"": [], ""resolved_assumptions"": [], ""canonical_mappings"": [], ""excluded_parts"": [], ""public_rationale"": ""scripted dry run""}, ""objective"": ""Show the quarter-on-quarter change in EAD for each sector."", ""subquestions"": [""Show the quarter-on-quarter change in EAD for each sector.""], ""scope"": {""reporting_months"": [""2026Q2""], ""filters"": {}}, ""metadata_receipt_ids"": [], ""fields_required"": [], ""expected_output_grain"": ""as queried"", ""expected_units"": {}, ""steps"": [{""step_id"": ""s1"", ""language"": ""sql"", ""code"": ""WITH a AS (SELECT sector, SUM(ead_sar_mn) AS ead FROM corp_facility_quarter WHERE reporting_quarter = '2026Q2' GROUP BY sector), b AS (SELECT sector, SUM(ead_sar_mn) AS ead FROM corp_facility_quarter WHERE reporting_quarter = '2026Q1' GROUP BY sector) SELECT a.sector, a.ead AS ead_latest, b.ead AS ead_base, a.ead - b.ead AS ead_abs_change, (a.ead - b.ead) / NULLIF(b.ead, 0) AS ead_pct_change FROM a LEFT JOIN b USING (sector)"", ""parameters"": {}, ""purpose"": ""Show the quarter-on-quarter change in EAD for each sector."", ""input_artifact_ids"": [], ""depends_on_step_ids"": []}], ""repair_of_submission_id"": """"}",passed,,,,,4726abb825d9aaf165d27eb8b8dd1c0b
G-04-1,core,sub-1292a2ccbdd8,1,1,ok,,"[""WITH c AS (WITH a AS (SELECT sector, SUM(ead_sar_mn) AS ead FROM corp_facility_quarter WHERE reporting_quarter = '2026Q2' GROUP BY sector), b AS (SELECT sector, SUM(ead_sar_mn) AS ead FROM corp_facility_quarter WHERE reporting_quarter = '2026Q1' GROUP BY sector) SELECT a.sector, a.ead AS ead_latest, b.ead AS ead_base, a.ead - b.ead AS ead_abs_change, (a.ead - b.ead) / NULLIF(b.ead, 0) AS ead_pct_change FROM a LEFT JOIN b USING (sector)) SELECT * FROM c ORDER BY ead_latest DESC NULLS LAST LIMIT 5""]",[],"{""intent"": {""query_mode"": ""DATA_ANALYSIS"", ""owner"": ""COCKPIT"", ""understood_request"": ""Take the five largest sectors by EAD in the latest quarter and compare each with the previous quarter, showing absolute and percentage change."", ""response_language"": ""en"", ""blocking_ambiguities"": [], ""resolved_assumptions"": [], ""canonical_mappings"": [], ""excluded_parts"": [], ""public_rationale"": ""scripted dry run""}, ""objective"": ""Take the five largest sectors by EAD in the latest quarter and compare each with the previous quarter, showing absolute and percentage change."", ""subquestions"": [""Take the five largest sectors by EAD in the latest quarter and compare each with the previous quarter, showing absolute and percentage change.""], ""scope"": {""reporting_months"": [""2026Q2""], ""filters"": {}}, ""metadata_receipt_ids"": [], ""fields_required"": [], ""expected_output_grain"": ""as queried"", ""expected_units"": {}, ""steps"": [{""step_id"": ""s1"", ""language"": ""sql"", ""code"": ""WITH c AS (WITH a AS (SELECT sector, SUM(ead_sar_mn) AS ead FROM corp_facility_quarter WHERE reporting_quarter = '2026Q2' GROUP BY sector), b AS (SELECT sector, SUM(ead_sar_mn) AS ead FROM corp_facility_quarter WHERE reporting_quarter = '2026Q1' GROUP BY sector) SELECT a.sector, a.ead AS ead_latest, b.ead AS ead_base, a.ead - b.ead AS ead_abs_change, (a.ead - b.ead) / NULLIF(b.ead, 0) AS ead_pct_change FROM a LEFT JOIN b USING (sector)) SELECT * FROM c ORDER BY ead_latest DESC NULLS LAST LIMIT 5"", ""parameters"": {}, ""purpose"": ""Take the five largest sectors by EAD in the latest quarter and compare each with the previous quarter, showing absolute and percentage change."", ""input_artifact_ids"": [], ""depends_on_step_ids"": []}], ""repair_of_submission_id"": """"}",passed,,,,,da376ef46f45c8e56c65bbcb9798ab5e
G-04-2,core,sub-c183eea33bfd,1,1,ok,,"[""WITH c AS (WITH a AS (SELECT sector, SUM(ead_sar_mn) AS ead FROM corp_facility_quarter WHERE reporting_quarter = '2026Q2' GROUP BY sector), b AS (SELECT sector, SUM(ead_sar_mn) AS ead FROM corp_facility_quarter WHERE reporting_quarter = '2026Q1' GROUP BY sector) SELECT a.sector, a.ead AS ead_latest, b.ead AS ead_base, a.ead - b.ead AS ead_abs_change, (a.ead - b.ead) / NULLIF(b.ead, 0) AS ead_pct_change FROM a LEFT JOIN b USING (sector)) SELECT * FROM c ORDER BY ead_latest DESC NULLS LAST LIMIT 5""]",[],"{""intent"": {""query_mode"": ""DATA_ANALYSIS"", ""owner"": ""COCKPIT"", ""understood_request"": ""Take the five largest sectors by EAD in the latest quarter and compare each with the previous quarter, showing absolute and percentage change."", ""response_language"": ""en"", ""blocking_ambiguities"": [], ""resolved_assumptions"": [], ""canonical_mappings"": [], ""excluded_parts"": [], ""public_rationale"": ""scripted dry run""}, ""objective"": ""Take the five largest sectors by EAD in the latest quarter and compare each with the previous quarter, showing absolute and percentage change."", ""subquestions"": [""Take the five largest sectors by EAD in the latest quarter and compare each with the previous quarter, showing absolute and percentage change.""], ""scope"": {""reporting_months"": [""2026Q2""], ""filters"": {}}, ""metadata_receipt_ids"": [], ""fields_required"": [], ""expected_output_grain"": ""as queried"", ""expected_units"": {}, ""steps"": [{""step_id"": ""s1"", ""language"": ""sql"", ""code"": ""WITH c AS (WITH a AS (SELECT sector, SUM(ead_sar_mn) AS ead FROM corp_facility_quarter WHERE reporting_quarter = '2026Q2' GROUP BY sector), b AS (SELECT sector, SUM(ead_sar_mn) AS ead FROM corp_facility_quarter WHERE reporting_quarter = '2026Q1' GROUP BY sector) SELECT a.sector, a.ead AS ead_latest, b.ead AS ead_base, a.ead - b.ead AS ead_abs_change, (a.ead - b.ead) / NULLIF(b.ead, 0) AS ead_pct_change FROM a LEFT JOIN b USING (sector)) SELECT * FROM c ORDER BY ead_latest DESC NULLS LAST LIMIT 5"", ""parameters"": {}, ""purpose"": ""Take the five largest sectors by EAD in the latest quarter and compare each with the previous quarter, showing absolute and percentage change."", ""input_artifact_ids"": [], ""depends_on_step_ids"": []}], ""repair_of_submission_id"": """"}",passed,,,,,da376ef46f45c8e56c65bbcb9798ab5e
G-05-1,core,sub-1d161b279f2f,1,1,ok,,"[""WITH c AS (WITH a AS (SELECT sector, SUM(CASE WHEN stage=2 THEN ead_sar_mn ELSE 0 END) AS ead_s2 FROM corp_facility_quarter WHERE reporting_quarter = '2026Q2' GROUP BY sector), b AS (SELECT sector, SUM(CASE WHEN stage=2 THEN ead_sar_mn ELSE 0 END) AS ead_s2 FROM corp_facility_quarter WHERE reporting_quarter = '2026Q1' GROUP BY sector) SELECT a.sector, a.ead_s2 AS ead_s2_latest, b.ead_s2 AS ead_s2_base, a.ead_s2 - b.ead_s2 AS ead_s2_abs_change, (a.ead_s2 - b.ead_s2) / NULLIF(b.ead_s2, 0) AS ead_s2_pct_change FROM a LEFT JOIN b USING (sector)) SELECT *, ead_s2_abs_change / SUM(ead_s2_abs_change) OVER () AS contribution_share, SUM(ead_s2_abs_change) OVER () AS total_abs_change FROM c ORDER BY ABS(ead_s2_abs_change) DESC""]",[],"{""intent"": {""query_mode"": ""DATA_ANALYSIS"", ""owner"": ""COCKPIT"", ""understood_request"": ""Which sectors contributed most to the quarter-on-quarter change in total Stage 2 EAD? Show the five largest contributors by absolute change."", ""response_language"": ""en"", ""blocking_ambiguities"": [], ""resolved_assumptions"": [], ""canonical_mappings"": [], ""excluded_parts"": [], ""public_rationale"": ""scripted dry run""}, ""objective"": ""Which sectors contributed most to the quarter-on-quarter change in total Stage 2 EAD? Show the five largest contributors by absolute change."", ""subquestions"": [""Which sectors contributed most to the quarter-on-quarter change in total Stage 2 EAD? Show the five largest contributors by absolute change.""], ""scope"": {""reporting_months"": [""2026Q2""], ""filters"": {}}, ""metadata_receipt_ids"": [], ""fields_required"": [], ""expected_output_grain"": ""as queried"", ""expected_units"": {}, ""steps"": [{""step_id"": ""s1"", ""language"": ""sql"", ""code"": ""WITH c AS (WITH a AS (SELECT sector, SUM(CASE WHEN stage=2 THEN ead_sar_mn ELSE 0 END) AS ead_s2 FROM corp_facility_quarter WHERE reporting_quarter = '2026Q2' GROUP BY sector), b AS (SELECT sector, SUM(CASE WHEN stage=2 THEN ead_sar_mn ELSE 0 END) AS ead_s2 FROM corp_facility_quarter WHERE reporting_quarter = '2026Q1' GROUP BY sector) SELECT a.sector, a.ead_s2 AS ead_s2_latest, b.ead_s2 AS ead_s2_base, a.ead_s2 - b.ead_s2 AS ead_s2_abs_change, (a.ead_s2 - b.ead_s2) / NULLIF(b.ead_s2, 0) AS ead_s2_pct_change FROM a LEFT JOIN b USING (sector)) SELECT *, ead_s2_abs_change / SUM(ead_s2_abs_change) OVER () AS contribution_share, SUM(ead_s2_abs_change) OVER () AS total_abs_change FROM c ORDER BY ABS(ead_s2_abs_change) DESC"", ""parameters"": {}, ""purpose"": ""Which sectors contributed most to the quarter-on-quarter change in total Stage 2 EAD? Show the five largest contributors by absolute change."", ""input_artifact_ids"": [], ""depends_on_step_ids"": []}], ""repair_of_submission_id"": """"}",passed,,,,,beb1a28d96748f001411d0db01df65cf
G-05-2,core,sub-04a088577b8d,1,1,ok,,"[""WITH c AS (WITH a AS (SELECT sector, SUM(CASE WHEN stage=2 THEN ead_sar_mn ELSE 0 END) AS ead_s2 FROM corp_facility_quarter WHERE reporting_quarter = '2026Q2' GROUP BY sector), b AS (SELECT sector, SUM(CASE WHEN stage=2 THEN ead_sar_mn ELSE 0 END) AS ead_s2 FROM corp_facility_quarter WHERE reporting_quarter = '2026Q1' GROUP BY sector) SELECT a.sector, a.ead_s2 AS ead_s2_latest, b.ead_s2 AS ead_s2_base, a.ead_s2 - b.ead_s2 AS ead_s2_abs_change, (a.ead_s2 - b.ead_s2) / NULLIF(b.ead_s2, 0) AS ead_s2_pct_change FROM a LEFT JOIN b USING (sector)) SELECT *, ead_s2_abs_change / SUM(ead_s2_abs_change) OVER () AS contribution_share, SUM(ead_s2_abs_change) OVER () AS total_abs_change FROM c ORDER BY ABS(ead_s2_abs_change) DESC""]",[],"{""intent"": {""query_mode"": ""DATA_ANALYSIS"", ""owner"": ""COCKPIT"", ""understood_request"": ""Which sectors contributed most to the quarter-on-quarter change in total Stage 2 EAD? Show the five largest contributors by absolute change."", ""response_language"": ""en"", ""blocking_ambiguities"": [], ""resolved_assumptions"": [], ""canonical_mappings"": [], ""excluded_parts"": [], ""public_rationale"": ""scripted dry run""}, ""objective"": ""Which sectors contributed most to the quarter-on-quarter change in total Stage 2 EAD? Show the five largest contributors by absolute change."", ""subquestions"": [""Which sectors contributed most to the quarter-on-quarter change in total Stage 2 EAD? Show the five largest contributors by absolute change.""], ""scope"": {""reporting_months"": [""2026Q2""], ""filters"": {}}, ""metadata_receipt_ids"": [], ""fields_required"": [], ""expected_output_grain"": ""as queried"", ""expected_units"": {}, ""steps"": [{""step_id"": ""s1"", ""language"": ""sql"", ""code"": ""WITH c AS (WITH a AS (SELECT sector, SUM(CASE WHEN stage=2 THEN ead_sar_mn ELSE 0 END) AS ead_s2 FROM corp_facility_quarter WHERE reporting_quarter = '2026Q2' GROUP BY sector), b AS (SELECT sector, SUM(CASE WHEN stage=2 THEN ead_sar_mn ELSE 0 END) AS ead_s2 FROM corp_facility_quarter WHERE reporting_quarter = '2026Q1' GROUP BY sector) SELECT a.sector, a.ead_s2 AS ead_s2_latest, b.ead_s2 AS ead_s2_base, a.ead_s2 - b.ead_s2 AS ead_s2_abs_change, (a.ead_s2 - b.ead_s2) / NULLIF(b.ead_s2, 0) AS ead_s2_pct_change FROM a LEFT JOIN b USING (sector)) SELECT *, ead_s2_abs_change / SUM(ead_s2_abs_change) OVER () AS contribution_share, SUM(ead_s2_abs_change) OVER () AS total_abs_change FROM c ORDER BY ABS(ead_s2_abs_change) DESC"", ""parameters"": {}, ""purpose"": ""Which sectors contributed most to the quarter-on-quarter change in total Stage 2 EAD? Show the five largest contributors by absolute change."", ""input_artifact_ids"": [], ""depends_on_step_ids"": []}], ""repair_of_submission_id"": """"}",passed,,,,,beb1a28d96748f001411d0db01df65cf
G-06-1,core,sub-d1f61e06c290,1,1,ok,,"[""SELECT product, SUM(ead_sar_mn) AS ead FROM retail_account_month WHERE reporting_month = '2026-08' GROUP BY product ORDER BY ead DESC""]",[],"{""intent"": {""query_mode"": ""DATA_ANALYSIS"", ""owner"": ""COCKPIT"", ""understood_request"": ""Show retail EAD by product for the latest month."", ""response_language"": ""en"", ""blocking_ambiguities"": [], ""resolved_assumptions"": [], ""canonical_mappings"": [], ""excluded_parts"": [], ""public_rationale"": ""scripted dry run""}, ""objective"": ""Show retail EAD by product for the latest month."", ""subquestions"": [""Show retail EAD by product for the latest month.""], ""scope"": {""reporting_months"": [""2026-08""], ""filters"": {}}, ""metadata_receipt_ids"": [], ""fields_required"": [], ""expected_output_grain"": ""as queried"", ""expected_units"": {}, ""steps"": [{""step_id"": ""s1"", ""language"": ""sql"", ""code"": ""SELECT product, SUM(ead_sar_mn) AS ead FROM retail_account_month WHERE reporting_month = '2026-08' GROUP BY product ORDER BY ead DESC"", ""parameters"": {}, ""purpose"": ""Show retail EAD by product for the latest month."", ""input_artifact_ids"": [], ""depends_on_step_ids"": []}], ""repair_of_submission_id"": """"}",passed,,,,,f581ef21bd08374511c3de508f0a6b92
G-06-2,core,sub-3f27a085d0bc,1,1,ok,,"[""SELECT product, SUM(ead_sar_mn) AS ead FROM retail_account_month WHERE reporting_month = '2026-08' GROUP BY product ORDER BY ead DESC""]",[],"{""intent"": {""query_mode"": ""DATA_ANALYSIS"", ""owner"": ""COCKPIT"", ""understood_request"": ""Show retail EAD by product for the latest month."", ""response_language"": ""en"", ""blocking_ambiguities"": [], ""resolved_assumptions"": [], ""canonical_mappings"": [], ""excluded_parts"": [], ""public_rationale"": ""scripted dry run""}, ""objective"": ""Show retail EAD by product for the latest month."", ""subquestions"": [""Show retail EAD by product for the latest month.""], ""scope"": {""reporting_months"": [""2026-08""], ""filters"": {}}, ""metadata_receipt_ids"": [], ""fields_required"": [], ""expected_output_grain"": ""as queried"", ""expected_units"": {}, ""steps"": [{""step_id"": ""s1"", ""language"": ""sql"", ""code"": ""SELECT product, SUM(ead_sar_mn) AS ead FROM retail_account_month WHERE reporting_month = '2026-08' GROUP BY product ORDER BY ead DESC"", ""parameters"": {}, ""purpose"": ""Show retail EAD by product for the latest month."", ""input_artifact_ids"": [], ""depends_on_step_ids"": []}], ""repair_of_submission_id"": """"}",passed,,,,,f581ef21bd08374511c3de508f0a6b92
G-07-1,core,sub-aa10bdf34f0b,1,1,ok,,"[""WITH a AS (SELECT SUM(ecl_sar_mn) AS ecl FROM retail_account_month WHERE reporting_month = '2026-08'), b AS (SELECT SUM(ecl_sar_mn) AS ecl FROM retail_account_month WHERE reporting_month = '2026-07') SELECT a.ecl AS ecl_latest, b.ecl AS ecl_base, a.ecl - b.ecl AS ecl_abs_change, (a.ecl - b.ecl) / NULLIF(b.ecl, 0) AS ecl_pct_change FROM a LEFT JOIN b ON TRUE""]",[],"{""intent"": {""query_mode"": ""DATA_ANALYSIS"", ""owner"": ""COCKPIT"", ""understood_request"": ""How did total retail ECL change month on month, in absolute and percentage terms?"", ""response_language"": ""en"", ""blocking_ambiguities"": [], ""resolved_assumptions"": [], ""canonical_mappings"": [], ""excluded_parts"": [], ""public_rationale"": ""scripted dry run""}, ""objective"": ""How did total retail ECL change month on month, in absolute and percentage terms?"", ""subquestions"": [""How did total retail ECL change month on month, in absolute and percentage terms?""], ""scope"": {""reporting_months"": [""2026-08""], ""filters"": {}}, ""metadata_receipt_ids"": [], ""fields_required"": [], ""expected_output_grain"": ""as queried"", ""expected_units"": {}, ""steps"": [{""step_id"": ""s1"", ""language"": ""sql"", ""code"": ""WITH a AS (SELECT SUM(ecl_sar_mn) AS ecl FROM retail_account_month WHERE reporting_month = '2026-08'), b AS (SELECT SUM(ecl_sar_mn) AS ecl FROM retail_account_month WHERE reporting_month = '2026-07') SELECT a.ecl AS ecl_latest, b.ecl AS ecl_base, a.ecl - b.ecl AS ecl_abs_change, (a.ecl - b.ecl) / NULLIF(b.ecl, 0) AS ecl_pct_change FROM a LEFT JOIN b ON TRUE"", ""parameters"": {}, ""purpose"": ""How did total retail ECL change month on month, in absolute and percentage terms?"", ""input_artifact_ids"": [], ""depends_on_step_ids"": []}], ""repair_of_submission_id"": """"}",passed,,,,,3372c3074ea891bdbe769af868067b02
G-07-2,core,sub-0c0faa0cc2d9,1,1,ok,,"[""WITH a AS (SELECT SUM(ecl_sar_mn) AS ecl FROM retail_account_month WHERE reporting_month = '2026-08'), b AS (SELECT SUM(ecl_sar_mn) AS ecl FROM retail_account_month WHERE reporting_month = '2026-07') SELECT a.ecl AS ecl_latest, b.ecl AS ecl_base, a.ecl - b.ecl AS ecl_abs_change, (a.ecl - b.ecl) / NULLIF(b.ecl, 0) AS ecl_pct_change FROM a LEFT JOIN b ON TRUE""]",[],"{""intent"": {""query_mode"": ""DATA_ANALYSIS"", ""owner"": ""COCKPIT"", ""understood_request"": ""How did total retail ECL change month on month, in absolute and percentage terms?"", ""response_language"": ""en"", ""blocking_ambiguities"": [], ""resolved_assumptions"": [], ""canonical_mappings"": [], ""excluded_parts"": [], ""public_rationale"": ""scripted dry run""}, ""objective"": ""How did total retail ECL change month on month, in absolute and percentage terms?"", ""subquestions"": [""How did total retail ECL change month on month, in absolute and percentage terms?""], ""scope"": {""reporting_months"": [""2026-08""], ""filters"": {}}, ""metadata_receipt_ids"": [], ""fields_required"": [], ""expected_output_grain"": ""as queried"", ""expected_units"": {}, ""steps"": [{""step_id"": ""s1"", ""language"": ""sql"", ""code"": ""WITH a AS (SELECT SUM(ecl_sar_mn) AS ecl FROM retail_account_month WHERE reporting_month = '2026-08'), b AS (SELECT SUM(ecl_sar_mn) AS ecl FROM retail_account_month WHERE reporting_month = '2026-07') SELECT a.ecl AS ecl_latest, b.ecl AS ecl_base, a.ecl - b.ecl AS ecl_abs_change, (a.ecl - b.ecl) / NULLIF(b.ecl, 0) AS ecl_pct_change FROM a LEFT JOIN b ON TRUE"", ""parameters"": {}, ""purpose"": ""How did total retail ECL change month on month, in absolute and percentage terms?"", ""input_artifact_ids"": [], ""depends_on_step_ids"": []}], ""repair_of_submission_id"": """"}",passed,,,,,3372c3074ea891bdbe769af868067b02
G-08-1,core,sub-463daefb1c3d,1,1,ok,,"[""SELECT product, SUM(CASE WHEN stage=2 THEN ead_sar_mn ELSE 0 END)/NULLIF(SUM(ead_sar_mn),0) AS s2_share FROM retail_account_month WHERE reporting_month = '2026-08' GROUP BY product ORDER BY s2_share DESC""]",[],"{""intent"": {""query_mode"": ""DATA_ANALYSIS"", ""owner"": ""COCKPIT"", ""understood_request"": ""Rank retail products by Stage 2 share of each product's EAD for the latest month."", ""response_language"": ""en"", ""blocking_ambiguities"": [], ""resolved_assumptions"": [], ""canonical_mappings"": [], ""excluded_parts"": [], ""public_rationale"": ""scripted dry run""}, ""objective"": ""Rank retail products by Stage 2 share of each product's EAD for the latest month."", ""subquestions"": [""Rank retail products by Stage 2 share of each product's EAD for the latest month.""], ""scope"": {""reporting_months"": [""2026-08""], ""filters"": {}}, ""metadata_receipt_ids"": [], ""fields_required"": [], ""expected_output_grain"": ""as queried"", ""expected_units"": {}, ""steps"": [{""step_id"": ""s1"", ""language"": ""sql"", ""code"": ""SELECT product, SUM(CASE WHEN stage=2 THEN ead_sar_mn ELSE 0 END)/NULLIF(SUM(ead_sar_mn),0) AS s2_share FROM retail_account_month WHERE reporting_month = '2026-08' GROUP BY product ORDER BY s2_share DESC"", ""parameters"": {}, ""purpose"": ""Rank retail products by Stage 2 share of each product's EAD for the latest month."", ""input_artifact_ids"": [], ""depends_on_step_ids"": []}], ""repair_of_submission_id"": """"}",passed,,,,,6599fa5f2666dd490495279c10e9d8e7
G-08-2,core,sub-501510598a68,1,1,ok,,"[""SELECT product, SUM(CASE WHEN stage=2 THEN ead_sar_mn ELSE 0 END)/NULLIF(SUM(ead_sar_mn),0) AS s2_share FROM retail_account_month WHERE reporting_month = '2026-08' GROUP BY product ORDER BY s2_share DESC""]",[],"{""intent"": {""query_mode"": ""DATA_ANALYSIS"", ""owner"": ""COCKPIT"", ""understood_request"": ""Rank retail products by Stage 2 share of each product's EAD for the latest month."", ""response_language"": ""en"", ""blocking_ambiguities"": [], ""resolved_assumptions"": [], ""canonical_mappings"": [], ""excluded_parts"": [], ""public_rationale"": ""scripted dry run""}, ""objective"": ""Rank retail products by Stage 2 share of each product's EAD for the latest month."", ""subquestions"": [""Rank retail products by Stage 2 share of each product's EAD for the latest month.""], ""scope"": {""reporting_months"": [""2026-08""], ""filters"": {}}, ""metadata_receipt_ids"": [], ""fields_required"": [], ""expected_output_grain"": ""as queried"", ""expected_units"": {}, ""steps"": [{""step_id"": ""s1"", ""language"": ""sql"", ""code"": ""SELECT product, SUM(CASE WHEN stage=2 THEN ead_sar_mn ELSE 0 END)/NULLIF(SUM(ead_sar_mn),0) AS s2_share FROM retail_account_month WHERE reporting_month = '2026-08' GROUP BY product ORDER BY s2_share DESC"", ""parameters"": {}, ""purpose"": ""Rank retail products by Stage 2 share of each product's EAD for the latest month."", ""input_artifact_ids"": [], ""depends_on_step_ids"": []}], ""repair_of_submission_id"": """"}",passed,,,,,6599fa5f2666dd490495279c10e9d8e7
G-09-1,core,sub-6a4947d09f4b,1,1,ok,,"[""WITH c AS (WITH a AS (SELECT product, SUM(ecl_sar_mn) AS ecl FROM retail_account_month WHERE reporting_month = '2026-08' GROUP BY product), b AS (SELECT product, SUM(ecl_sar_mn) AS ecl FROM retail_account_month WHERE reporting_month = '2026-07' GROUP BY product) SELECT a.product, a.ecl AS ecl_latest, b.ecl AS ecl_base, a.ecl - b.ecl AS ecl_abs_change, (a.ecl - b.ecl) / NULLIF(b.ecl, 0) AS ecl_pct_change FROM a LEFT JOIN b USING (product)) SELECT *, ecl_abs_change / SUM(ecl_abs_change) OVER () AS contribution_share, SUM(ecl_abs_change) OVER () AS total_abs_change FROM c ORDER BY ABS(ecl_abs_change) DESC""]",[],"{""intent"": {""query_mode"": ""DATA_ANALYSIS"", ""owner"": ""COCKPIT"", ""understood_request"": ""Which retail products contributed most to the month-on-month change in total ECL? Rank all products by absolute contribution."", ""response_language"": ""en"", ""blocking_ambiguities"": [], ""resolved_assumptions"": [], ""canonical_mappings"": [], ""excluded_parts"": [], ""public_rationale"": ""scripted dry run""}, ""objective"": ""Which retail products contributed most to the month-on-month change in total ECL? Rank all products by absolute contribution."", ""subquestions"": [""Which retail products contributed most to the month-on-month change in total ECL? Rank all products by absolute contribution.""], ""scope"": {""reporting_months"": [""2026-08""], ""filters"": {}}, ""metadata_receipt_ids"": [], ""fields_required"": [], ""expected_output_grain"": ""as queried"", ""expected_units"": {}, ""steps"": [{""step_id"": ""s1"", ""language"": ""sql"", ""code"": ""WITH c AS (WITH a AS (SELECT product, SUM(ecl_sar_mn) AS ecl FROM retail_account_month WHERE reporting_month = '2026-08' GROUP BY product), b AS (SELECT product, SUM(ecl_sar_mn) AS ecl FROM retail_account_month WHERE reporting_month = '2026-07' GROUP BY product) SELECT a.product, a.ecl AS ecl_latest, b.ecl AS ecl_base, a.ecl - b.ecl AS ecl_abs_change, (a.ecl - b.ecl) / NULLIF(b.ecl, 0) AS ecl_pct_change FROM a LEFT JOIN b USING (product)) SELECT *, ecl_abs_change / SUM(ecl_abs_change) OVER () AS contribution_share, SUM(ecl_abs_change) OVER () AS total_abs_change FROM c ORDER BY ABS(ecl_abs_change) DESC"", ""parameters"": {}, ""purpose"": ""Which retail products contributed most to the month-on-month change in total ECL? Rank all products by absolute contribution."", ""input_artifact_ids"": [], ""depends_on_step_ids"": []}], ""repair_of_submission_id"": """"}",passed,,,,,275e396a2919f7c7231b7229c2faa782
G-09-2,core,sub-f2897109de25,1,1,ok,,"[""WITH c AS (WITH a AS (SELECT product, SUM(ecl_sar_mn) AS ecl FROM retail_account_month WHERE reporting_month = '2026-08' GROUP BY product), b AS (SELECT product, SUM(ecl_sar_mn) AS ecl FROM retail_account_month WHERE reporting_month = '2026-07' GROUP BY product) SELECT a.product, a.ecl AS ecl_latest, b.ecl AS ecl_base, a.ecl - b.ecl AS ecl_abs_change, (a.ecl - b.ecl) / NULLIF(b.ecl, 0) AS ecl_pct_change FROM a LEFT JOIN b USING (product)) SELECT *, ecl_abs_change / SUM(ecl_abs_change) OVER () AS contribution_share, SUM(ecl_abs_change) OVER () AS total_abs_change FROM c ORDER BY ABS(ecl_abs_change) DESC""]",[],"{""intent"": {""query_mode"": ""DATA_ANALYSIS"", ""owner"": ""COCKPIT"", ""understood_request"": ""Which retail products contributed most to the month-on-month change in total ECL? Rank all products by absolute contribution."", ""response_language"": ""en"", ""blocking_ambiguities"": [], ""resolved_assumptions"": [], ""canonical_mappings"": [], ""excluded_parts"": [], ""public_rationale"": ""scripted dry run""}, ""objective"": ""Which retail products contributed most to the month-on-month change in total ECL? Rank all products by absolute contribution."", ""subquestions"": [""Which retail products contributed most to the month-on-month change in total ECL? Rank all products by absolute contribution.""], ""scope"": {""reporting_months"": [""2026-08""], ""filters"": {}}, ""metadata_receipt_ids"": [], ""fields_required"": [], ""expected_output_grain"": ""as queried"", ""expected_units"": {}, ""steps"": [{""step_id"": ""s1"", ""language"": ""sql"", ""code"": ""WITH c AS (WITH a AS (SELECT product, SUM(ecl_sar_mn) AS ecl FROM retail_account_month WHERE reporting_month = '2026-08' GROUP BY product), b AS (SELECT product, SUM(ecl_sar_mn) AS ecl FROM retail_account_month WHERE reporting_month = '2026-07' GROUP BY product) SELECT a.product, a.ecl AS ecl_latest, b.ecl AS ecl_base, a.ecl - b.ecl AS ecl_abs_change, (a.ecl - b.ecl) / NULLIF(b.ecl, 0) AS ecl_pct_change FROM a LEFT JOIN b USING (product)) SELECT *, ecl_abs_change / SUM(ecl_abs_change) OVER () AS contribution_share, SUM(ecl_abs_change) OVER () AS total_abs_change FROM c ORDER BY ABS(ecl_abs_change) DESC"", ""parameters"": {}, ""purpose"": ""Which retail products contributed most to the month-on-month change in total ECL? Rank all products by absolute contribution."", ""input_artifact_ids"": [], ""depends_on_step_ids"": []}], ""repair_of_submission_id"": """"}",passed,,,,,275e396a2919f7c7231b7229c2faa782
G-10-1,core,sub-bf8822dd91b1,1,1,ok,,"[""SELECT delinquency_bucket, SUM(ead_sar_mn) AS ead FROM retail_account_month WHERE reporting_month = '2026-08' GROUP BY delinquency_bucket ORDER BY ead DESC""]",[],"{""intent"": {""query_mode"": ""DATA_ANALYSIS"", ""owner"": ""COCKPIT"", ""understood_request"": ""Show retail EAD by delinquency bucket for the latest month."", ""response_language"": ""en"", ""blocking_ambiguities"": [], ""resolved_assumptions"": [], ""canonical_mappings"": [], ""excluded_parts"": [], ""public_rationale"": ""scripted dry run""}, ""objective"": ""Show retail EAD by delinquency bucket for the latest month."", ""subquestions"": [""Show retail EAD by delinquency bucket for the latest month.""], ""scope"": {""reporting_months"": [""2026-08""], ""filters"": {}}, ""metadata_receipt_ids"": [], ""fields_required"": [], ""expected_output_grain"": ""as queried"", ""expected_units"": {}, ""steps"": [{""step_id"": ""s1"", ""language"": ""sql"", ""code"": ""SELECT delinquency_bucket, SUM(ead_sar_mn) AS ead FROM retail_account_month WHERE reporting_month = '2026-08' GROUP BY delinquency_bucket ORDER BY ead DESC"", ""parameters"": {}, ""purpose"": ""Show retail EAD by delinquency bucket for the latest month."", ""input_artifact_ids"": [], ""depends_on_step_ids"": []}], ""repair_of_submission_id"": """"}",passed,,,,,a749f2687dc9a5d1dd53bd69b7510636
G-10-2,core,sub-42881b3cfbe2,1,1,ok,,"[""SELECT delinquency_bucket, SUM(ead_sar_mn) AS ead FROM retail_account_month WHERE reporting_month = '2026-08' GROUP BY delinquency_bucket ORDER BY ead DESC""]",[],"{""intent"": {""query_mode"": ""DATA_ANALYSIS"", ""owner"": ""COCKPIT"", ""understood_request"": ""Show retail EAD by delinquency bucket for the latest month."", ""response_language"": ""en"", ""blocking_ambiguities"": [], ""resolved_assumptions"": [], ""canonical_mappings"": [], ""excluded_parts"": [], ""public_rationale"": ""scripted dry run""}, ""objective"": ""Show retail EAD by delinquency bucket for the latest month."", ""subquestions"": [""Show retail EAD by delinquency bucket for the latest month.""], ""scope"": {""reporting_months"": [""2026-08""], ""filters"": {}}, ""metadata_receipt_ids"": [], ""fields_required"": [], ""expected_output_grain"": ""as queried"", ""expected_units"": {}, ""steps"": [{""step_id"": ""s1"", ""language"": ""sql"", ""code"": ""SELECT delinquency_bucket, SUM(ead_sar_mn) AS ead FROM retail_account_month WHERE reporting_month = '2026-08' GROUP BY delinquency_bucket ORDER BY ead DESC"", ""parameters"": {}, ""purpose"": ""Show retail EAD by delinquency bucket for the latest month."", ""input_artifact_ids"": [], ""depends_on_step_ids"": []}], ""repair_of_submission_id"": """"}",passed,,,,,a749f2687dc9a5d1dd53bd69b7510636
CAL-A-C01,calibration,sub-1952b60eb601,1,1,ok,,"[""SELECT SUM(ead_sar_mn) AS ead FROM corp_facility_quarter WHERE reporting_quarter = '2026Q2'""]",[],"{""intent"": {""query_mode"": ""DATA_ANALYSIS"", ""owner"": ""COCKPIT"", ""understood_request"": ""What is total EAD for the corporate portfolio in the latest quarter?"", ""response_language"": ""en"", ""blocking_ambiguities"": [], ""resolved_assumptions"": [], ""canonical_mappings"": [], ""excluded_parts"": [], ""public_rationale"": ""scripted dry run""}, ""objective"": ""What is total EAD for the corporate portfolio in the latest quarter?"", ""subquestions"": [""What is total EAD for the corporate portfolio in the latest quarter?""], ""scope"": {""reporting_months"": [""2026Q2""], ""filters"": {}}, ""metadata_receipt_ids"": [], ""fields_required"": [], ""expected_output_grain"": ""as queried"", ""expected_units"": {}, ""steps"": [{""step_id"": ""s1"", ""language"": ""sql"", ""code"": ""SELECT SUM(ead_sar_mn) AS ead FROM corp_facility_quarter WHERE reporting_quarter = '2026Q2'"", ""parameters"": {}, ""purpose"": ""What is total EAD for the corporate portfolio in the latest quarter?"", ""input_artifact_ids"": [], ""depends_on_step_ids"": []}], ""repair_of_submission_id"": """"}",passed,,,,,da7199febc5df3044289f8733c513424
CAL-A-C07,calibration,sub-3f9d37dcf52b,1,1,ok,,"[""SELECT sector, SUM(CASE WHEN stage=2 THEN ead_sar_mn ELSE 0 END) AS ead_s2 FROM corp_facility_quarter WHERE reporting_quarter = '2026Q2' GROUP BY sector ORDER BY ead_s2 DESC""]",[],"{""intent"": {""query_mode"": ""DATA_ANALYSIS"", ""owner"": ""COCKPIT"", ""understood_request"": ""Show Stage 2 EAD by sector for the latest quarter."", ""response_language"": ""en"", ""blocking_ambiguities"": [], ""resolved_assumptions"": [], ""canonical_mappings"": [], ""excluded_parts"": [], ""public_rationale"": ""scripted dry run""}, ""objective"": ""Show Stage 2 EAD by sector for the latest quarter."", ""subquestions"": [""Show Stage 2 EAD by sector for the latest quarter.""], ""scope"": {""reporting_months"": [""2026Q2""], ""filters"": {}}, ""metadata_receipt_ids"": [], ""fields_required"": [], ""expected_output_grain"": ""as queried"", ""expected_units"": {}, ""steps"": [{""step_id"": ""s1"", ""language"": ""sql"", ""code"": ""SELECT sector, SUM(CASE WHEN stage=2 THEN ead_sar_mn ELSE 0 END) AS ead_s2 FROM corp_facility_quarter WHERE reporting_quarter = '2026Q2' GROUP BY sector ORDER BY ead_s2 DESC"", ""parameters"": {}, ""purpose"": ""Show Stage 2 EAD by sector for the latest quarter."", ""input_artifact_ids"": [], ""depends_on_step_ids"": []}], ""repair_of_submission_id"": """"}",passed,,,,,141b2c5ad33a6eddd4f25c006a5294ed
CAL-A-R01,calibration,sub-6b9371f97627,1,1,ok,,"[""SELECT SUM(ead_sar_mn) AS ead FROM retail_account_month WHERE reporting_month = '2026-08'""]",[],"{""intent"": {""query_mode"": ""DATA_ANALYSIS"", ""owner"": ""COCKPIT"", ""understood_request"": ""What is total retail EAD in the latest month?"", ""response_language"": ""en"", ""blocking_ambiguities"": [], ""resolved_assumptions"": [], ""canonical_mappings"": [], ""excluded_parts"": [], ""public_rationale"": ""scripted dry run""}, ""objective"": ""What is total retail EAD in the latest month?"", ""subquestions"": [""What is total retail EAD in the latest month?""], ""scope"": {""reporting_months"": [""2026-08""], ""filters"": {}}, ""metadata_receipt_ids"": [], ""fields_required"": [], ""expected_output_grain"": ""as queried"", ""expected_units"": {}, ""steps"": [{""step_id"": ""s1"", ""language"": ""sql"", ""code"": ""SELECT SUM(ead_sar_mn) AS ead FROM retail_account_month WHERE reporting_month = '2026-08'"", ""parameters"": {}, ""purpose"": ""What is total retail EAD in the latest month?"", ""input_artifact_ids"": [], ""depends_on_step_ids"": []}], ""repair_of_submission_id"": """"}",passed,,,,,78c01fd45b9b53292027a74b4b738e23
CAL-A-R05,calibration,sub-9100314a01a5,1,1,ok,,"[""SELECT product, SUM(ead_sar_mn) AS ead FROM retail_account_month WHERE reporting_month = '2026-08' GROUP BY product ORDER BY ead DESC""]",[],"{""intent"": {""query_mode"": ""DATA_ANALYSIS"", ""owner"": ""COCKPIT"", ""understood_request"": ""Show retail EAD by product for the latest month."", ""response_language"": ""en"", ""blocking_ambiguities"": [], ""resolved_assumptions"": [], ""canonical_mappings"": [], ""excluded_parts"": [], ""public_rationale"": ""scripted dry run""}, ""objective"": ""Show retail EAD by product for the latest month."", ""subquestions"": [""Show retail EAD by product for the latest month.""], ""scope"": {""reporting_months"": [""2026-08""], ""filters"": {}}, ""metadata_receipt_ids"": [], ""fields_required"": [], ""expected_output_grain"": ""as queried"", ""expected_units"": {}, ""steps"": [{""step_id"": ""s1"", ""language"": ""sql"", ""code"": ""SELECT product, SUM(ead_sar_mn) AS ead FROM retail_account_month WHERE reporting_month = '2026-08' GROUP BY product ORDER BY ead DESC"", ""parameters"": {}, ""purpose"": ""Show retail EAD by product for the latest month."", ""input_artifact_ids"": [], ""depends_on_step_ids"": []}], ""repair_of_submission_id"": """"}",passed,,,,,f581ef21bd08374511c3de508f0a6b92
CAL-B-C03-1,calibration,sub-47400ec63e96,1,1,ok,,"[""SELECT sector, SUM(CASE WHEN stage=2 THEN ead_sar_mn ELSE 0 END) AS ead_s2 FROM corp_facility_quarter WHERE reporting_quarter = '2026Q2' GROUP BY sector ORDER BY ead_s2 DESC""]",[],"{""intent"": {""query_mode"": ""DATA_ANALYSIS"", ""owner"": ""COCKPIT"", ""understood_request"": ""Where is Stage 2 sitting across sectors right now?"", ""response_language"": ""en"", ""blocking_ambiguities"": [], ""resolved_assumptions"": [], ""canonical_mappings"": [], ""excluded_parts"": [], ""public_rationale"": ""scripted dry run""}, ""objective"": ""Where is Stage 2 sitting across sectors right now?"", ""subquestions"": [""Where is Stage 2 sitting across sectors right now?""], ""scope"": {""reporting_months"": [""2026Q2""], ""filters"": {}}, ""metadata_receipt_ids"": [], ""fields_required"": [], ""expected_output_grain"": ""as queried"", ""expected_units"": {}, ""steps"": [{""step_id"": ""s1"", ""language"": ""sql"", ""code"": ""SELECT sector, SUM(CASE WHEN stage=2 THEN ead_sar_mn ELSE 0 END) AS ead_s2 FROM corp_facility_quarter WHERE reporting_quarter = '2026Q2' GROUP BY sector ORDER BY ead_s2 DESC"", ""parameters"": {}, ""purpose"": ""Where is Stage 2 sitting across sectors right now?"", ""input_artifact_ids"": [], ""depends_on_step_ids"": []}], ""repair_of_submission_id"": """"}",passed,,,,,141b2c5ad33a6eddd4f25c006a5294ed
CAL-B-R03-2,calibration,sub-769c51fd1957,1,1,ok,,"[""SELECT product, SUM(ead_sar_mn) AS ead FROM retail_account_month WHERE reporting_month = '2026-08' GROUP BY product ORDER BY ead DESC""]",[],"{""intent"": {""query_mode"": ""DATA_ANALYSIS"", ""owner"": ""COCKPIT"", ""understood_request"": ""Give me a board-ready view of how retail EAD splits across products this month."", ""response_language"": ""en"", ""blocking_ambiguities"": [], ""resolved_assumptions"": [], ""canonical_mappings"": [], ""excluded_parts"": [], ""public_rationale"": ""scripted dry run""}, ""objective"": ""Give me a board-ready view of how retail EAD splits across products this month."", ""subquestions"": [""Give me a board-ready view of how retail EAD splits across products this month.""], ""scope"": {""reporting_months"": [""2026-08""], ""filters"": {}}, ""metadata_receipt_ids"": [], ""fields_required"": [], ""expected_output_grain"": ""as queried"", ""expected_units"": {}, ""steps"": [{""step_id"": ""s1"", ""language"": ""sql"", ""code"": ""SELECT product, SUM(ead_sar_mn) AS ead FROM retail_account_month WHERE reporting_month = '2026-08' GROUP BY product ORDER BY ead DESC"", ""parameters"": {}, ""purpose"": ""Give me a board-ready view of how retail EAD splits across products this month."", ""input_artifact_ids"": [], ""depends_on_step_ids"": []}], ""repair_of_submission_id"": """"}",passed,,,,,f581ef21bd08374511c3de508f0a6b92
CAL-C-C02,calibration,sub-c75d94092518,1,1,ok,,"[""WITH c AS (WITH a AS (SELECT sector, SUM(ead_sar_mn) AS ead FROM corp_facility_quarter WHERE reporting_quarter = '2026Q2' GROUP BY sector), b AS (SELECT sector, SUM(ead_sar_mn) AS ead FROM corp_facility_quarter WHERE reporting_quarter = '2026Q1' GROUP BY sector) SELECT a.sector, a.ead AS ead_latest, b.ead AS ead_base, a.ead - b.ead AS ead_abs_change, (a.ead - b.ead) / NULLIF(b.ead, 0) AS ead_pct_change FROM a LEFT JOIN b USING (sector)) SELECT * FROM c ORDER BY ead_latest DESC NULLS LAST LIMIT 5""]",[],"{""intent"": {""query_mode"": ""DATA_ANALYSIS"", ""owner"": ""COCKPIT"", ""understood_request"": ""Take the five largest sectors by EAD in the latest quarter and compare each with the previous quarter, showing absolute and percentage change."", ""response_language"": ""en"", ""blocking_ambiguities"": [], ""resolved_assumptions"": [], ""canonical_mappings"": [], ""excluded_parts"": [], ""public_rationale"": ""scripted dry run""}, ""objective"": ""Take the five largest sectors by EAD in the latest quarter and compare each with the previous quarter, showing absolute and percentage change."", ""subquestions"": [""Take the five largest sectors by EAD in the latest quarter and compare each with the previous quarter, showing absolute and percentage change.""], ""scope"": {""reporting_months"": [""2026Q2""], ""filters"": {}}, ""metadata_receipt_ids"": [], ""fields_required"": [], ""expected_output_grain"": ""as queried"", ""expected_units"": {}, ""steps"": [{""step_id"": ""s1"", ""language"": ""sql"", ""code"": ""WITH c AS (WITH a AS (SELECT sector, SUM(ead_sar_mn) AS ead FROM corp_facility_quarter WHERE reporting_quarter = '2026Q2' GROUP BY sector), b AS (SELECT sector, SUM(ead_sar_mn) AS ead FROM corp_facility_quarter WHERE reporting_quarter = '2026Q1' GROUP BY sector) SELECT a.sector, a.ead AS ead_latest, b.ead AS ead_base, a.ead - b.ead AS ead_abs_change, (a.ead - b.ead) / NULLIF(b.ead, 0) AS ead_pct_change FROM a LEFT JOIN b USING (sector)) SELECT * FROM c ORDER BY ead_latest DESC NULLS LAST LIMIT 5"", ""parameters"": {}, ""purpose"": ""Take the five largest sectors by EAD in the latest quarter and compare each with the previous quarter, showing absolute and percentage change."", ""input_artifact_ids"": [], ""depends_on_step_ids"": []}], ""repair_of_submission_id"": """"}",passed,,,,,da376ef46f45c8e56c65bbcb9798ab5e
CAL-C-R06,calibration,sub-22917eaa4d35,1,1,ok,,"[""WITH c AS (WITH a AS (SELECT product, SUM(ecl_sar_mn) AS ecl FROM retail_account_month WHERE reporting_month = '2026-08' GROUP BY product), b AS (SELECT product, SUM(ecl_sar_mn) AS ecl FROM retail_account_month WHERE reporting_month = '2026-07' GROUP BY product) SELECT a.product, a.ecl AS ecl_latest, b.ecl AS ecl_base, a.ecl - b.ecl AS ecl_abs_change, (a.ecl - b.ecl) / NULLIF(b.ecl, 0) AS ecl_pct_change FROM a LEFT JOIN b USING (product)) SELECT *, ecl_abs_change / SUM(ecl_abs_change) OVER () AS contribution_share, SUM(ecl_abs_change) OVER () AS total_abs_change FROM c ORDER BY ABS(ecl_abs_change) DESC""]",[],"{""intent"": {""query_mode"": ""DATA_ANALYSIS"", ""owner"": ""COCKPIT"", ""understood_request"": ""Which retail products contributed most to the month-on-month change in total ECL? Rank all products by absolute contribution."", ""response_language"": ""en"", ""blocking_ambiguities"": [], ""resolved_assumptions"": [], ""canonical_mappings"": [], ""excluded_parts"": [], ""public_rationale"": ""scripted dry run""}, ""objective"": ""Which retail products contributed most to the month-on-month change in total ECL? Rank all products by absolute contribution."", ""subquestions"": [""Which retail products contributed most to the month-on-month change in total ECL? Rank all products by absolute contribution.""], ""scope"": {""reporting_months"": [""2026-08""], ""filters"": {}}, ""metadata_receipt_ids"": [], ""fields_required"": [], ""expected_output_grain"": ""as queried"", ""expected_units"": {}, ""steps"": [{""step_id"": ""s1"", ""language"": ""sql"", ""code"": ""WITH c AS (WITH a AS (SELECT product, SUM(ecl_sar_mn) AS ecl FROM retail_account_month WHERE reporting_month = '2026-08' GROUP BY product), b AS (SELECT product, SUM(ecl_sar_mn) AS ecl FROM retail_account_month WHERE reporting_month = '2026-07' GROUP BY product) SELECT a.product, a.ecl AS ecl_latest, b.ecl AS ecl_base, a.ecl - b.ecl AS ecl_abs_change, (a.ecl - b.ecl) / NULLIF(b.ecl, 0) AS ecl_pct_change FROM a LEFT JOIN b USING (product)) SELECT *, ecl_abs_change / SUM(ecl_abs_change) OVER () AS contribution_share, SUM(ecl_abs_change) OVER () AS total_abs_change FROM c ORDER BY ABS(ecl_abs_change) DESC"", ""parameters"": {}, ""purpose"": ""Which retail products contributed most to the month-on-month change in total ECL? Rank all products by absolute contribution."", ""input_artifact_ids"": [], ""depends_on_step_ids"": []}], ""repair_of_submission_id"": """"}",passed,,,,,275e396a2919f7c7231b7229c2faa782
CAL-D-TD04-1,calibration,sub-53ce6ba751b2,1,1,ok,,"[""SELECT product, SUM(ead_sar_mn) AS ead FROM retail_account_month WHERE reporting_month = '2026-08' GROUP BY product ORDER BY ead DESC""]",[],"{""intent"": {""query_mode"": ""DATA_ANALYSIS"", ""owner"": ""COCKPIT"", ""understood_request"": ""Show retail EAD by product for the latest month."", ""response_language"": ""en"", ""blocking_ambiguities"": [], ""resolved_assumptions"": [], ""canonical_mappings"": [], ""excluded_parts"": [], ""public_rationale"": ""scripted dry run""}, ""objective"": ""Show retail EAD by product for the latest month."", ""subquestions"": [""Show retail EAD by product for the latest month.""], ""scope"": {""reporting_months"": [""2026-08""], ""filters"": {}}, ""metadata_receipt_ids"": [], ""fields_required"": [], ""expected_output_grain"": ""as queried"", ""expected_units"": {}, ""steps"": [{""step_id"": ""s1"", ""language"": ""sql"", ""code"": ""SELECT product, SUM(ead_sar_mn) AS ead FROM retail_account_month WHERE reporting_month = '2026-08' GROUP BY product ORDER BY ead DESC"", ""parameters"": {}, ""purpose"": ""Show retail EAD by product for the latest month."", ""input_artifact_ids"": [], ""depends_on_step_ids"": []}], ""repair_of_submission_id"": """"}",passed,,,,,f581ef21bd08374511c3de508f0a6b92
CAL-D-TD04-2,calibration,sub-85771b01c628,1,1,ok,,"[""SELECT product, SUM(ead_sar_mn) AS ead FROM retail_account_month WHERE reporting_month = '2026-08' AND product IN ('Mortgage', 'Auto Finance') GROUP BY product ORDER BY ead DESC""]",[],"{""intent"": {""query_mode"": ""DATA_ANALYSIS"", ""owner"": ""COCKPIT"", ""understood_request"": ""Now only secured products."", ""response_language"": ""en"", ""blocking_ambiguities"": [], ""resolved_assumptions"": [], ""canonical_mappings"": [], ""excluded_parts"": [], ""public_rationale"": ""scripted dry run""}, ""objective"": ""Now only secured products."", ""subquestions"": [""Now only secured products.""], ""scope"": {""reporting_months"": [""2026-08""], ""filters"": {}}, ""metadata_receipt_ids"": [], ""fields_required"": [], ""expected_output_grain"": ""as queried"", ""expected_units"": {}, ""steps"": [{""step_id"": ""s1"", ""language"": ""sql"", ""code"": ""SELECT product, SUM(ead_sar_mn) AS ead FROM retail_account_month WHERE reporting_month = '2026-08' AND product IN ('Mortgage', 'Auto Finance') GROUP BY product ORDER BY ead DESC"", ""parameters"": {}, ""purpose"": ""Now only secured products."", ""input_artifact_ids"": [], ""depends_on_step_ids"": []}], ""repair_of_submission_id"": """"}",passed,,,,,cfa52aa779700748a1b56b7eb93bfe78
